,사고번호,사고일시,요일,시군구,사고내용,사망자수,중상자수,경상자수,부상신고자수,사고유형,법규위반,노면상태,기상상태,도로형태,가해운전자 차종,가해운전자 성별,가해운전자 연령,가해운전자 상해정도,피해운전자 차종,피해운전자 성별,피해운전자 연령,피해운전자 상해정도
230,2018011000100303,2018년 1월 10일 13시,수요일,경기도 의정부시 민락동,경상사고,0,0,1,0,차대사람 - 길가장자리구역통행중,안전운전불이행,포장 - 건조,맑음,교차로 - 교차로부근,승용,여,47세,상해없음,보행자,여,23세,경상
231,2018011000100307,2018년 1월 10일 13시,수요일,경기도 가평군 청평면,중상사고,0,1,0,0,차대사람 - 기타,안전운전불이행,포장 - 건조,맑음,단일로 - 기타,화물,남,72세,상해없음,보행자,남,60세,중상
232,2018011000100321,2018년 1월 10일 14시,수요일,경기도 부천시 중동,중상사고,0,1,0,0,차대사람 - 기타,신호위반,포장 - 건조,맑음,교차로 - 교차로안,승합,남,48세,상해없음,보행자,여,45세,중상
233,2018011000100360,2018년 1월 10일 15시,수요일,경기도 용인시 처인구 김량장동,경상사고,0,0,1,0,차대사람 - 기타,안전운전불이행,포장 - 건조,맑음,단일로 - 기타,승합,남,61세,상해없음,보행자,여,21세,경상
234,2018011000100362,2018년 1월 10일 15시,수요일,경기도 광명시 하안동,경상사고,0,0,1,0,차대사람 - 기타,안전운전불이행,포장 - 건조,맑음,단일로 - 기타,승용,남,63세,상해없음,보행자,남,23세,경상
235,2018011000100396,2018년 1월 10일 16시,수요일,경기도 수원시 장안구 정자동,경상사고,0,0,1,0,차대사람 - 기타,안전운전불이행,포장 - 건조,맑음,단일로 - 기타,이륜,남,37세,상해없음,보행자,남,51세,경상
236,2018011000100427,2018년 1월 10일 16시,수요일,경기도 포천시 소흘읍,부상신고사고,0,0,0,1,차대사람 - 횡단중,안전운전불이행,포장 - 건조,맑음,단일로 - 기타,승용,여,36세,상해없음,보행자,여,9세,부상신고
237,2018011000100441,2018년 1월 10일 17시,수요일,경기도 성남시 수정구 복정동,중상사고,0,1,0,0,차대사람 - 기타,안전운전불이행,포장 - 건조,맑음,교차로 - 교차로안,승용,남,65세,상해없음,보행자,여,48세,중상
238,2018011000100443,2018년 1월 10일 17시,수요일,경기도 안성시 아양동,중상사고,0,1,0,0,차대사람 - 횡단중,보행자보호의무위반,포장 - 젖음/습기,흐림,단일로 - 기타,화물,남,42세,상해없음,보행자,여,47세,중상
239,2018011000100449,2018년 1월 10일 17시,수요일,경기도 성남시 분당구 이매동,사망사고,1,0,0,0,차대사람 - 차도통행중,안전운전불이행,포장 - 건조,맑음,단일로 - 기타,승용,남,83세,상해없음,보행자,남,81세,사망
240,2018011000100454,2018년 1월 10일 17시,수요일,경기도 용인시 수지구 죽전동,경상사고,0,0,1,0,차대사람 - 차도통행중,안전운전불이행,포장 - 건조,맑음,단일로 - 기타,승용,남,53세,상해없음,보행자,여,21세,경상
241,2018011000100490,2018년 1월 10일 18시,수요일,경기도 안산시 상록구 사동,중상사고,0,1,0,0,차대사람 - 횡단중,안전운전불이행,포장 - 건조,맑음,단일로 - 기타,승용,여,44세,상해없음,보행자,여,55세,중상
242,2018011000100493,2018년 1월 10일 18시,수요일,경기도 의왕시 고천동,중상사고,0,1,0,0,차대사람 - 기타,안전운전불이행,포장 - 건조,맑음,단일로 - 기타,승용,남,68세,상해없음,보행자,여,47세,중상
243,2018011000100523,2018년 1월 10일 18시,수요일,경기도 양주시 마전동,경상사고,0,0,1,0,차대사람 - 횡단중,보행자보호의무위반,포장 - 건조,맑음,교차로 - 교차로횡단보도내,승용,여,39세,상해없음,보행자,남,26세,경상
244,2018011000100592,2018년 1월 10일 20시,수요일,경기도 김포시 장기동,중상사고,0,1,0,0,차대사람 - 횡단중,신호위반,포장 - 건조,맑음,교차로 - 교차로안,승용,여,64세,상해없음,보행자,남,38세,중상
245,2018011000100599,2018년 1월 10일 20시,수요일,경기도 안양시 만안구 안양동,경상사고,0,0,1,0,차대사람 - 횡단중,보행자보호의무위반,포장 - 건조,맑음,교차로 - 교차로횡단보도내,승용,남,63세,상해없음,보행자,남,42세,경상
246,2018011000100636,2018년 1월 10일 21시,수요일,경기도 성남시 수정구 신흥동,경상사고,0,0,1,0,차대사람 - 길가장자리구역통행중,안전운전불이행,포장 - 건조,맑음,기타 - 기타,원동기,남,51세,상해없음,보행자,남,41세,경상
247,2018011000100677,2018년 1월 10일 22시,수요일,경기도 오산시 오산동,중상사고,0,1,0,0,차대사람 - 횡단중,안전운전불이행,포장 - 건조,맑음,교차로 - 교차로안,승용,남,28세,상해없음,보행자,여,57세,중상
248,2018011000100680,2018년 1월 10일 22시,수요일,경기도 수원시 영통구 망포동,중상사고,0,1,0,0,차대사람 - 횡단중,신호위반,포장 - 건조,맑음,교차로 - 교차로안,승합,남,55세,상해없음,보행자,여,17세,중상
249,2018011000100684,2018년 1월 10일 22시,수요일,경기도 수원시 팔달구 매산로1가,경상사고,0,0,1,0,차대사람 - 횡단중,안전운전불이행,포장 - 건조,맑음,교차로 - 교차로횡단보도내,승용,남,23세,상해없음,보행자,남,41세,경상
250,2018011000100703,2018년 1월 10일 22시,수요일,경기도 남양주시 금곡동,경상사고,0,0,1,0,차대사람 - 횡단중,신호위반,포장 - 건조,맑음,교차로 - 교차로횡단보도내,승용,남,23세,상해없음,보행자,남,62세,경상
251,2018011000100725,2018년 1월 10일 23시,수요일,경기도 안산시 단원구 고잔동,사망사고,1,0,0,0,차대사람 - 횡단중,과속,포장 - 건조,맑음,단일로 - 기타,승용,남,34세,상해없음,보행자,남,48세,사망
252,2018011100100011,2018년 1월 11일 00시,목요일,경기도 평택시 포승읍,경상사고,0,0,1,0,차대사람 - 기타,안전운전불이행,포장 - 적설,맑음,단일로 - 기타,승용,남,46세,상해없음,보행자,여,34세,경상
253,2018011100100035,2018년 1월 11일 01시,목요일,경기도 평택시 이충동,중상사고,0,1,0,0,차대사람 - 차도통행중,기타,포장 - 젖음/습기,맑음,교차로 - 교차로안,화물,남,40세,상해없음,보행자,남,55세,중상
254,2018011100100072,2018년 1월 11일 05시,목요일,경기도 성남시 수정구 복정동,중상사고,0,1,0,0,차대사람 - 횡단중,보행자보호의무위반,포장 - 건조,맑음,교차로 - 교차로부근,승용,남,65세,상해없음,보행자,남,64세,중상
255,2018011100100074,2018년 1월 11일 05시,목요일,경기도 안산시 단원구 성곡동,중상사고,0,1,0,0,차대사람 - 횡단중,안전운전불이행,포장 - 건조,맑음,단일로 - 기타,승용,여,45세,상해없음,보행자,남,64세,중상
256,2018011100100087,2018년 1월 11일 06시,목요일,경기도 양평군 강상면,중상사고,0,1,0,0,차대사람 - 차도통행중,안전운전불이행,포장 - 건조,맑음,단일로 - 기타,승용,여,48세,상해없음,보행자,여,45세,중상
257,2018011100100088,2018년 1월 11일 06시,목요일,경기도 안산시 단원구 고잔동,중상사고,0,1,0,0,차대사람 - 횡단중,신호위반,포장 - 건조,맑음,교차로 - 교차로안,기타불명,기타불명,미분류,기타불명,보행자,남,64세,중상
258,2018011100100089,2018년 1월 11일 06시,목요일,경기도 수원시 영통구 하동,중상사고,0,1,0,0,차대사람 - 횡단중,신호위반,포장 - 건조,맑음,단일로 - 기타,승용,남,47세,상해없음,보행자,남,47세,중상
259,2018011100100106,2018년 1월 11일 07시,목요일,경기도 광주시 초월읍,중상사고,0,1,0,0,차대사람 - 횡단중,안전운전불이행,포장 - 건조,맑음,교차로 - 교차로부근,승용,남,61세,상해없음,보행자,여,51세,중상
260,2018011100100108,2018년 1월 11일 07시,목요일,경기도 안산시 단원구 선부동,중상사고,0,1,0,0,차대사람 - 횡단중,안전운전불이행,포장 - 건조,맑음,교차로 - 교차로부근,승용,여,51세,상해없음,보행자,여,58세,중상
261,2018011100100129,2018년 1월 11일 08시,목요일,경기도 안산시 상록구 사동,중상사고,0,1,0,0,차대사람 - 기타,안전운전불이행,포장 - 건조,맑음,교차로 - 교차로부근,승용,남,39세,상해없음,보행자,남,58세,중상
262,2018011100100155,2018년 1월 11일 09시,목요일,경기도 수원시 장안구 조원동,중상사고,0,1,0,0,차대사람 - 기타,교차로운행방법위반,포장 - 건조,맑음,교차로 - 교차로안,승용,여,53세,상해없음,보행자,남,87세,중상
263,2018011100100165,2018년 1월 11일 09시,목요일,경기도 하남시 덕풍동,경상사고,0,0,1,0,차대사람 - 횡단중,안전운전불이행,포장 - 건조,맑음,교차로 - 교차로안,승용,여,40세,상해없음,보행자,여,81세,경상
264,2018011100100184,2018년 1월 11일 09시,목요일,경기도 의정부시 의정부동,부상신고사고,0,0,0,1,차대사람 - 기타,교차로운행방법위반,포장 - 건조,맑음,교차로 - 교차로안,승용,남,51세,기타불명,보행자,남,22세,부상신고
265,2018011100100202,2018년 1월 11일 10시,목요일,경기도 하남시 덕풍동,경상사고,0,0,1,0,차대사람 - 보도통행중,신호위반,포장 - 건조,맑음,교차로 - 교차로횡단보도내,승합,남,55세,상해없음,보행자,남,52세,경상
266,2018011100100245,2018년 1월 11일 11시,목요일,경기도 동두천시 상봉암동,중상사고,0,1,0,0,차대사람 - 횡단중,보행자보호의무위반,포장 - 건조,맑음,단일로 - 기타,승합,남,70세,상해없음,보행자,여,61세,중상
267,2018011100100261,2018년 1월 11일 12시,목요일,경기도 광주시 곤지암읍,중상사고,0,1,0,0,차대사람 - 횡단중,신호위반,포장 - 건조,맑음,교차로 - 교차로부근,승용,남,35세,상해없음,보행자,남,47세,중상
268,2018011100100292,2018년 1월 11일 13시,목요일,경기도 수원시 장안구 율전동,중상사고,0,1,0,0,차대사람 - 기타,교차로운행방법위반,포장 - 건조,맑음,교차로 - 교차로안,승용,남,53세,상해없음,보행자,여,36세,중상
269,2018011100100321,2018년 1월 11일 14시,목요일,경기도 수원시 팔달구 화서동,중상사고,0,1,0,0,차대사람 - 기타,안전운전불이행,포장 - 건조,맑음,단일로 - 터널,승합,남,67세,상해없음,보행자,남,49세,중상
270,2018011100100323,2018년 1월 11일 14시,목요일,경기도 수원시 권선구 권선동,중상사고,0,1,0,0,차대사람 - 기타,안전운전불이행,포장 - 건조,맑음,기타 - 기타,이륜,남,37세,상해없음,보행자,여,74세,중상
271,2018011100100351,2018년 1월 11일 15시,목요일,경기도 시흥시 능곡동,중상사고,0,1,0,0,차대사람 - 횡단중,신호위반,포장 - 건조,맑음,교차로 - 교차로횡단보도내,승용,남,38세,상해없음,보행자,남,6세,중상
272,2018011100100389,2018년 1월 11일 16시,목요일,경기도 의정부시 녹양동,경상사고,0,0,1,0,차대사람 - 횡단중,보행자보호의무위반,포장 - 건조,맑음,교차로 - 교차로횡단보도내,승용,남,65세,상해없음,보행자,남,69세,경상
273,2018011100100398,2018년 1월 11일 17시,목요일,경기도 광주시 오포읍,중상사고,0,1,0,0,차대사람 - 기타,기타,포장 - 건조,맑음,단일로 - 기타,승합,남,63세,상해없음,보행자,여,85세,중상
274,2018011100100400,2018년 1월 11일 17시,목요일,경기도 김포시 통진읍,중상사고,0,1,0,0,차대사람 - 횡단중,안전운전불이행,포장 - 기타,맑음,단일로 - 기타,승용,남,28세,상해없음,보행자,여,67세,중상
275,2018011100100403,2018년 1월 11일 17시,목요일,경기도 성남시 중원구 금광동,부상신고사고,0,0,0,1,차대사람 - 기타,안전운전불이행,포장 - 건조,맑음,단일로 - 기타,원동기,여,57세,상해없음,보행자,남,2세,부상신고
276,2018011100100433,2018년 1월 11일 18시,목요일,경기도 평택시 진위면,중상사고,0,1,0,0,차대사람 - 횡단중,안전운전불이행,포장 - 건조,맑음,교차로 - 교차로안,승용,남,74세,상해없음,보행자,여,63세,중상
277,2018011100100439,2018년 1월 11일 18시,목요일,경기도 수원시 팔달구 인계동,경상사고,0,0,1,0,차대사람 - 횡단중,안전운전불이행,포장 - 건조,맑음,교차로 - 교차로안,승용,남,53세,상해없음,보행자,여,36세,경상
278,2018011100100474,2018년 1월 11일 18시,목요일,경기도 파주시 금릉동,경상사고,0,0,1,0,차대사람 - 횡단중,신호위반,포장 - 건조,맑음,단일로 - 기타,화물,남,59세,상해없음,보행자,남,24세,경상
279,2018011100100476,2018년 1월 11일 18시,목요일,경기도 동두천시 송내동,중상사고,0,1,0,0,차대사람 - 횡단중,보행자보호의무위반,포장 - 건조,맑음,교차로 - 교차로안,승용,남,53세,상해없음,보행자,여,7세,중상
280,2018011100100490,2018년 1월 11일 19시,목요일,경기도 성남시 수정구 태평동,중상사고,0,1,0,0,차대사람 - 기타,안전운전불이행,포장 - 건조,맑음,기타 - 기타,이륜,남,41세,상해없음,보행자,남,61세,중상
281,2018011100100492,2018년 1월 11일 19시,목요일,경기도 이천시 부발읍,중상사고,0,1,0,0,차대사람 - 횡단중,안전운전불이행,포장 - 건조,맑음,교차로 - 교차로안,승용,여,56세,상해없음,보행자,남,51세,중상
282,2018011100100501,2018년 1월 11일 19시,목요일,경기도 안양시 만안구 석수동,경상사고,0,0,1,0,차대사람 - 보도통행중,보행자보호의무위반,포장 - 건조,맑음,교차로 - 교차로횡단보도내,승용,남,75세,상해없음,보행자,여,26세,경상
283,2018011100100526,2018년 1월 11일 19시,목요일,경기도 의정부시 신곡동,중상사고,0,1,0,0,차대사람 - 횡단중,안전운전불이행,포장 - 건조,맑음,단일로 - 기타,승용,남,54세,상해없음,보행자,남,56세,중상
284,2018011100100539,2018년 1월 11일 20시,목요일,경기도 수원시 팔달구 고등동,경상사고,0,0,1,0,차대사람 - 기타,안전운전불이행,포장 - 건조,맑음,교차로 - 교차로안,승용,여,51세,상해없음,보행자,남,24세,경상
285,2018011100100552,2018년 1월 11일 20시,목요일,경기도 구리시 수택동,경상사고,0,0,1,0,차대사람 - 횡단중,보행자보호의무위반,포장 - 건조,맑음,교차로 - 교차로부근,승용,여,46세,상해없음,보행자,여,68세,경상
286,2018011100100565,2018년 1월 11일 21시,목요일,경기도 용인시 처인구 마평동,경상사고,0,0,1,1,차대사람 - 횡단중,보행자보호의무위반,포장 - 건조,맑음,단일로 - 기타,원동기,남,47세,부상신고,보행자,남,59세,경상
287,2018011100100591,2018년 1월 11일 22시,목요일,경기도 안산시 단원구 화정동,중상사고,0,1,0,0,차대사람 - 횡단중,보행자보호의무위반,포장 - 건조,맑음,교차로 - 교차로안,승용,남,50세,상해없음,보행자,남,63세,중상
288,2018011100100597,2018년 1월 11일 22시,목요일,경기도 안산시 상록구 팔곡일동,사망사고,1,0,0,0,차대사람 - 기타,안전운전불이행,포장 - 건조,맑음,단일로 - 기타,화물,남,48세,상해없음,보행자,남,61세,사망
289,2018011100100615,2018년 1월 11일 22시,목요일,경기도 양주시 광적면,경상사고,0,0,1,0,차대사람 - 차도통행중,안전운전불이행,포장 - 건조,맑음,교차로 - 교차로안,승용,남,43세,상해없음,보행자,남,42세,경상
290,2018011200100013,2018년 1월 12일 00시,금요일,경기도 군포시 금정동,경상사고,0,0,1,0,차대사람 - 기타,안전운전불이행,포장 - 건조,맑음,교차로 - 교차로안,승용,남,24세,상해없음,보행자,남,38세,경상
291,2018011200100032,2018년 1월 12일 01시,금요일,경기도 성남시 분당구 수내동,경상사고,0,0,1,0,차대사람 - 기타,안전운전불이행,포장 - 건조,맑음,단일로 - 기타,승용,남,53세,상해없음,보행자,남,28세,경상
292,2018011200100033,2018년 1월 12일 01시,금요일,경기도 안산시 상록구 본오동,경상사고,0,0,1,0,차대사람 - 기타,안전운전불이행,포장 - 건조,맑음,기타 - 기타,승용,남,46세,상해없음,보행자,남,49세,경상
293,2018011200100085,2018년 1월 12일 06시,금요일,경기도 평택시 소사동,경상사고,0,0,1,0,차대사람 - 횡단중,신호위반,포장 - 젖음/습기,맑음,교차로 - 교차로안,승용,남,53세,상해없음,보행자,남,74세,경상
294,2018011200100089,2018년 1월 12일 06시,금요일,경기도 시흥시 거모동,경상사고,0,0,1,0,차대사람 - 기타,안전운전불이행,포장 - 건조,맑음,교차로 - 교차로안,승용,남,64세,상해없음,보행자,남,48세,경상
295,2018011200100115,2018년 1월 12일 07시,금요일,경기도 하남시 천현동,중상사고,0,1,0,0,차대사람 - 횡단중,신호위반,포장 - 건조,맑음,단일로 - 기타,화물,남,55세,상해없음,보행자,남,47세,중상
296,2018011200100195,2018년 1월 12일 09시,금요일,경기도 부천시 내동,중상사고,0,1,0,0,차대사람 - 횡단중,안전운전불이행,포장 - 건조,맑음,교차로 - 교차로안,화물,남,46세,상해없음,보행자,남,73세,중상
297,2018011200100213,2018년 1월 12일 09시,금요일,경기도 구리시 인창동,중상사고,0,1,0,0,차대사람 - 길가장자리구역통행중,안전운전불이행,포장 - 건조,맑음,단일로 - 기타,승용,남,61세,상해없음,보행자,남,65세,중상
298,2018011200100230,2018년 1월 12일 10시,금요일,경기도 성남시 분당구 분당동,중상사고,0,1,0,0,차대사람 - 횡단중,신호위반,포장 - 건조,맑음,단일로 - 기타,승용,남,73세,상해없음,보행자,여,73세,중상
299,2018011200100231,2018년 1월 12일 10시,금요일,경기도 수원시 팔달구 고등동,중상사고,0,1,0,0,차대사람 - 기타,안전운전불이행,포장 - 건조,맑음,단일로 - 기타,승합,남,60세,상해없음,보행자,여,4세,중상
300,2018011200100245,2018년 1월 12일 10시,금요일,경기도 남양주시 진건읍,중상사고,0,1,0,0,차대사람 - 기타,안전운전불이행,비포장 - 기타,맑음,단일로 - 기타,승용,남,64세,상해없음,보행자,남,53세,중상
301,2018011200100331,2018년 1월 12일 13시,금요일,경기도 부천시 심곡동,중상사고,0,1,0,0,차대사람 - 차도통행중,안전운전불이행,포장 - 건조,맑음,단일로 - 기타,화물,남,48세,상해없음,보행자,남,67세,중상
302,2018011200100385,2018년 1월 12일 15시,금요일,경기도 오산시 금암동,경상사고,0,0,1,0,차대사람 - 횡단중,안전운전불이행,포장 - 건조,맑음,교차로 - 교차로안,화물,남,37세,상해없음,보행자,여,10세,경상
303,2018011200100386,2018년 1월 12일 15시,금요일,경기도 부천시 중동,중상사고,0,1,0,0,차대사람 - 기타,보행자보호의무위반,포장 - 건조,맑음,교차로 - 교차로안,승합,남,59세,상해없음,보행자,여,65세,중상
304,2018011200100388,2018년 1월 12일 15시,금요일,경기도 군포시 산본동,중상사고,0,1,0,1,차대사람 - 횡단중,안전운전불이행,포장 - 건조,맑음,단일로 - 기타,이륜,남,57세,부상신고,보행자,여,77세,중상
305,2018011200100415,2018년 1월 12일 15시,금요일,경기도 파주시 금촌동,중상사고,0,1,0,0,차대사람 - 차도통행중,안전운전불이행,포장 - 건조,맑음,주차장 - 주차장,승용,남,81세,상해없음,보행자,여,82세,중상
306,2018011200100429,2018년 1월 12일 16시,금요일,경기도 수원시 장안구 송죽동,경상사고,0,0,1,0,차대사람 - 횡단중,신호위반,포장 - 건조,맑음,교차로 - 교차로횡단보도내,기타불명,기타불명,미분류,기타불명,보행자,남,21세,경상
307,2018011200100433,2018년 1월 12일 16시,금요일,경기도 성남시 중원구 상대원동,경상사고,0,0,1,0,차대사람 - 길가장자리구역통행중,기타,포장 - 젖음/습기,맑음,단일로 - 기타,승합,남,47세,상해없음,보행자,남,74세,상해없음
308,2018011200100467,2018년 1월 12일 17시,금요일,경기도 성남시 수정구 신흥동,경상사고,0,0,1,0,차대사람 - 기타,안전운전불이행,포장 - 건조,맑음,단일로 - 기타,승합,남,59세,기타불명,보행자,남,24세,경상
309,2018011200100472,2018년 1월 12일 17시,금요일,경기도 하남시 풍산동,경상사고,0,0,1,0,차대사람 - 횡단중,신호위반,포장 - 건조,맑음,교차로 - 교차로안,승용,여,62세,상해없음,보행자,남,32세,경상
310,2018011200100510,2018년 1월 12일 18시,금요일,경기도 안산시 단원구 선부동,중상사고,0,1,0,0,차대사람 - 횡단중,안전운전불이행,포장 - 건조,맑음,단일로 - 기타,승용,남,41세,상해없음,보행자,남,47세,중상
311,2018011200100579,2018년 1월 12일 19시,금요일,경기도 군포시 당동,경상사고,0,0,1,0,차대사람 - 기타,안전운전불이행,포장 - 건조,맑음,단일로 - 기타,승용,남,52세,상해없음,보행자,남,46세,경상
312,2018011200100583,2018년 1월 12일 19시,금요일,경기도 용인시 기흥구 마북동,경상사고,0,0,1,0,차대사람 - 보도통행중,신호위반,포장 - 건조,맑음,단일로 - 기타,승용,여,53세,상해없음,보행자,여,24세,경상
313,2018011200100613,2018년 1월 12일 20시,금요일,경기도 수원시 장안구 송죽동,경상사고,0,0,1,0,차대사람 - 횡단중,보행자보호의무위반,포장 - 건조,맑음,교차로 - 교차로횡단보도내,화물,남,51세,상해없음,보행자,여,22세,경상
314,2018011200100614,2018년 1월 12일 20시,금요일,경기도 평택시 평택동,경상사고,0,0,1,0,차대사람 - 기타,안전운전불이행,포장 - 건조,맑음,단일로 - 기타,승용,남,65세,상해없음,보행자,남,54세,경상
315,2018011200100624,2018년 1월 12일 20시,금요일,경기도 용인시 수지구 동천동,중상사고,0,1,0,0,차대사람 - 횡단중,신호위반,포장 - 건조,맑음,교차로 - 교차로안,승용,여,56세,상해없음,보행자,남,45세,중상
316,2018011200100645,2018년 1월 12일 21시,금요일,경기도 평택시 평택동,경상사고,0,0,1,0,차대사람 - 기타,안전운전불이행,포장 - 건조,맑음,교차로 - 교차로부근,승용,남,24세,상해없음,보행자,남,29세,경상
317,2018011200100669,2018년 1월 12일 21시,금요일,경기도 고양시 일산동구 백석동,중상사고,0,1,2,0,차대사람 - 횡단중,보행자보호의무위반,포장 - 건조,맑음,교차로 - 교차로횡단보도내,승용,남,50세,상해없음,보행자,여,49세,경상
318,2018011300100013,2018년 1월 13일 00시,토요일,경기도 수원시 장안구 영화동,경상사고,0,0,1,0,차대사람 - 횡단중,보행자보호의무위반,포장 - 건조,맑음,단일로 - 기타,화물,남,61세,상해없음,보행자,여,19세,경상
319,2018011300100019,2018년 1월 13일 00시,토요일,경기도 안산시 단원구 선부동,경상사고,0,0,1,0,차대사람 - 차도통행중,안전거리미확보,포장 - 젖음/습기,흐림,교차로 - 교차로부근,승용,여,50세,상해없음,보행자,여,21세,경상
320,2018011300100024,2018년 1월 13일 00시,토요일,경기도 의왕시 오전동,경상사고,0,0,2,0,차대사람 - 기타,안전운전불이행,포장 - 건조,맑음,단일로 - 기타,승용,남,50세,상해없음,보행자,남,64세,경상
321,2018011300100046,2018년 1월 13일 01시,토요일,경기도 평택시 서정동,중상사고,0,1,0,0,차대사람 - 기타,교차로운행방법위반,포장 - 서리/결빙,눈,교차로 - 교차로부근,승용,남,45세,상해없음,보행자,여,54세,중상
322,2018011300100048,2018년 1월 13일 01시,토요일,경기도 용인시 처인구 김량장동,경상사고,0,0,1,0,차대사람 - 기타,안전운전불이행,포장 - 건조,맑음,단일로 - 기타,승용,남,26세,상해없음,보행자,남,50세,경상
323,2018011300100090,2018년 1월 13일 03시,토요일,경기도 군포시 산본동,부상신고사고,0,0,0,1,차대사람 - 기타,안전운전불이행,포장 - 건조,맑음,단일로 - 기타,승용,남,35세,상해없음,보행자,남,45세,부상신고
324,2018011300100114,2018년 1월 13일 05시,토요일,경기도 수원시 팔달구 인계동,부상신고사고,0,0,0,1,차대사람 - 차도통행중,안전운전불이행,포장 - 젖음/습기,눈,단일로 - 기타,기타불명,기타불명,미분류,기타불명,보행자,여,23세,부상신고
325,2018011300100157,2018년 1월 13일 09시,토요일,경기도 부천시 괴안동,경상사고,0,0,1,0,차대사람 - 기타,안전운전불이행,포장 - 건조,맑음,단일로 - 기타,승용,남,38세,기타불명,보행자,여,70세,경상
326,2018011300100201,2018년 1월 13일 11시,토요일,경기도 이천시 장호원읍,중상사고,0,1,0,0,차대사람 - 차도통행중,안전운전불이행,포장 - 젖음/습기,맑음,기타 - 기타,화물,남,22세,상해없음,보행자,남,14세,중상
327,2018011300100246,2018년 1월 13일 12시,토요일,경기도 파주시 와동,경상사고,0,0,1,0,차대사람 - 기타,기타,포장 - 건조,맑음,단일로 - 기타,화물,남,18세,상해없음,보행자,남,49세,경상
328,2018011300100257,2018년 1월 13일 13시,토요일,경기도 수원시 권선구 권선동,경상사고,0,0,1,1,차대사람 - 횡단중,보행자보호의무위반,포장 - 건조,맑음,교차로 - 교차로횡단보도내,승용,여,42세,상해없음,보행자,여,64세,경상
329,2018011300100286,2018년 1월 13일 14시,토요일,경기도 안양시 동안구 관양동,경상사고,0,0,1,0,차대사람 - 차도통행중,안전운전불이행,포장 - 젖음/습기,맑음,교차로 - 교차로안,승용,남,59세,상해없음,보행자,남,85세,경상
330,2018011300100302,2018년 1월 13일 14시,토요일,경기도 남양주시 화도읍,경상사고,0,0,1,0,차대사람 - 보도통행중,안전운전불이행,포장 - 건조,맑음,단일로 - 기타,화물,남,35세,상해없음,보행자,남,41세,경상
331,2018011300100306,2018년 1월 13일 15시,토요일,경기도 양평군 양평읍,중상사고,0,1,0,0,차대사람 - 횡단중,안전운전불이행,포장 - 건조,맑음,교차로 - 교차로부근,승용,여,36세,상해없음,보행자,여,62세,중상
332,2018011300100330,2018년 1월 13일 16시,토요일,경기도 의왕시 이동,경상사고,0,0,1,0,차대사람 - 횡단중,안전운전불이행,포장 - 건조,맑음,단일로 - 기타,기타불명,기타불명,미분류,기타불명,보행자,남,56세,경상
333,2018011300100353,2018년 1월 13일 17시,토요일,경기도 수원시 영통구 매탄동,경상사고,0,0,1,0,차대사람 - 기타,안전운전불이행,포장 - 건조,맑음,교차로 - 교차로부근,승용,남,37세,상해없음,보행자,여,15세,경상
334,2018011300100395,2018년 1월 13일 18시,토요일,경기도 안양시 만안구 석수동,중상사고,0,1,0,0,차대사람 - 보도통행중,신호위반,포장 - 건조,맑음,단일로 - 기타,승용,남,60세,상해없음,보행자,남,51세,중상
335,2018011300100434,2018년 1월 13일 19시,토요일,경기도 안산시 단원구 선부동,경상사고,0,0,1,0,차대사람 - 기타,안전운전불이행,포장 - 건조,맑음,단일로 - 기타,승용,남,18세,상해없음,보행자,남,61세,경상
336,2018011300100471,2018년 1월 13일 20시,토요일,경기도 화성시 남양읍,경상사고,0,0,1,0,차대사람 - 횡단중,안전운전불이행,포장 - 건조,맑음,교차로 - 교차로부근,승합,남,61세,상해없음,보행자,여,75세,경상
337,2018011300100496,2018년 1월 13일 20시,토요일,경기도 고양시 일산동구 장항동,중상사고,0,1,0,0,차대사람 - 횡단중,신호위반,포장 - 건조,맑음,교차로 - 교차로횡단보도내,승용,여,57세,상해없음,보행자,여,17세,중상
338,2018011300100505,2018년 1월 13일 21시,토요일,경기도 군포시 금정동,경상사고,0,0,1,0,차대사람 - 기타,안전운전불이행,포장 - 건조,맑음,단일로 - 기타,승용,남,28세,상해없음,보행자,남,31세,경상
339,2018011300100506,2018년 1월 13일 21시,토요일,경기도 화성시 향남읍,중상사고,0,1,1,0,차대사람 - 기타,안전운전불이행,포장 - 젖음/습기,맑음,교차로 - 교차로안,화물,남,42세,상해없음,보행자,남,32세,경상
340,2018011300100529,2018년 1월 13일 22시,토요일,경기도 수원시 팔달구 인계동,경상사고,0,0,1,0,차대사람 - 기타,안전운전불이행,포장 - 건조,맑음,교차로 - 교차로안,승용,남,36세,상해없음,보행자,남,61세,경상
341,2018011300100531,2018년 1월 13일 22시,토요일,경기도 화성시 향남읍,경상사고,0,0,1,0,차대사람 - 기타,안전운전불이행,포장 - 건조,기타,기타 - 기타,승용,남,31세,상해없음,보행자,남,42세,상해없음
342,2018011300100543,2018년 1월 13일 22시,토요일,경기도 양주시 백석읍,경상사고,0,0,1,0,차대사람 - 기타,기타,포장 - 건조,맑음,단일로 - 기타,승합,남,46세,상해없음,보행자,여,62세,경상
343,2018011300100549,2018년 1월 13일 23시,토요일,경기도 용인시 기흥구 구갈동,중상사고,0,1,0,0,차대사람 - 기타,신호위반,포장 - 건조,맑음,교차로 - 교차로횡단보도내,승용,남,41세,상해없음,보행자,남,53세,중상