,사고번호,사고일시,요일,시군구,사고내용,사망자수,중상자수,경상자수,부상신고자수,사고유형,법규위반,노면상태,기상상태,도로형태,가해운전자 차종,가해운전자 성별,가해운전자 연령,가해운전자 상해정도,피해운전자 차종,피해운전자 성별,피해운전자 연령,피해운전자 상해정도
344,2018011300100550,2018년 1월 13일 23시,토요일,경기도 용인시 기흥구 신갈동,중상사고,0,1,0,0,차대사람 - 횡단중,안전운전불이행,포장 - 건조,맑음,교차로 - 교차로횡단보도내,승용,남,45세,상해없음,보행자,남,60세,중상
345,2018011400100009,2018년 1월 14일 00시,일요일,경기도 시흥시 물왕동,경상사고,0,0,1,0,차대사람 - 기타,안전운전불이행,포장 - 건조,맑음,단일로 - 기타,승용,남,63세,상해없음,보행자,남,38세,경상
346,2018011400100030,2018년 1월 14일 01시,일요일,경기도 평택시 서정동,경상사고,0,0,1,0,차대사람 - 기타,안전운전불이행,포장 - 건조,맑음,교차로 - 교차로부근,화물,남,49세,상해없음,보행자,남,34세,경상
347,2018011400100069,2018년 1월 14일 03시,일요일,경기도 시흥시 정왕동,경상사고,0,0,2,0,차대사람 - 기타,안전운전불이행,포장 - 건조,맑음,단일로 - 기타,승용,남,32세,상해없음,보행자,남,31세,경상
348,2018011400100078,2018년 1월 14일 04시,일요일,경기도 김포시 사우동,중상사고,0,1,0,0,차대사람 - 기타,안전운전불이행,포장 - 건조,맑음,단일로 - 기타,기타불명,기타불명,미분류,기타불명,보행자,남,39세,중상
349,2018011400100079,2018년 1월 14일 04시,일요일,경기도 성남시 분당구 이매동,중상사고,0,1,0,0,차대사람 - 횡단중,안전운전불이행,포장 - 건조,맑음,단일로 - 기타,승용,남,71세,상해없음,보행자,남,20세,중상
350,2018011400100109,2018년 1월 14일 07시,일요일,경기도 오산시 궐동,경상사고,0,0,1,0,차대사람 - 횡단중,보행자보호의무위반,포장 - 서리/결빙,맑음,교차로 - 교차로횡단보도내,승용,여,26세,상해없음,보행자,여,29세,경상
351,2018011400100128,2018년 1월 14일 09시,일요일,경기도 부천시 괴안동,중상사고,0,1,0,0,차대사람 - 기타,안전운전불이행,포장 - 건조,맑음,단일로 - 기타,승용,남,61세,상해없음,보행자,여,39세,중상
352,2018011400100130,2018년 1월 14일 09시,일요일,경기도 광명시 광명동,경상사고,0,0,1,0,차대사람 - 길가장자리구역통행중,안전운전불이행,포장 - 건조,맑음,단일로 - 기타,승용,여,59세,상해없음,보행자,여,71세,경상
353,2018011400100142,2018년 1월 14일 10시,일요일,경기도 수원시 장안구 천천동,경상사고,0,0,1,0,차대사람 - 횡단중,신호위반,포장 - 건조,맑음,교차로 - 교차로부근,기타불명,기타불명,미분류,기타불명,보행자,남,24세,경상
354,2018011400100153,2018년 1월 14일 10시,일요일,경기도 구리시 교문동,경상사고,0,0,1,0,차대사람 - 횡단중,보행자보호의무위반,포장 - 젖음/습기,맑음,교차로 - 교차로횡단보도내,이륜,남,37세,상해없음,보행자,여,68세,경상
355,2018011400100157,2018년 1월 14일 11시,일요일,경기도 성남시 중원구 은행동,경상사고,0,0,1,0,차대사람 - 기타,안전운전불이행,포장 - 건조,맑음,단일로 - 기타,승용,남,27세,상해없음,보행자,여,39세,경상
356,2018011400100174,2018년 1월 14일 12시,일요일,경기도 안양시 동안구 관양동,경상사고,0,0,1,0,차대사람 - 기타,안전운전불이행,포장 - 건조,맑음,단일로 - 기타,승용,여,24세,상해없음,보행자,남,44세,경상
357,2018011400100200,2018년 1월 14일 13시,일요일,경기도 안산시 단원구 원곡동,중상사고,0,2,0,0,차대사람 - 기타,기타,포장 - 건조,맑음,기타 - 기타,승용,남,51세,상해없음,보행자,여,28세,중상
358,2018011400100241,2018년 1월 14일 15시,일요일,경기도 이천시 장호원읍,경상사고,0,0,1,0,차대사람 - 차도통행중,안전운전불이행,포장 - 건조,맑음,단일로 - 기타,이륜,남,55세,상해없음,보행자,남,3세,경상
359,2018011400100256,2018년 1월 14일 15시,일요일,경기도 남양주시 오남읍,중상사고,0,1,0,0,차대사람 - 차도통행중,보행자보호의무위반,포장 - 건조,맑음,기타 - 기타,승용,남,40세,상해없음,보행자,남,58세,중상
360,2018011400100303,2018년 1월 14일 17시,일요일,경기도 남양주시 화도읍,중상사고,0,1,0,0,차대사람 - 횡단중,보행자보호의무위반,포장 - 건조,맑음,교차로 - 교차로횡단보도내,승용,남,57세,상해없음,보행자,여,25세,중상
361,2018011400100304,2018년 1월 14일 17시,일요일,경기도 남양주시 화도읍,중상사고,0,2,0,0,차대사람 - 차도통행중,보행자보호의무위반,포장 - 건조,맑음,교차로 - 교차로횡단보도내,승용,남,80세,상해없음,보행자,여,37세,중상
362,2018011400100305,2018년 1월 14일 17시,일요일,경기도 파주시 법원읍,중상사고,0,1,0,0,차대사람 - 기타,안전운전불이행,포장 - 건조,맑음,단일로 - 기타,승용,남,33세,상해없음,보행자,남,9세,중상
363,2018011400100315,2018년 1월 14일 18시,일요일,경기도 부천시 심곡동,중상사고,0,1,0,0,차대사람 - 차도통행중,안전운전불이행,포장 - 건조,맑음,교차로 - 교차로안,승용,남,41세,상해없음,보행자,여,35세,중상
364,2018011400100316,2018년 1월 14일 18시,일요일,경기도 과천시 별양동,중상사고,0,1,0,0,차대사람 - 보도통행중,안전운전불이행,포장 - 건조,맑음,기타 - 기타,승용,남,34세,상해없음,보행자,남,65세,중상
365,2018011400100319,2018년 1월 14일 18시,일요일,경기도 안산시 상록구 팔곡이동,경상사고,0,0,1,0,차대사람 - 횡단중,안전운전불이행,포장 - 건조,맑음,단일로 - 기타,승용,남,68세,상해없음,보행자,남,57세,경상
366,2018011400100370,2018년 1월 14일 19시,일요일,경기도 의정부시 의정부동,중상사고,0,1,0,0,차대사람 - 횡단중,보행자보호의무위반,포장 - 건조,맑음,단일로 - 기타,승용,여,57세,상해없음,보행자,여,61세,중상
367,2018011400100371,2018년 1월 14일 19시,일요일,경기도 의정부시 호원동,경상사고,0,0,1,0,차대사람 - 보도통행중,기타,포장 - 건조,맑음,단일로 - 기타,승용,남,84세,상해없음,보행자,남,55세,경상
368,2018011400100372,2018년 1월 14일 19시,일요일,경기도 남양주시 도농동,중상사고,0,1,0,0,차대사람 - 차도통행중,안전운전불이행,포장 - 건조,맑음,교차로 - 교차로안,승용,남,37세,상해없음,보행자,여,66세,중상
369,2018011400100444,2018년 1월 14일 22시,일요일,경기도 안양시 만안구 안양동,부상신고사고,0,0,0,1,차대사람 - 횡단중,안전운전불이행,포장 - 건조,맑음,교차로 - 교차로안,승용,남,26세,상해없음,보행자,남,53세,부상신고
370,2018011500100033,2018년 1월 15일 02시,월요일,경기도 남양주시 화도읍,경상사고,0,0,1,0,차대사람 - 기타,안전운전불이행,포장 - 건조,맑음,단일로 - 기타,기타불명,기타불명,미분류,기타불명,보행자,남,34세,경상
371,2018011500100049,2018년 1월 15일 05시,월요일,경기도 평택시 장당동,경상사고,0,0,1,0,차대사람 - 횡단중,안전운전불이행,포장 - 젖음/습기,흐림,교차로 - 교차로부근,승용,남,56세,상해없음,보행자,남,47세,경상
372,2018011500100094,2018년 1월 15일 07시,월요일,경기도 용인시 처인구 모현읍,중상사고,0,1,0,0,차대사람 - 기타,안전운전불이행,포장 - 건조,맑음,단일로 - 기타,승용,여,46세,상해없음,보행자,남,70세,중상
373,2018011500100095,2018년 1월 15일 07시,월요일,경기도 수원시 팔달구 인계동,경상사고,0,0,1,0,차대사람 - 횡단중,보행자보호의무위반,포장 - 건조,맑음,교차로 - 교차로횡단보도내,승용,남,30세,상해없음,보행자,남,19세,경상
374,2018011500100097,2018년 1월 15일 07시,월요일,경기도 성남시 중원구 상대원동,중상사고,0,1,0,0,차대사람 - 기타,보행자보호의무위반,포장 - 건조,맑음,교차로 - 교차로횡단보도내,화물,여,53세,상해없음,보행자,여,68세,중상
375,2018011500100101,2018년 1월 15일 07시,월요일,경기도 용인시 수지구 상현동,중상사고,0,1,0,0,차대사람 - 기타,안전운전불이행,포장 - 건조,맑음,기타 - 기타,승용,남,66세,상해없음,보행자,남,77세,중상
376,2018011500100119,2018년 1월 15일 07시,월요일,경기도 고양시 덕양구 행신동,중상사고,0,1,0,0,차대사람 - 횡단중,신호위반,포장 - 건조,맑음,교차로 - 교차로안,승용,남,37세,상해없음,보행자,여,18세,중상
377,2018011500100171,2018년 1월 15일 09시,월요일,경기도 부천시 원미동,중상사고,0,1,0,0,차대사람 - 기타,신호위반,포장 - 건조,맑음,교차로 - 교차로안,승용,여,56세,상해없음,보행자,남,77세,중상
378,2018011500100193,2018년 1월 15일 10시,월요일,경기도 수원시 장안구 연무동,경상사고,0,0,1,0,차대사람 - 기타,안전운전불이행,포장 - 건조,맑음,단일로 - 기타,승용,남,78세,상해없음,보행자,남,51세,경상
379,2018011500100194,2018년 1월 15일 10시,월요일,경기도 수원시 팔달구 지동,중상사고,0,1,0,0,차대사람 - 기타,보행자보호의무위반,포장 - 건조,맑음,교차로 - 교차로안,화물,남,35세,상해없음,보행자,여,85세,중상
380,2018011500100197,2018년 1월 15일 10시,월요일,경기도 성남시 중원구 은행동,중상사고,0,1,0,0,차대사람 - 기타,안전운전불이행,포장 - 건조,맑음,교차로 - 교차로부근,화물,남,56세,상해없음,보행자,여,85세,중상
381,2018011500100234,2018년 1월 15일 11시,월요일,경기도 성남시 분당구 금곡동,경상사고,0,0,1,0,차대사람 - 보도통행중,보행자보호의무위반,포장 - 건조,맑음,교차로 - 교차로횡단보도내,승용,여,55세,상해없음,보행자,여,71세,경상
382,2018011500100257,2018년 1월 15일 11시,월요일,경기도 고양시 일산서구 탄현동,경상사고,0,0,1,0,차대사람 - 횡단중,신호위반,포장 - 건조,맑음,교차로 - 교차로횡단보도내,승용,여,58세,상해없음,보행자,여,10세,경상
383,2018011500100306,2018년 1월 15일 13시,월요일,경기도 화성시 남양읍,중상사고,0,2,0,0,차대사람 - 기타,안전운전불이행,포장 - 건조,맑음,기타 - 기타,승용,여,48세,상해없음,보행자,여,68세,중상
384,2018011500100307,2018년 1월 15일 13시,월요일,경기도 하남시 신장동,중상사고,0,1,0,0,차대사람 - 기타,안전운전불이행,포장 - 건조,맑음,교차로 - 교차로부근,승합,남,32세,상해없음,보행자,여,84세,중상
385,2018011500100359,2018년 1월 15일 14시,월요일,경기도 남양주시 화도읍,경상사고,0,0,1,0,차대사람 - 횡단중,안전운전불이행,포장 - 건조,맑음,단일로 - 기타,승용,여,60세,상해없음,보행자,여,67세,경상
386,2018011500100397,2018년 1월 15일 16시,월요일,경기도 광명시 철산동,중상사고,0,1,0,0,차대사람 - 길가장자리구역통행중,안전운전불이행,포장 - 건조,맑음,단일로 - 기타,승용,남,36세,상해없음,보행자,여,82세,중상
387,2018011500100431,2018년 1월 15일 17시,월요일,경기도 안성시 석정동,중상사고,0,1,0,0,차대사람 - 기타,안전운전불이행,포장 - 건조,맑음,교차로 - 교차로안,승용,여,46세,상해없음,보행자,여,27세,중상
388,2018011500100439,2018년 1월 15일 17시,월요일,경기도 시흥시 하상동,중상사고,0,1,0,0,차대사람 - 차도통행중,안전운전불이행,포장 - 건조,맑음,단일로 - 기타,승용,남,66세,상해없음,보행자,여,39세,중상
389,2018011500100481,2018년 1월 15일 18시,월요일,경기도 성남시 수정구 수진동,경상사고,0,0,1,0,차대사람 - 기타,안전운전불이행,포장 - 건조,맑음,교차로 - 교차로안,승용,남,66세,상해없음,보행자,남,58세,경상
390,2018011500100484,2018년 1월 15일 18시,월요일,경기도 안성시 서인동,경상사고,0,0,1,0,차대사람 - 횡단중,안전운전불이행,포장 - 건조,맑음,단일로 - 기타,승용,여,30세,상해없음,보행자,남,42세,경상
391,2018011500100487,2018년 1월 15일 18시,월요일,경기도 수원시 권선구 권선동,경상사고,0,0,1,0,차대사람 - 횡단중,교차로운행방법위반,포장 - 건조,맑음,교차로 - 교차로안,승용,남,47세,상해없음,보행자,여,40세,경상
392,2018011500100488,2018년 1월 15일 18시,월요일,경기도 성남시 중원구 금광동,중상사고,0,1,0,0,차대사람 - 횡단중,안전운전불이행,포장 - 건조,맑음,단일로 - 기타,이륜,남,49세,상해없음,보행자,남,89세,중상
393,2018011500100490,2018년 1월 15일 18시,월요일,경기도 화성시 봉담읍,중상사고,0,1,0,0,차대사람 - 기타,안전운전불이행,포장 - 건조,맑음,단일로 - 기타,승용,남,23세,상해없음,보행자,남,39세,중상
394,2018011500100537,2018년 1월 15일 19시,월요일,경기도 성남시 분당구 수내동,중상사고,0,1,0,0,차대사람 - 기타,신호위반,포장 - 건조,맑음,교차로 - 교차로안,승용,여,56세,상해없음,보행자,남,62세,중상
395,2018011500100553,2018년 1월 15일 19시,월요일,경기도 고양시 덕양구 원당동,중상사고,0,1,2,0,차대사람 - 차도통행중,안전운전불이행,포장 - 건조,맑음,단일로 - 기타,승용,여,39세,상해없음,보행자,여,47세,중상
396,2018011500100554,2018년 1월 15일 19시,월요일,경기도 고양시 일산동구 장항동,경상사고,0,0,1,0,차대사람 - 횡단중,보행자보호의무위반,포장 - 건조,맑음,단일로 - 기타,승용,남,52세,상해없음,보행자,남,12세,경상
397,2018011500100570,2018년 1월 15일 20시,월요일,경기도 여주시 교동,경상사고,0,0,1,0,차대사람 - 기타,안전운전불이행,포장 - 건조,맑음,교차로 - 교차로부근,승용,남,56세,상해없음,보행자,여,60세,경상
398,2018011500100572,2018년 1월 15일 20시,월요일,경기도 화성시 진안동,경상사고,0,0,1,0,차대사람 - 기타,보행자보호의무위반,포장 - 건조,맑음,교차로 - 교차로횡단보도내,승합,남,34세,상해없음,보행자,남,40세,경상
399,2018011500100575,2018년 1월 15일 20시,월요일,경기도 부천시 상동,경상사고,0,0,1,0,차대사람 - 기타,안전운전불이행,포장 - 건조,맑음,단일로 - 기타,승용,여,27세,상해없음,보행자,여,50세,경상
400,2018011500100577,2018년 1월 15일 20시,월요일,경기도 의왕시 내손동,중상사고,0,1,0,0,차대사람 - 횡단중,안전운전불이행,포장 - 건조,맑음,단일로 - 기타,승용,남,43세,상해없음,보행자,남,53세,중상
401,2018011500100594,2018년 1월 15일 20시,월요일,경기도 남양주시 화도읍,중상사고,0,1,0,0,차대사람 - 횡단중,보행자보호의무위반,포장 - 건조,맑음,교차로 - 교차로횡단보도내,화물,남,40세,상해없음,보행자,남,74세,중상
402,2018011500100595,2018년 1월 15일 20시,월요일,경기도 남양주시 진접읍,중상사고,0,1,0,0,차대사람 - 보도통행중,신호위반,포장 - 건조,맑음,교차로 - 교차로횡단보도내,승용,남,61세,상해없음,보행자,남,14세,중상
403,2018011500100601,2018년 1월 15일 21시,월요일,경기도 평택시 지산동,경상사고,0,0,1,0,차대사람 - 기타,안전운전불이행,포장 - 건조,맑음,단일로 - 기타,기타불명,기타불명,미분류,기타불명,보행자,남,42세,경상
404,2018011500100607,2018년 1월 15일 21시,월요일,경기도 성남시 중원구 하대원동,중상사고,0,1,0,0,차대사람 - 횡단중,안전운전불이행,포장 - 건조,맑음,단일로 - 기타,승용,여,60세,상해없음,보행자,여,71세,중상
405,2018011500100656,2018년 1월 15일 23시,월요일,경기도 고양시 덕양구 토당동,중상사고,0,1,0,0,차대사람 - 횡단중,안전운전불이행,포장 - 건조,맑음,교차로 - 교차로부근,승용,남,25세,상해없음,보행자,남,55세,중상
406,2018011600100009,2018년 1월 16일 00시,화요일,경기도 평택시 서정동,경상사고,0,0,1,0,차대사람 - 차도통행중,안전운전불이행,포장 - 건조,맑음,단일로 - 기타,승용,남,48세,상해없음,보행자,남,44세,경상
407,2018011600100015,2018년 1월 16일 00시,화요일,경기도 화성시 남양읍,사망사고,1,0,0,0,차대사람 - 차도통행중,안전운전불이행,포장 - 젖음/습기,맑음,단일로 - 기타,승용,남,20세,상해없음,보행자,남,32세,사망
408,2018011600100067,2018년 1월 16일 05시,화요일,경기도 의정부시 신곡동,중상사고,0,1,0,0,차대사람 - 횡단중,신호위반,포장 - 건조,맑음,교차로 - 교차로안,승용,여,60세,상해없음,보행자,여,67세,중상
409,2018011600100077,2018년 1월 16일 06시,화요일,경기도 화성시 봉담읍,중상사고,0,1,0,0,차대사람 - 횡단중,안전운전불이행,포장 - 건조,맑음,교차로 - 교차로안,기타불명,남,32세,상해없음,보행자,남,61세,중상
410,2018011600100092,2018년 1월 16일 07시,화요일,경기도 이천시 창전동,중상사고,0,1,0,0,차대사람 - 횡단중,보행자보호의무위반,포장 - 건조,맑음,교차로 - 교차로부근,승용,남,61세,상해없음,보행자,여,68세,중상
411,2018011600100128,2018년 1월 16일 08시,화요일,경기도 군포시 산본동,경상사고,0,0,1,0,차대사람 - 횡단중,안전운전불이행,포장 - 건조,맑음,단일로 - 기타,승용,여,74세,상해없음,보행자,여,17세,경상
412,2018011600100129,2018년 1월 16일 08시,화요일,경기도 성남시 중원구 상대원동,중상사고,0,1,0,0,차대사람 - 횡단중,신호위반,포장 - 건조,맑음,교차로 - 교차로안,승합,남,62세,상해없음,보행자,남,28세,중상
413,2018011600100155,2018년 1월 16일 09시,화요일,경기도 부천시 도당동,중상사고,0,1,0,0,차대사람 - 횡단중,신호위반,포장 - 건조,맑음,교차로 - 교차로부근,화물,남,58세,상해없음,보행자,여,52세,중상
414,2018011600100156,2018년 1월 16일 09시,화요일,경기도 군포시 산본동,경상사고,0,0,1,0,차대사람 - 횡단중,보행자보호의무위반,포장 - 건조,맑음,단일로 - 기타,승용,여,41세,상해없음,보행자,여,8세,경상
415,2018011600100175,2018년 1월 16일 10시,화요일,경기도 성남시 수정구 태평동,경상사고,0,0,1,0,차대사람 - 기타,안전운전불이행,포장 - 건조,맑음,단일로 - 기타,자전거,남,12세,상해없음,보행자,여,80세,경상
416,2018011600100201,2018년 1월 16일 10시,화요일,경기도 남양주시 금곡동,경상사고,0,0,1,0,차대사람 - 횡단중,신호위반,포장 - 건조,맑음,단일로 - 기타,승용,여,38세,상해없음,보행자,여,56세,경상
417,2018011600100231,2018년 1월 16일 12시,화요일,경기도 수원시 영통구 이의동,중상사고,0,1,0,0,차대사람 - 기타,안전운전불이행,포장 - 건조,맑음,단일로 - 기타,승합,남,45세,상해없음,보행자,여,64세,중상
418,2018011600100232,2018년 1월 16일 12시,화요일,경기도 화성시 비봉면,중상사고,0,1,0,0,차대사람 - 기타,안전운전불이행,포장 - 건조,맑음,기타 - 기타,승용,남,65세,상해없음,보행자,여,20세,중상
419,2018011600100240,2018년 1월 16일 12시,화요일,경기도 고양시 일산서구 덕이동,경상사고,0,0,1,0,차대사람 - 횡단중,보행자보호의무위반,포장 - 건조,맑음,교차로 - 교차로안,승합,남,53세,상해없음,보행자,여,51세,경상
420,2018011600100308,2018년 1월 16일 15시,화요일,경기도 구리시 수택동,경상사고,0,0,1,0,차대사람 - 길가장자리구역통행중,안전운전불이행,포장 - 건조,맑음,단일로 - 기타,승용,여,61세,상해없음,보행자,여,55세,경상
421,2018011600100316,2018년 1월 16일 16시,화요일,경기도 광주시 장지동,중상사고,0,1,0,0,차대사람 - 보도통행중,안전운전불이행,포장 - 건조,맑음,기타 - 기타,승용,여,29세,상해없음,보행자,여,87세,중상
422,2018011600100346,2018년 1월 16일 17시,화요일,경기도 용인시 수지구 풍덕천동,경상사고,0,0,1,0,차대사람 - 보도통행중,보행자보호의무위반,포장 - 건조,맑음,단일로 - 기타,승용,여,42세,상해없음,보행자,남,37세,경상
423,2018011600100380,2018년 1월 16일 18시,화요일,경기도 안성시 인지동,경상사고,0,0,1,0,차대사람 - 횡단중,보행자보호의무위반,포장 - 건조,맑음,교차로 - 교차로횡단보도내,화물,남,58세,상해없음,보행자,여,27세,경상
424,2018011600100382,2018년 1월 16일 18시,화요일,경기도 여주시 금사면,중상사고,0,1,0,0,차대사람 - 기타,안전운전불이행,포장 - 건조,맑음,교차로 - 교차로안,승용,남,66세,상해없음,보행자,여,87세,중상
425,2018011600100430,2018년 1월 16일 19시,화요일,경기도 용인시 기흥구 신갈동,경상사고,0,0,1,0,차대사람 - 차도통행중,안전운전불이행,포장 - 건조,맑음,단일로 - 기타,이륜,남,18세,기타불명,보행자,남,37세,경상
426,2018011600100466,2018년 1월 16일 19시,화요일,경기도 남양주시 화도읍,사망사고,1,0,0,0,차대사람 - 횡단중,신호위반,포장 - 건조,맑음,교차로 - 교차로안,건설기계,남,41세,상해없음,보행자,남,40세,사망
427,2018011600100477,2018년 1월 16일 20시,화요일,경기도 안성시 공도읍,부상신고사고,0,0,0,1,차대사람 - 기타,안전운전불이행,포장 - 건조,맑음,교차로 - 교차로횡단보도내,승용,여,65세,상해없음,보행자,남,43세,부상신고
428,2018011600100478,2018년 1월 16일 20시,화요일,경기도 용인시 처인구 김량장동,중상사고,0,1,0,0,차대사람 - 횡단중,신호위반,포장 - 건조,맑음,교차로 - 교차로횡단보도내,승용,여,50세,상해없음,보행자,남,43세,중상
429,2018011600100479,2018년 1월 16일 20시,화요일,경기도 안산시 상록구 본오동,경상사고,0,0,1,0,차대사람 - 보도통행중,보행자보호의무위반,포장 - 건조,맑음,교차로 - 교차로안,승용,여,52세,상해없음,보행자,여,55세,경상
430,2018011600100502,2018년 1월 16일 21시,화요일,경기도 시흥시 정왕동,중상사고,0,1,0,0,차대사람 - 횡단중,보행자보호의무위반,포장 - 건조,맑음,단일로 - 기타,승용,남,46세,상해없음,보행자,남,37세,중상
431,2018011600100529,2018년 1월 16일 21시,화요일,경기도 고양시 덕양구 도내동,중상사고,0,1,2,0,차대사람 - 차도통행중,안전운전불이행,포장 - 건조,맑음,단일로 - 기타,승용,남,33세,상해없음,보행자,남,62세,중상
432,2018011600100552,2018년 1월 16일 22시,화요일,경기도 파주시 와동,경상사고,0,0,1,0,차대사람 - 횡단중,안전운전불이행,포장 - 건조,맑음,단일로 - 기타,승용,남,30세,상해없음,보행자,남,18세,경상
433,2018011700100031,2018년 1월 17일 01시,수요일,경기도 용인시 기흥구 공세동,경상사고,0,0,1,0,차대사람 - 기타,안전운전불이행,포장 - 건조,맑음,기타 - 기타,승용,남,64세,상해없음,보행자,남,24세,경상
434,2018011700100041,2018년 1월 17일 01시,수요일,경기도 고양시 일산서구 대화동,사망사고,1,0,0,0,차대사람 - 횡단중,기타,포장 - 건조,흐림,교차로 - 교차로횡단보도내,승용,남,29세,상해없음,보행자,남,56세,사망
435,2018011700100049,2018년 1월 17일 02시,수요일,경기도 광주시 초월읍,경상사고,0,0,1,0,차대사람 - 기타,안전운전불이행,포장 - 건조,맑음,교차로 - 교차로부근,승용,남,58세,상해없음,보행자,남,29세,경상
436,2018011700100101,2018년 1월 17일 06시,수요일,경기도 성남시 수정구 태평동,경상사고,0,0,1,0,차대사람 - 기타,안전운전불이행,포장 - 건조,맑음,단일로 - 기타,승용,남,54세,상해없음,보행자,남,46세,경상
437,2018011700100104,2018년 1월 17일 06시,수요일,경기도 시흥시 거모동,부상신고사고,0,0,0,1,차대사람 - 횡단중,신호위반,포장 - 건조,맑음,교차로 - 교차로횡단보도내,기타불명,기타불명,미분류,기타불명,보행자,남,45세,부상신고
438,2018011700100126,2018년 1월 17일 07시,수요일,경기도 김포시 통진읍,중상사고,0,1,0,0,차대사람 - 기타,안전운전불이행,포장 - 건조,맑음,단일로 - 기타,승용,남,59세,상해없음,보행자,여,69세,중상
439,2018011700100129,2018년 1월 17일 07시,수요일,경기도 시흥시 거모동,경상사고,0,0,1,0,차대사람 - 기타,보행자보호의무위반,포장 - 건조,맑음,교차로 - 교차로부근,승용,남,56세,상해없음,보행자,여,45세,경상
440,2018011700100150,2018년 1월 17일 07시,수요일,경기도 포천시 소흘읍,중상사고,0,1,0,0,차대사람 - 횡단중,안전운전불이행,포장 - 건조,맑음,교차로 - 교차로안,승용,여,60세,상해없음,보행자,여,60세,중상
441,2018011700100226,2018년 1월 17일 10시,수요일,경기도 수원시 팔달구 교동,중상사고,0,1,0,0,차대사람 - 횡단중,안전운전불이행,포장 - 건조,맑음,단일로 - 기타,화물,남,58세,상해없음,보행자,여,80세,중상
442,2018011700100247,2018년 1월 17일 11시,수요일,경기도 성남시 분당구 서현동,경상사고,0,0,1,0,차대사람 - 횡단중,안전운전불이행,포장 - 건조,맑음,교차로 - 교차로횡단보도내,승용,남,60세,상해없음,보행자,여,59세,경상
443,2018011700100292,2018년 1월 17일 12시,수요일,경기도 의정부시 가능동,중상사고,0,1,0,0,차대사람 - 기타,안전운전불이행,포장 - 건조,맑음,단일로 - 기타,승용,남,78세,상해없음,보행자,여,24세,중상
444,2018011700100300,2018년 1월 17일 13시,수요일,경기도 안성시 서인동,경상사고,0,0,1,0,차대사람 - 길가장자리구역통행중,안전운전불이행,포장 - 건조,흐림,단일로 - 기타,승용,남,51세,상해없음,보행자,여,28세,경상
445,2018011700100305,2018년 1월 17일 13시,수요일,경기도 용인시 수지구 죽전동,경상사고,0,0,1,0,차대사람 - 보도통행중,기타,포장 - 건조,맑음,단일로 - 기타,이륜,남,37세,상해없음,보행자,여,18세,경상
446,2018011700100323,2018년 1월 17일 13시,수요일,경기도 구리시 수택동,경상사고,0,0,1,0,차대사람 - 기타,안전운전불이행,포장 - 건조,흐림,단일로 - 기타,승합,남,45세,상해없음,보행자,남,55세,경상
447,2018011700100330,2018년 1월 17일 14시,수요일,경기도 안양시 동안구 평촌동,중상사고,0,1,0,0,차대사람 - 기타,안전운전불이행,포장 - 건조,맑음,단일로 - 기타,화물,남,43세,상해없음,보행자,여,70세,중상
448,2018011700100332,2018년 1월 17일 14시,수요일,경기도 광명시 철산동,경상사고,0,0,1,0,차대사람 - 횡단중,안전운전불이행,포장 - 건조,맑음,단일로 - 기타,화물,남,28세,상해없음,보행자,여,16세,경상
449,2018011700100334,2018년 1월 17일 14시,수요일,경기도 군포시 금정동,경상사고,0,0,1,0,차대사람 - 기타,보행자보호의무위반,포장 - 건조,맑음,교차로 - 교차로횡단보도내,이륜,남,17세,상해없음,보행자,여,55세,경상
450,2018011700100350,2018년 1월 17일 15시,수요일,경기도 부천시 상동,중상사고,0,1,0,0,차대사람 - 횡단중,안전운전불이행,포장 - 건조,맑음,교차로 - 교차로안,승합,남,53세,상해없음,보행자,여,68세,중상
451,2018011700100353,2018년 1월 17일 15시,수요일,경기도 안양시 만안구 안양동,중상사고,0,1,0,0,차대사람 - 기타,중앙선침범,포장 - 건조,맑음,단일로 - 기타,승용,여,51세,상해없음,보행자,여,72세,중상
452,2018011700100385,2018년 1월 17일 16시,수요일,경기도 수원시 권선구 탑동,경상사고,0,0,1,0,차대사람 - 횡단중,안전운전불이행,포장 - 건조,맑음,단일로 - 기타,승용,여,22세,기타불명,보행자,여,7세,경상
453,2018011700100402,2018년 1월 17일 16시,수요일,경기도 남양주시 화도읍,경상사고,0,0,1,0,차대사람 - 기타,안전운전불이행,포장 - 건조,맑음,단일로 - 기타,승용,여,39세,상해없음,보행자,남,10세,경상
454,2018011700100434,2018년 1월 17일 17시,수요일,경기도 남양주시 별내동,중상사고,0,1,0,0,차대사람 - 횡단중,안전운전불이행,포장 - 건조,맑음,교차로 - 교차로부근,승합,남,52세,상해없음,보행자,남,67세,중상
455,2018011700100457,2018년 1월 17일 18시,수요일,경기도 안성시 아양동,중상사고,0,1,0,0,차대사람 - 기타,안전운전불이행,포장 - 젖음/습기,흐림,교차로 - 교차로부근,승합,남,61세,상해없음,보행자,남,65세,중상
456,2018011700100461,2018년 1월 17일 18시,수요일,경기도 안산시 단원구 원곡동,경상사고,0,0,1,0,차대사람 - 횡단중,안전운전불이행,포장 - 건조,맑음,교차로 - 교차로안,승용,남,55세,상해없음,보행자,여,31세,경상
457,2018011700100506,2018년 1월 17일 19시,수요일,경기도 평택시 평택동,경상사고,0,0,1,0,차대사람 - 횡단중,안전운전불이행,포장 - 건조,맑음,교차로 - 교차로횡단보도내,기타불명,기타불명,미분류,기타불명,보행자,여,20세,경상