,사고번호,사고일시,요일,시군구,사고내용,사망자수,중상자수,경상자수,부상신고자수,사고유형,법규위반,노면상태,기상상태,도로형태,가해운전자 차종,가해운전자 성별,가해운전자 연령,가해운전자 상해정도,피해운전자 차종,피해운전자 성별,피해운전자 연령,피해운전자 상해정도
458,2018011700100507,2018년 1월 17일 19시,수요일,경기도 광주시 퇴촌면,중상사고,0,1,0,0,차대사람 - 차도통행중,안전운전불이행,포장 - 건조,맑음,단일로 - 기타,승용,여,43세,상해없음,보행자,남,11세,중상
459,2018011700100509,2018년 1월 17일 19시,수요일,경기도 군포시 산본동,중상사고,0,1,0,0,차대사람 - 기타,보행자보호의무위반,포장 - 건조,맑음,단일로 - 기타,승용,남,40세,상해없음,보행자,남,79세,중상
460,2018011700100537,2018년 1월 17일 20시,수요일,경기도 수원시 장안구 송죽동,경상사고,0,0,1,0,차대사람 - 기타,안전운전불이행,포장 - 건조,맑음,교차로 - 교차로부근,승용,남,50세,상해없음,보행자,여,47세,경상
461,2018011700100541,2018년 1월 17일 20시,수요일,경기도 광주시 경안동,중상사고,0,1,0,0,차대사람 - 횡단중,안전운전불이행,포장 - 건조,맑음,단일로 - 기타,승용,남,49세,상해없음,보행자,여,19세,중상
462,2018011700100543,2018년 1월 17일 20시,수요일,경기도 화성시 진안동,중상사고,0,1,0,0,차대사람 - 기타,안전운전불이행,포장 - 건조,맑음,교차로 - 교차로부근,승용,남,38세,상해없음,보행자,여,56세,중상
463,2018011700100545,2018년 1월 17일 20시,수요일,경기도 부천시 원미동,경상사고,0,0,1,0,차대사람 - 차도통행중,안전운전불이행,포장 - 건조,맑음,단일로 - 기타,승용,남,75세,상해없음,보행자,여,8세,경상
464,2018011700100575,2018년 1월 17일 20시,수요일,경기도 남양주시 퇴계원면,중상사고,0,1,0,0,차대사람 - 차도통행중,안전운전불이행,포장 - 젖음/습기,맑음,교차로 - 교차로안,승용,남,21세,상해없음,보행자,남,57세,중상
465,2018011700100585,2018년 1월 17일 21시,수요일,경기도 평택시 지산동,경상사고,0,0,1,0,차대사람 - 횡단중,보행자보호의무위반,포장 - 건조,흐림,교차로 - 교차로횡단보도내,승용,여,52세,상해없음,보행자,여,20세,경상
466,2018011800100007,2018년 1월 18일 00시,목요일,경기도 수원시 팔달구 북수동,중상사고,0,1,0,0,차대사람 - 기타,안전운전불이행,포장 - 건조,맑음,단일로 - 기타,승용,남,57세,상해없음,보행자,남,52세,중상
467,2018011800100008,2018년 1월 18일 00시,목요일,경기도 평택시 팽성읍,중상사고,0,1,0,0,차대사람 - 차도통행중,안전운전불이행,포장 - 건조,맑음,단일로 - 기타,승용,남,50세,상해없음,보행자,남,33세,중상
468,2018011800100045,2018년 1월 18일 02시,목요일,경기도 성남시 중원구 금광동,경상사고,0,0,1,0,차대사람 - 기타,안전운전불이행,포장 - 건조,맑음,단일로 - 기타,기타불명,기타불명,미분류,기타불명,보행자,남,20세,경상
469,2018011800100102,2018년 1월 18일 07시,목요일,경기도 여주시 오학동,중상사고,0,1,0,0,차대사람 - 횡단중,보행자보호의무위반,포장 - 젖음/습기,안개,단일로 - 기타,화물,남,34세,상해없음,보행자,남,65세,중상
470,2018011800100120,2018년 1월 18일 07시,목요일,경기도 고양시 덕양구 덕은동,중상사고,0,1,0,0,차대사람 - 횡단중,보행자보호의무위반,포장 - 건조,맑음,단일로 - 기타,승합,남,66세,상해없음,보행자,남,25세,중상
471,2018011800100121,2018년 1월 18일 07시,목요일,경기도 고양시 일산동구 백석동,중상사고,0,1,0,0,차대사람 - 횡단중,보행자보호의무위반,포장 - 건조,맑음,교차로 - 교차로안,승합,남,56세,상해없음,보행자,여,71세,중상
472,2018011800100128,2018년 1월 18일 08시,목요일,경기도 평택시 평택동,경상사고,0,0,1,0,차대사람 - 기타,안전운전불이행,포장 - 건조,맑음,단일로 - 기타,승용,남,27세,상해없음,보행자,여,48세,경상
473,2018011800100130,2018년 1월 18일 08시,목요일,경기도 이천시 장호원읍,중상사고,0,1,0,0,차대사람 - 횡단중,보행자보호의무위반,포장 - 건조,맑음,교차로 - 교차로안,승용,여,43세,상해없음,보행자,여,87세,중상
474,2018011800100133,2018년 1월 18일 08시,목요일,경기도 수원시 영통구 원천동,경상사고,0,0,1,0,차대사람 - 차도통행중,안전운전불이행,포장 - 건조,맑음,교차로 - 교차로안,승용,남,31세,상해없음,보행자,여,18세,경상
475,2018011800100144,2018년 1월 18일 08시,목요일,경기도 남양주시 진접읍,경상사고,0,0,1,0,차대사람 - 길가장자리구역통행중,보행자보호의무위반,포장 - 건조,맑음,교차로 - 교차로부근,승용,여,30세,상해없음,보행자,남,46세,경상
476,2018011800100158,2018년 1월 18일 09시,목요일,경기도 의왕시 왕곡동,경상사고,0,0,1,0,차대사람 - 횡단중,신호위반,포장 - 건조,맑음,교차로 - 교차로횡단보도내,승용,여,55세,상해없음,보행자,여,54세,경상
477,2018011800100192,2018년 1월 18일 10시,목요일,경기도 안산시 단원구 와동,부상신고사고,0,0,0,1,차대사람 - 기타,기타,포장 - 건조,맑음,교차로 - 교차로부근,화물,남,44세,상해없음,보행자,여,59세,부상신고
478,2018011800100239,2018년 1월 18일 11시,목요일,경기도 남양주시 오남읍,경상사고,0,0,1,0,차대사람 - 보도통행중,기타,포장 - 건조,맑음,단일로 - 기타,승용,남,38세,상해없음,보행자,여,49세,경상
479,2018011800100245,2018년 1월 18일 12시,목요일,경기도 김포시 운양동,중상사고,0,1,0,0,차대사람 - 기타,안전운전불이행,포장 - 건조,맑음,단일로 - 기타,화물,남,45세,상해없음,보행자,남,7세,중상
480,2018011800100251,2018년 1월 18일 12시,목요일,경기도 고양시 일산동구 백석동,경상사고,0,0,1,0,차대사람 - 횡단중,보행자보호의무위반,포장 - 건조,맑음,교차로 - 교차로부근,화물,남,37세,상해없음,보행자,여,43세,경상
481,2018011800100257,2018년 1월 18일 13시,목요일,경기도 군포시 산본동,경상사고,0,0,1,0,차대사람 - 기타,안전운전불이행,포장 - 건조,맑음,단일로 - 기타,승용,남,51세,상해없음,보행자,여,44세,경상
482,2018011800100285,2018년 1월 18일 14시,목요일,경기도 성남시 수정구 신흥동,중상사고,0,1,0,0,차대사람 - 기타,안전운전불이행,포장 - 건조,맑음,단일로 - 기타,승합,남,65세,상해없음,보행자,여,49세,중상
483,2018011800100302,2018년 1월 18일 14시,목요일,경기도 고양시 덕양구 화전동,사망사고,1,0,0,0,차대사람 - 횡단중,안전운전불이행,포장 - 건조,흐림,단일로 - 기타,화물,남,54세,상해없음,보행자,남,83세,사망
484,2018011800100311,2018년 1월 18일 15시,목요일,경기도 오산시 원동,중상사고,0,1,0,0,차대사람 - 기타,안전운전불이행,포장 - 건조,흐림,단일로 - 기타,이륜,남,65세,상해없음,보행자,여,73세,중상
485,2018011800100313,2018년 1월 18일 15시,목요일,경기도 용인시 수지구 죽전동,중상사고,0,1,0,0,차대사람 - 횡단중,보행자보호의무위반,포장 - 건조,맑음,교차로 - 교차로횡단보도내,화물,남,61세,상해없음,보행자,여,69세,중상
486,2018011800100327,2018년 1월 18일 15시,목요일,경기도 의정부시 낙양동,중상사고,0,1,0,0,차대사람 - 차도통행중,안전운전불이행,포장 - 건조,맑음,단일로 - 기타,승용,여,37세,상해없음,보행자,남,65세,중상
487,2018011800100353,2018년 1월 18일 16시,목요일,경기도 의정부시 의정부동,중상사고,0,1,0,0,차대사람 - 차도통행중,보행자보호의무위반,포장 - 건조,맑음,교차로 - 교차로횡단보도내,승합,남,70세,상해없음,보행자,여,71세,중상
488,2018011800100363,2018년 1월 18일 17시,목요일,경기도 안성시 대덕면,경상사고,0,0,1,1,차대사람 - 기타,신호위반,포장 - 건조,맑음,교차로 - 교차로부근,승용,여,44세,상해없음,보행자,여,26세,경상
489,2018011800100401,2018년 1월 18일 18시,목요일,경기도 안산시 단원구 고잔동,경상사고,0,0,1,0,차대사람 - 기타,신호위반,포장 - 건조,맑음,교차로 - 교차로횡단보도내,승용,남,48세,상해없음,보행자,여,26세,경상
490,2018011800100406,2018년 1월 18일 18시,목요일,경기도 부천시 고강동,경상사고,0,0,1,0,차대사람 - 기타,안전운전불이행,포장 - 건조,맑음,단일로 - 기타,승용,남,61세,상해없음,보행자,여,70세,경상
491,2018011800100433,2018년 1월 18일 18시,목요일,경기도 동두천시 지행동,중상사고,0,1,0,0,차대사람 - 횡단중,안전운전불이행,포장 - 건조,맑음,교차로 - 교차로부근,승용,여,37세,상해없음,보행자,여,46세,중상
492,2018011800100434,2018년 1월 18일 18시,목요일,경기도 포천시 일동면,경상사고,0,0,1,0,차대사람 - 기타,안전운전불이행,포장 - 건조,맑음,단일로 - 기타,화물,남,71세,상해없음,보행자,여,78세,경상
493,2018011800100444,2018년 1월 18일 19시,목요일,경기도 평택시 독곡동,경상사고,0,0,1,0,차대사람 - 차도통행중,기타,포장 - 건조,맑음,단일로 - 기타,승용,남,63세,상해없음,보행자,여,75세,경상
494,2018011800100446,2018년 1월 18일 19시,목요일,경기도 이천시 창전동,경상사고,0,0,1,0,차대사람 - 길가장자리구역통행중,안전운전불이행,포장 - 건조,맑음,단일로 - 기타,승용,여,47세,상해없음,보행자,남,46세,경상
495,2018011800100448,2018년 1월 18일 19시,목요일,경기도 김포시 통진읍,경상사고,0,0,1,0,차대사람 - 기타,안전운전불이행,포장 - 건조,맑음,기타 - 기타,승용,여,54세,상해없음,보행자,여,77세,경상
496,2018011800100488,2018년 1월 18일 21시,목요일,경기도 평택시 평택동,중상사고,0,1,0,0,차대사람 - 횡단중,중앙선침범,포장 - 건조,맑음,교차로 - 교차로부근,승합,남,46세,상해없음,보행자,여,59세,중상
497,2018011800100501,2018년 1월 18일 21시,목요일,경기도 의정부시 의정부동,부상신고사고,0,0,0,1,차대사람 - 횡단중,안전운전불이행,포장 - 건조,맑음,단일로 - 기타,승용,남,26세,상해없음,보행자,남,47세,부상신고
498,2018011800100510,2018년 1월 18일 22시,목요일,경기도 수원시 장안구 영화동,중상사고,0,1,0,0,차대사람 - 차도통행중,안전운전불이행,포장 - 건조,맑음,교차로 - 교차로안,승용,남,40세,상해없음,보행자,여,52세,중상
499,2018011800100527,2018년 1월 18일 22시,목요일,경기도 의정부시 금오동,경상사고,0,0,1,0,차대사람 - 기타,안전운전불이행,포장 - 건조,맑음,단일로 - 기타,승용,여,51세,기타불명,보행자,남,41세,경상
500,2018011900100010,2018년 1월 19일 00시,금요일,경기도 부천시 중동,중상사고,0,1,0,0,차대사람 - 횡단중,보행자보호의무위반,포장 - 건조,맑음,기타 - 기타,승용,남,32세,상해없음,보행자,남,48세,중상
501,2018011900100011,2018년 1월 19일 00시,금요일,경기도 성남시 분당구 야탑동,중상사고,0,1,1,0,차대사람 - 차도통행중,안전운전불이행,포장 - 건조,흐림,단일로 - 고가도로위,승용,남,51세,상해없음,보행자,남,25세,중상
502,2018011900100042,2018년 1월 19일 01시,금요일,경기도 의정부시 금오동,중상사고,0,1,0,0,차대사람 - 횡단중,신호위반,포장 - 건조,맑음,교차로 - 교차로횡단보도내,승용,남,47세,상해없음,보행자,남,27세,중상
503,2018011900100079,2018년 1월 19일 06시,금요일,경기도 성남시 중원구 성남동,중상사고,0,1,0,0,차대사람 - 횡단중,신호위반,포장 - 건조,맑음,교차로 - 교차로횡단보도내,승용,여,50세,상해없음,보행자,여,59세,중상
504,2018011900100140,2018년 1월 19일 09시,금요일,경기도 수원시 장안구 율전동,경상사고,0,0,1,0,차대사람 - 기타,안전운전불이행,포장 - 건조,맑음,단일로 - 기타,승용,남,30세,상해없음,보행자,여,35세,경상
505,2018011900100166,2018년 1월 19일 10시,금요일,경기도 수원시 권선구 세류동,중상사고,0,1,0,0,차대사람 - 횡단중,안전운전불이행,포장 - 건조,맑음,교차로 - 교차로횡단보도내,승용,여,56세,상해없음,보행자,여,64세,중상
506,2018011900100214,2018년 1월 19일 12시,금요일,경기도 용인시 기흥구 보정동,경상사고,0,0,1,0,차대사람 - 차도통행중,안전운전불이행,포장 - 건조,맑음,단일로 - 기타,자전거,남,71세,상해없음,보행자,여,48세,경상
507,2018011900100242,2018년 1월 19일 13시,금요일,경기도 광주시 송정동,경상사고,0,0,1,0,차대사람 - 기타,안전운전불이행,포장 - 건조,맑음,단일로 - 기타,승합,남,46세,상해없음,보행자,남,57세,경상
508,2018011900100243,2018년 1월 19일 13시,금요일,경기도 안산시 단원구 선부동,중상사고,0,1,0,0,차대사람 - 기타,교차로운행방법위반,포장 - 건조,맑음,교차로 - 교차로부근,특수,남,53세,상해없음,보행자,남,74세,중상
509,2018011900100326,2018년 1월 19일 15시,금요일,경기도 의정부시 호원동,경상사고,0,0,1,0,차대사람 - 횡단중,안전운전불이행,포장 - 건조,맑음,교차로 - 교차로부근,승용,여,39세,상해없음,보행자,남,9세,경상
510,2018011900100335,2018년 1월 19일 16시,금요일,경기도 수원시 장안구 율전동,경상사고,0,0,1,0,차대사람 - 기타,안전운전불이행,포장 - 건조,맑음,단일로 - 기타,승용,남,40세,상해없음,보행자,여,81세,경상
511,2018011900100417,2018년 1월 19일 18시,금요일,경기도 오산시 청학동,중상사고,0,1,0,0,차대사람 - 횡단중,신호위반,포장 - 건조,맑음,단일로 - 기타,이륜,남,44세,상해없음,보행자,여,56세,중상
512,2018011900100424,2018년 1월 19일 18시,금요일,경기도 성남시 중원구 금광동,경상사고,0,0,1,0,차대사람 - 기타,안전운전불이행,포장 - 건조,맑음,교차로 - 교차로부근,승합,남,57세,상해없음,보행자,남,69세,경상
513,2018011900100456,2018년 1월 19일 18시,금요일,경기도 남양주시 금곡동,경상사고,0,0,1,0,차대사람 - 횡단중,보행자보호의무위반,포장 - 건조,맑음,교차로 - 교차로횡단보도내,승용,남,58세,상해없음,보행자,여,41세,경상
514,2018011900100468,2018년 1월 19일 19시,금요일,경기도 광주시 도척면,중상사고,0,1,0,0,차대사람 - 횡단중,안전운전불이행,포장 - 건조,맑음,단일로 - 기타,승용,남,62세,상해없음,보행자,여,66세,중상
515,2018011900100471,2018년 1월 19일 19시,금요일,경기도 안산시 상록구 이동,경상사고,0,0,1,0,차대사람 - 길가장자리구역통행중,안전운전불이행,포장 - 건조,맑음,단일로 - 기타,승용,여,54세,상해없음,보행자,여,22세,경상
516,2018011900100515,2018년 1월 19일 20시,금요일,경기도 오산시 청학동,경상사고,0,0,1,0,차대사람 - 횡단중,신호위반,포장 - 건조,맑음,교차로 - 교차로안,승용,남,59세,상해없음,보행자,남,27세,경상
517,2018011900100516,2018년 1월 19일 20시,금요일,경기도 부천시 중동,경상사고,0,0,1,0,차대사람 - 횡단중,보행자보호의무위반,포장 - 건조,맑음,교차로 - 교차로횡단보도내,화물,남,56세,상해없음,보행자,남,56세,경상
518,2018011900100548,2018년 1월 19일 21시,금요일,경기도 안양시 동안구 평촌동,중상사고,0,1,0,0,차대사람 - 횡단중,안전운전불이행,포장 - 건조,맑음,교차로 - 교차로횡단보도내,승용,남,52세,상해없음,보행자,남,70세,중상
519,2018011900100562,2018년 1월 19일 21시,금요일,경기도 남양주시 평내동,중상사고,0,1,0,0,차대사람 - 기타,안전운전불이행,포장 - 건조,맑음,단일로 - 기타,기타불명,기타불명,미분류,기타불명,보행자,여,60세,중상
520,2018011900100568,2018년 1월 19일 21시,금요일,경기도 고양시 일산서구 대화동,중상사고,0,1,0,0,차대사람 - 횡단중,신호위반,포장 - 건조,흐림,기타 - 기타,개인형이동수단(PM),남,50세,상해없음,보행자,여,8세,중상
521,2018011900100579,2018년 1월 19일 22시,금요일,경기도 성남시 분당구 야탑동,경상사고,0,0,1,0,차대사람 - 기타,안전운전불이행,포장 - 건조,맑음,기타 - 기타,승용,여,46세,상해없음,보행자,여,31세,경상
522,2018011900100596,2018년 1월 19일 23시,금요일,경기도 광주시 오포읍,중상사고,0,1,0,0,차대사람 - 횡단중,안전운전불이행,포장 - 건조,맑음,단일로 - 기타,승용,남,29세,상해없음,보행자,남,30세,중상
523,2018012000100028,2018년 1월 20일 00시,토요일,경기도 의정부시 낙양동,중상사고,0,1,0,0,차대사람 - 횡단중,신호위반,포장 - 건조,맑음,교차로 - 교차로횡단보도내,승합,남,53세,상해없음,보행자,여,80세,중상
524,2018012000100029,2018년 1월 20일 00시,토요일,경기도 파주시 금촌동,경상사고,0,0,1,0,차대사람 - 기타,보행자보호의무위반,포장 - 건조,맑음,교차로 - 교차로안,승용,남,31세,상해없음,보행자,남,47세,경상
525,2018012000100057,2018년 1월 20일 02시,토요일,경기도 성남시 분당구 정자동,중상사고,0,1,0,0,차대사람 - 보도통행중,안전운전불이행,포장 - 건조,맑음,단일로 - 기타,승용,남,22세,상해없음,보행자,남,57세,중상
526,2018012000100090,2018년 1월 20일 04시,토요일,경기도 부천시 원미동,경상사고,0,0,1,0,차대사람 - 기타,안전운전불이행,포장 - 건조,맑음,단일로 - 기타,승용,남,31세,상해없음,보행자,남,59세,경상
527,2018012000100096,2018년 1월 20일 04시,토요일,경기도 파주시 금촌동,경상사고,0,0,1,0,차대사람 - 기타,보행자보호의무위반,포장 - 건조,맑음,교차로 - 교차로안,승용,남,59세,상해없음,보행자,남,58세,경상
528,2018012000100101,2018년 1월 20일 05시,토요일,경기도 성남시 중원구 은행동,경상사고,0,0,1,0,차대사람 - 기타,안전운전불이행,포장 - 건조,맑음,단일로 - 기타,승용,남,42세,상해없음,보행자,남,52세,경상
529,2018012000100106,2018년 1월 20일 05시,토요일,경기도 파주시 탄현면,경상사고,0,0,1,0,차대사람 - 횡단중,안전운전불이행,포장 - 건조,맑음,교차로 - 교차로안,승용,남,54세,상해없음,보행자,남,30세,경상
530,2018012000100127,2018년 1월 20일 07시,토요일,경기도 부천시 심곡동,부상신고사고,0,0,0,1,차대사람 - 차도통행중,안전운전불이행,포장 - 건조,맑음,단일로 - 기타,기타불명,기타불명,미분류,기타불명,보행자,남,22세,부상신고
531,2018012000100128,2018년 1월 20일 07시,토요일,경기도 시흥시 정왕동,중상사고,0,1,0,0,차대사람 - 횡단중,보행자보호의무위반,포장 - 건조,맑음,교차로 - 교차로횡단보도내,승용,남,35세,상해없음,보행자,여,75세,중상
532,2018012000100180,2018년 1월 20일 10시,토요일,경기도 부천시 심곡본동,경상사고,0,0,1,0,차대사람 - 횡단중,보행자보호의무위반,포장 - 건조,맑음,교차로 - 교차로횡단보도내,승용,남,58세,상해없음,보행자,여,43세,경상
533,2018012000100279,2018년 1월 20일 14시,토요일,경기도 군포시 금정동,경상사고,0,0,1,0,차대사람 - 기타,안전운전불이행,포장 - 건조,맑음,단일로 - 기타,승용,남,27세,상해없음,보행자,남,49세,경상
534,2018012000100358,2018년 1월 20일 17시,토요일,경기도 부천시 춘의동,중상사고,0,1,0,0,차대사람 - 기타,기타,포장 - 건조,맑음,기타 - 기타,승합,남,50세,상해없음,보행자,여,70세,중상
535,2018012000100416,2018년 1월 20일 18시,토요일,경기도 남양주시 화도읍,중상사고,0,1,0,0,차대사람 - 횡단중,안전운전불이행,포장 - 건조,흐림,단일로 - 기타,승용,남,27세,상해없음,보행자,남,55세,중상
536,2018012000100418,2018년 1월 20일 18시,토요일,경기도 파주시 적성면,중상사고,0,1,0,0,차대사람 - 횡단중,안전운전불이행,포장 - 건조,맑음,단일로 - 기타,승용,남,62세,상해없음,보행자,여,75세,중상
537,2018012000100419,2018년 1월 20일 18시,토요일,경기도 가평군 설악면,경상사고,0,0,1,0,차대사람 - 횡단중,보행자보호의무위반,포장 - 건조,맑음,교차로 - 교차로안,화물,남,41세,상해없음,보행자,남,17세,경상
538,2018012000100430,2018년 1월 20일 19시,토요일,경기도 수원시 영통구 영통동,부상신고사고,0,0,0,1,차대사람 - 기타,기타,포장 - 건조,맑음,단일로 - 기타,기타불명,기타불명,미분류,기타불명,보행자,여,88세,부상신고
539,2018012000100463,2018년 1월 20일 20시,토요일,경기도 안성시 석정동,경상사고,0,0,1,0,차대사람 - 기타,안전운전불이행,포장 - 건조,맑음,단일로 - 기타,승용,남,29세,상해없음,보행자,남,42세,경상
540,2018012000100483,2018년 1월 20일 20시,토요일,경기도 의정부시 신곡동,경상사고,0,0,1,0,차대사람 - 횡단중,안전운전불이행,포장 - 건조,맑음,교차로 - 교차로횡단보도내,승용,남,28세,상해없음,보행자,여,52세,경상
541,2018012000100489,2018년 1월 20일 21시,토요일,경기도 안양시 동안구 호계동,경상사고,0,0,1,0,차대사람 - 기타,안전운전불이행,포장 - 건조,맑음,교차로 - 교차로안,승용,여,33세,상해없음,보행자,남,58세,경상
542,2018012000100493,2018년 1월 20일 21시,토요일,경기도 용인시 기흥구 보정동,경상사고,0,0,1,0,차대사람 - 차도통행중,안전운전불이행,포장 - 건조,맑음,단일로 - 기타,승용,남,58세,상해없음,보행자,여,18세,경상
543,2018012000100529,2018년 1월 20일 22시,토요일,경기도 안산시 단원구 고잔동,중상사고,0,1,0,0,차대사람 - 횡단중,보행자보호의무위반,포장 - 건조,맑음,단일로 - 기타,승합,남,58세,상해없음,보행자,여,28세,중상
544,2018012000100554,2018년 1월 20일 23시,토요일,경기도 화성시 진안동,중상사고,0,1,0,1,차대사람 - 기타,안전운전불이행,포장 - 건조,맑음,교차로 - 교차로부근,승용,남,47세,상해없음,보행자,남,47세,부상신고
545,2018012000100571,2018년 1월 20일 23시,토요일,경기도 파주시 신촌동,중상사고,0,1,0,0,차대사람 - 횡단중,안전운전불이행,포장 - 건조,맑음,단일로 - 기타,승용,남,49세,상해없음,보행자,남,35세,중상
546,2018012100100005,2018년 1월 21일 00시,일요일,경기도 이천시 중리동,부상신고사고,0,0,0,1,차대사람 - 기타,기타,포장 - 건조,흐림,교차로 - 교차로부근,승용,여,55세,상해없음,보행자,남,29세,부상신고
547,2018012100100006,2018년 1월 21일 00시,일요일,경기도 이천시 창전동,경상사고,0,0,1,0,차대사람 - 기타,안전운전불이행,포장 - 건조,흐림,단일로 - 기타,승용,남,27세,상해없음,보행자,남,43세,경상
548,2018012100100043,2018년 1월 21일 02시,일요일,경기도 부천시 도당동,경상사고,0,0,1,0,차대사람 - 횡단중,보행자보호의무위반,포장 - 건조,맑음,단일로 - 기타,승용,남,58세,상해없음,보행자,남,43세,경상
549,2018012100100060,2018년 1월 21일 04시,일요일,경기도 성남시 중원구 성남동,사망사고,1,0,0,0,차대사람 - 기타,과속,포장 - 건조,맑음,단일로 - 기타,승용,남,58세,상해없음,보행자,남,23세,사망
550,2018012100100139,2018년 1월 21일 10시,일요일,경기도 수원시 팔달구 팔달로3가,경상사고,0,0,1,0,차대사람 - 횡단중,안전운전불이행,포장 - 건조,맑음,단일로 - 기타,승용,남,62세,상해없음,보행자,남,46세,경상
551,2018012100100159,2018년 1월 21일 11시,일요일,경기도 안산시 단원구 와동,중상사고,0,1,0,0,차대사람 - 횡단중,안전운전불이행,포장 - 건조,맑음,단일로 - 기타,승용,여,57세,상해없음,보행자,남,76세,중상
552,2018012100100189,2018년 1월 21일 13시,일요일,경기도 성남시 분당구 서현동,중상사고,0,1,0,0,차대사람 - 횡단중,보행자보호의무위반,포장 - 건조,맑음,교차로 - 교차로횡단보도내,승용,여,47세,상해없음,보행자,여,86세,중상
553,2018012100100213,2018년 1월 21일 14시,일요일,경기도 안산시 단원구 원곡동,경상사고,0,0,1,0,차대사람 - 기타,안전운전불이행,포장 - 건조,맑음,단일로 - 기타,승용,남,51세,상해없음,보행자,남,34세,경상
554,2018012100100258,2018년 1월 21일 16시,일요일,경기도 시흥시 정왕동,중상사고,0,1,0,0,차대사람 - 횡단중,안전운전불이행,포장 - 건조,맑음,교차로 - 교차로안,화물,남,62세,상해없음,보행자,남,6세,중상
555,2018012100100276,2018년 1월 21일 17시,일요일,경기도 안산시 단원구 고잔동,경상사고,0,0,2,0,차대사람 - 기타,안전운전불이행,포장 - 건조,맑음,단일로 - 기타,승용,여,43세,상해없음,보행자,여,20세,경상
556,2018012100100292,2018년 1월 21일 18시,일요일,경기도 평택시 서정동,중상사고,0,1,0,0,차대사람 - 길가장자리구역통행중,안전운전불이행,포장 - 건조,맑음,단일로 - 기타,화물,남,35세,상해없음,보행자,남,62세,중상
557,2018012100100316,2018년 1월 21일 19시,일요일,경기도 안산시 단원구 고잔동,중상사고,0,1,0,0,차대사람 - 기타,안전운전불이행,포장 - 건조,맑음,교차로 - 교차로부근,승용,남,29세,상해없음,보행자,여,59세,중상
558,2018012100100336,2018년 1월 21일 20시,일요일,경기도 수원시 팔달구 화서동,중상사고,0,1,0,0,차대사람 - 횡단중,보행자보호의무위반,포장 - 건조,맑음,교차로 - 교차로안,승용,남,56세,상해없음,보행자,여,72세,중상
559,2018012100100394,2018년 1월 21일 23시,일요일,경기도 용인시 기흥구 중동,경상사고,0,0,2,0,차대사람 - 횡단중,신호위반,포장 - 건조,맑음,교차로 - 교차로횡단보도내,승용,남,50세,상해없음,보행자,남,36세,경상
560,2018012200100017,2018년 1월 22일 01시,월요일,경기도 고양시 일산동구 정발산동,중상사고,0,1,0,0,차대사람 - 횡단중,안전운전불이행,포장 - 건조,맑음,교차로 - 교차로부근,승용,남,68세,상해없음,보행자,남,56세,중상
561,2018012200100021,2018년 1월 22일 02시,월요일,경기도 수원시 팔달구 인계동,중상사고,0,1,0,0,차대사람 - 횡단중,안전운전불이행,포장 - 건조,맑음,교차로 - 교차로횡단보도내,승용,남,58세,상해없음,보행자,남,29세,중상
562,2018012200100039,2018년 1월 22일 05시,월요일,경기도 용인시 기흥구 보라동,부상신고사고,0,0,0,1,차대사람 - 횡단중,안전운전불이행,포장 - 건조,맑음,교차로 - 교차로횡단보도내,승용,남,49세,상해없음,보행자,여,39세,부상신고
563,2018012200100048,2018년 1월 22일 06시,월요일,경기도 광주시 송정동,경상사고,0,0,1,0,차대사람 - 횡단중,안전운전불이행,포장 - 건조,흐림,교차로 - 교차로횡단보도내,승용,남,61세,상해없음,보행자,남,52세,경상
564,2018012200100061,2018년 1월 22일 07시,월요일,경기도 안양시 동안구 관양동,중상사고,0,1,0,0,차대사람 - 횡단중,안전운전불이행,포장 - 건조,맑음,교차로 - 교차로안,승용,남,61세,상해없음,보행자,여,63세,중상
565,2018012200100062,2018년 1월 22일 07시,월요일,경기도 이천시 신둔면,중상사고,0,1,0,0,차대사람 - 기타,안전운전불이행,포장 - 건조,맑음,교차로 - 교차로안,화물,남,65세,상해없음,보행자,남,70세,중상
566,2018012200100081,2018년 1월 22일 07시,월요일,경기도 의정부시 장암동,중상사고,0,1,0,0,차대사람 - 차도통행중,안전운전불이행,포장 - 건조,흐림,단일로 - 기타,승용,남,51세,상해없음,보행자,남,65세,중상
567,2018012200100259,2018년 1월 22일 14시,월요일,경기도 용인시 처인구 남동,경상사고,0,0,1,0,차대사람 - 횡단중,기타,포장 - 건조,맑음,단일로 - 기타,승용,남,62세,상해없음,보행자,남,73세,경상
568,2018012200100263,2018년 1월 22일 14시,월요일,경기도 안산시 단원구 고잔동,중상사고,0,1,0,0,차대사람 - 횡단중,보행자보호의무위반,포장 - 건조,맑음,교차로 - 교차로횡단보도내,승합,남,49세,상해없음,보행자,여,19세,중상
569,2018012200100286,2018년 1월 22일 15시,월요일,경기도 김포시 양촌읍,부상신고사고,0,0,0,1,차대사람 - 기타,안전운전불이행,포장 - 젖음/습기,맑음,기타 - 기타,승용,남,54세,상해없음,보행자,남,53세,부상신고
570,2018012200100308,2018년 1월 22일 15시,월요일,경기도 남양주시 오남읍,경상사고,0,0,1,0,차대사람 - 횡단중,안전운전불이행,포장 - 적설,눈,교차로 - 교차로안,화물,남,44세,상해없음,보행자,여,49세,경상
571,2018012200100312,2018년 1월 22일 15시,월요일,경기도 포천시 신읍동,경상사고,0,0,1,0,차대사람 - 길가장자리구역통행중,안전운전불이행,포장 - 적설,맑음,단일로 - 기타,승용,여,55세,상해없음,보행자,여,48세,경상