,사고번호,사고일시,요일,시군구,사고내용,사망자수,중상자수,경상자수,부상신고자수,사고유형,법규위반,노면상태,기상상태,도로형태,가해운전자 차종,가해운전자 성별,가해운전자 연령,가해운전자 상해정도,피해운전자 차종,피해운전자 성별,피해운전자 연령,피해운전자 상해정도
800,2018013000100581,2018년 1월 30일 21시,화요일,경기도 수원시 팔달구 중동,경상사고,0,0,1,0,차대사람 - 횡단중,신호위반,포장 - 젖음/습기,눈,교차로 - 교차로부근,승합,남,61세,기타불명,보행자,남,55세,경상
801,2018013000100612,2018년 1월 30일 22시,화요일,경기도 용인시 기흥구 보라동,중상사고,0,1,0,0,차대사람 - 횡단중,안전운전불이행,포장 - 건조,맑음,단일로 - 기타,승용,남,49세,상해없음,보행자,여,24세,중상
802,2018013000100629,2018년 1월 30일 23시,화요일,경기도 평택시 서정동,경상사고,0,0,1,0,차대사람 - 기타,안전운전불이행,포장 - 건조,맑음,단일로 - 기타,기타불명,기타불명,미분류,기타불명,보행자,남,48세,경상
803,2018013100100006,2018년 1월 31일 00시,수요일,경기도 광명시 철산동,경상사고,0,0,1,0,차대사람 - 길가장자리구역통행중,안전운전불이행,포장 - 건조,맑음,단일로 - 기타,승용,남,29세,상해없음,보행자,남,38세,경상
804,2018013100100026,2018년 1월 31일 01시,수요일,경기도 고양시 일산동구 백석동,중상사고,0,1,0,0,차대사람 - 횡단중,안전운전불이행,포장 - 서리/결빙,맑음,교차로 - 교차로안,승용,남,53세,상해없음,보행자,남,22세,중상
805,2018013100100049,2018년 1월 31일 04시,수요일,경기도 안성시 대덕면,중상사고,0,1,0,0,차대사람 - 기타,안전운전불이행,포장 - 건조,맑음,단일로 - 기타,승용,남,32세,상해없음,보행자,여,90세 이상,중상
806,2018013100100069,2018년 1월 31일 06시,수요일,경기도 화성시 병점동,경상사고,0,0,1,0,차대사람 - 횡단중,보행자보호의무위반,포장 - 건조,맑음,교차로 - 교차로횡단보도내,승용,남,28세,상해없음,보행자,남,54세,경상
807,2018013100100070,2018년 1월 31일 06시,수요일,경기도 수원시 권선구 권선동,경상사고,0,0,1,0,차대사람 - 횡단중,신호위반,포장 - 젖음/습기,맑음,교차로 - 교차로횡단보도내,화물,남,53세,상해없음,보행자,여,26세,경상
808,2018013100100071,2018년 1월 31일 06시,수요일,경기도 시흥시 정왕동,중상사고,0,1,0,0,차대사람 - 횡단중,보행자보호의무위반,포장 - 건조,맑음,교차로 - 교차로횡단보도내,승용,남,70세,상해없음,보행자,남,33세,중상
809,2018013100100137,2018년 1월 31일 08시,수요일,경기도 성남시 중원구 성남동,중상사고,0,1,0,0,차대사람 - 기타,안전운전불이행,포장 - 건조,맑음,단일로 - 기타,승용,남,60세,상해없음,보행자,남,54세,중상
810,2018013100100161,2018년 1월 31일 08시,수요일,경기도 포천시 소흘읍,부상신고사고,0,0,0,1,차대사람 - 기타,안전운전불이행,포장 - 건조,맑음,단일로 - 기타,기타불명,기타불명,미분류,기타불명,보행자,여,58세,부상신고
811,2018013100100198,2018년 1월 31일 09시,수요일,경기도 고양시 일산동구 마두동,중상사고,0,1,0,0,차대사람 - 횡단중,안전운전불이행,포장 - 건조,맑음,교차로 - 교차로부근,화물,남,25세,상해없음,보행자,여,45세,중상
812,2018013100100205,2018년 1월 31일 10시,수요일,경기도 용인시 처인구 유방동,경상사고,0,0,1,0,차대사람 - 횡단중,안전운전불이행,포장 - 건조,맑음,단일로 - 기타,특수,남,45세,상해없음,보행자,남,70세,경상
813,2018013100100239,2018년 1월 31일 11시,수요일,경기도 남양주시 화도읍,중상사고,0,1,0,0,차대사람 - 기타,안전운전불이행,포장 - 서리/결빙,눈,기타 - 기타,화물,남,59세,상해없음,보행자,남,58세,중상
814,2018013100100278,2018년 1월 31일 13시,수요일,경기도 광주시 삼동,중상사고,0,1,0,0,차대사람 - 횡단중,안전운전불이행,포장 - 젖음/습기,흐림,교차로 - 교차로안,화물,남,53세,상해없음,보행자,여,66세,중상
815,2018013100100280,2018년 1월 31일 13시,수요일,경기도 안산시 상록구 이동,경상사고,0,0,1,0,차대사람 - 횡단중,안전운전불이행,포장 - 기타,흐림,기타 - 기타,승용,남,62세,상해없음,보행자,남,51세,경상
816,2018013100100324,2018년 1월 31일 15시,수요일,경기도 양평군 양평읍,경상사고,0,0,1,0,차대사람 - 기타,안전운전불이행,포장 - 건조,맑음,단일로 - 기타,승용,여,40세,상해없음,보행자,여,44세,경상
817,2018013100100350,2018년 1월 31일 16시,수요일,경기도 군포시 금정동,경상사고,0,0,1,0,차대사람 - 횡단중,안전운전불이행,포장 - 젖음/습기,맑음,교차로 - 교차로안,화물,남,43세,상해없음,보행자,여,6세,경상
818,2018013100100410,2018년 1월 31일 18시,수요일,경기도 수원시 장안구 천천동,부상신고사고,0,0,0,1,차대사람 - 횡단중,안전운전불이행,포장 - 건조,맑음,단일로 - 기타,승용,여,51세,상해없음,보행자,남,68세,부상신고
819,2018013100100411,2018년 1월 31일 18시,수요일,경기도 수원시 장안구 율전동,경상사고,0,0,1,0,차대사람 - 기타,보행자보호의무위반,포장 - 건조,맑음,단일로 - 기타,승용,남,33세,상해없음,보행자,남,65세,경상
820,2018013100100415,2018년 1월 31일 18시,수요일,경기도 김포시 통진읍,경상사고,0,0,1,0,차대사람 - 기타,안전운전불이행,포장 - 기타,맑음,교차로 - 교차로부근,승용,남,61세,상해없음,보행자,남,49세,경상
821,2018013100100420,2018년 1월 31일 18시,수요일,경기도 수원시 팔달구 인계동,경상사고,0,0,1,0,차대사람 - 횡단중,안전운전불이행,포장 - 건조,맑음,단일로 - 기타,화물,남,52세,상해없음,보행자,남,7세,경상
822,2018013100100456,2018년 1월 31일 18시,수요일,경기도 남양주시 진접읍,사망사고,1,0,0,0,차대사람 - 차도통행중,안전운전불이행,포장 - 기타,맑음,단일로 - 기타,승용,여,55세,상해없음,보행자,여,83세,사망
823,2018013100100459,2018년 1월 31일 18시,수요일,경기도 고양시 일산서구 대화동,경상사고,0,0,1,0,차대사람 - 기타,기타,포장 - 건조,맑음,단일로 - 기타,승합,남,59세,상해없음,보행자,여,75세,경상
824,2018013100100478,2018년 1월 31일 19시,수요일,경기도 시흥시 조남동,경상사고,0,0,1,0,차대사람 - 기타,보행자보호의무위반,포장 - 건조,맑음,교차로 - 교차로횡단보도내,화물,남,69세,상해없음,보행자,남,18세,경상
825,2018013100100505,2018년 1월 31일 19시,수요일,경기도 남양주시 별내면,중상사고,0,1,0,0,차대사람 - 횡단중,보행자보호의무위반,포장 - 건조,맑음,교차로 - 교차로횡단보도내,승합,남,52세,상해없음,보행자,여,46세,중상
826,2018013100100506,2018년 1월 31일 19시,수요일,경기도 구리시 인창동,부상신고사고,0,0,0,1,차대사람 - 기타,안전운전불이행,포장 - 건조,맑음,단일로 - 기타,이륜,남,24세,상해없음,보행자,여,47세,부상신고
827,2018013100100507,2018년 1월 31일 19시,수요일,경기도 구리시 토평동,경상사고,0,0,1,0,차대사람 - 보도통행중,안전운전불이행,포장 - 건조,맑음,단일로 - 기타,승용,여,44세,상해없음,보행자,남,57세,경상
828,2018013100100513,2018년 1월 31일 20시,수요일,경기도 용인시 기흥구 신갈동,경상사고,0,0,1,0,차대사람 - 보도통행중,보행자보호의무위반,포장 - 건조,맑음,교차로 - 교차로횡단보도내,승용,남,58세,상해없음,보행자,남,55세,경상
829,2018013100100531,2018년 1월 31일 20시,수요일,경기도 남양주시 와부읍,경상사고,0,0,1,0,차대사람 - 차도통행중,안전운전불이행,포장 - 건조,맑음,단일로 - 기타,승용,여,61세,상해없음,보행자,남,15세,경상
830,2018013100100541,2018년 1월 31일 21시,수요일,경기도 성남시 수정구 단대동,중상사고,0,1,0,0,차대사람 - 횡단중,신호위반,포장 - 건조,맑음,단일로 - 기타,이륜,남,26세,상해없음,보행자,남,28세,중상
831,2018013100100542,2018년 1월 31일 21시,수요일,경기도 평택시 포승읍,경상사고,0,0,2,0,차대사람 - 기타,안전운전불이행,포장 - 건조,맑음,교차로 - 교차로안,승용,여,46세,상해없음,보행자,남,27세,경상
832,2018013100100557,2018년 1월 31일 21시,수요일,경기도 고양시 일산동구 백석동,경상사고,0,0,1,0,차대사람 - 횡단중,안전운전불이행,포장 - 건조,맑음,교차로 - 교차로안,승용,남,49세,상해없음,보행자,남,57세,경상
833,2018013100100558,2018년 1월 31일 21시,수요일,경기도 구리시 수택동,경상사고,0,0,1,0,차대사람 - 기타,안전운전불이행,포장 - 건조,맑음,단일로 - 기타,승용,남,44세,상해없음,보행자,여,46세,경상
834,2018013100100594,2018년 1월 31일 23시,수요일,경기도 군포시 산본동,중상사고,0,1,0,0,차대사람 - 횡단중,안전운전불이행,포장 - 건조,맑음,교차로 - 교차로부근,승합,남,44세,상해없음,보행자,남,35세,중상
835,2018020100100011,2018년 2월 1일 00시,목요일,경기도 안양시 동안구 비산동,경상사고,0,0,1,0,차대사람 - 차도통행중,안전운전불이행,포장 - 건조,맑음,단일로 - 기타,승용,남,57세,상해없음,보행자,남,27세,경상
836,2018020100100030,2018년 2월 1일 01시,목요일,경기도 시흥시 정왕동,중상사고,0,1,0,0,차대사람 - 기타,안전운전불이행,포장 - 건조,맑음,단일로 - 기타,승용,남,40세,상해없음,보행자,남,50세,중상
837,2018020100100040,2018년 2월 1일 02시,목요일,경기도 고양시 덕양구 원흥동,중상사고,0,1,0,0,차대사람 - 횡단중,안전운전불이행,포장 - 건조,맑음,교차로 - 교차로안,화물,남,51세,상해없음,보행자,남,58세,중상
838,2018020100100075,2018년 2월 1일 06시,목요일,경기도 광주시 중대동,경상사고,0,0,1,0,차대사람 - 차도통행중,안전운전불이행,포장 - 건조,맑음,교차로 - 교차로부근,승용,여,53세,상해없음,보행자,남,79세,경상
839,2018020100100076,2018년 2월 1일 06시,목요일,경기도 과천시 주암동,중상사고,0,1,0,0,차대사람 - 횡단중,안전운전불이행,포장 - 건조,맑음,교차로 - 교차로부근,승합,남,48세,상해없음,보행자,여,78세,중상
840,2018020100100087,2018년 2월 1일 07시,목요일,경기도 오산시 원동,중상사고,0,1,0,0,차대사람 - 기타,보행자보호의무위반,포장 - 건조,맑음,교차로 - 교차로부근,승용,남,40세,상해없음,보행자,여,56세,중상
841,2018020100100124,2018년 2월 1일 08시,목요일,경기도 광주시 초월읍,중상사고,0,1,0,0,차대사람 - 길가장자리구역통행중,안전운전불이행,포장 - 건조,맑음,단일로 - 기타,승용,여,43세,상해없음,보행자,여,14세,중상
842,2018020100100152,2018년 2월 1일 08시,목요일,경기도 고양시 일산서구 대화동,중상사고,0,1,0,0,차대사람 - 기타,안전운전불이행,포장 - 건조,맑음,기타 - 기타,승용,남,32세,상해없음,보행자,여,61세,중상
843,2018020100100164,2018년 2월 1일 09시,목요일,경기도 용인시 처인구 김량장동,중상사고,0,1,0,0,차대사람 - 횡단중,안전운전불이행,포장 - 건조,맑음,단일로 - 기타,승합,남,58세,상해없음,보행자,여,70세,중상
844,2018020100100168,2018년 2월 1일 09시,목요일,경기도 광명시 하안동,경상사고,0,0,2,0,차대사람 - 차도통행중,안전운전불이행,포장 - 건조,맑음,단일로 - 기타,승용,여,33세,상해없음,보행자,여,53세,경상
845,2018020100100289,2018년 2월 1일 12시,목요일,경기도 의정부시 호원동,중상사고,0,1,0,0,차대사람 - 기타,안전운전불이행,포장 - 건조,맑음,단일로 - 기타,승합,남,62세,상해없음,보행자,여,57세,중상
846,2018020100100302,2018년 2월 1일 13시,목요일,경기도 수원시 팔달구 영동,경상사고,0,0,1,0,차대사람 - 기타,신호위반,포장 - 건조,맑음,단일로 - 기타,승용,여,59세,상해없음,보행자,남,10세,경상
847,2018020100100304,2018년 2월 1일 13시,목요일,경기도 광주시 태전동,중상사고,0,1,0,0,차대사람 - 횡단중,안전운전불이행,포장 - 건조,맑음,단일로 - 기타,승용,여,48세,상해없음,보행자,여,61세,중상
848,2018020100100305,2018년 2월 1일 13시,목요일,경기도 광주시 곤지암읍,경상사고,0,0,1,0,차대사람 - 기타,안전운전불이행,포장 - 건조,맑음,기타 - 기타,승용,남,38세,상해없음,보행자,남,23세,경상
849,2018020100100307,2018년 2월 1일 13시,목요일,경기도 부천시 괴안동,중상사고,0,1,0,0,차대사람 - 기타,안전운전불이행,포장 - 건조,맑음,교차로 - 교차로안,승용,여,50세,상해없음,보행자,여,60세,중상
850,2018020100100340,2018년 2월 1일 14시,목요일,경기도 광명시 철산동,중상사고,0,1,1,0,차대사람 - 횡단중,보행자보호의무위반,포장 - 건조,맑음,교차로 - 교차로횡단보도내,승용,여,58세,상해없음,보행자,여,41세,중상
851,2018020100100341,2018년 2월 1일 14시,목요일,경기도 군포시 산본동,중상사고,0,1,0,0,차대사람 - 기타,안전운전불이행,포장 - 건조,맑음,교차로 - 교차로안,승용,여,62세,상해없음,보행자,남,34세,중상
852,2018020100100366,2018년 2월 1일 15시,목요일,경기도 광주시 곤지암읍,중상사고,0,1,0,0,차대사람 - 차도통행중,안전운전불이행,포장 - 건조,맑음,교차로 - 교차로안,승용,여,42세,상해없음,보행자,남,48세,중상
853,2018020100100404,2018년 2월 1일 16시,목요일,경기도 부천시 춘의동,경상사고,0,0,1,0,차대사람 - 보도통행중,신호위반,포장 - 건조,맑음,단일로 - 기타,승용,남,69세,상해없음,보행자,여,20세,경상
854,2018020100100406,2018년 2월 1일 16시,목요일,경기도 안양시 만안구 박달동,사망사고,1,0,0,0,차대사람 - 기타,안전운전불이행,포장 - 건조,맑음,단일로 - 기타,건설기계,남,40세,상해없음,보행자,남,69세,사망
855,2018020100100424,2018년 2월 1일 16시,목요일,경기도 고양시 일산동구 장항동,중상사고,0,1,0,0,차대사람 - 기타,신호위반,포장 - 건조,맑음,교차로 - 교차로횡단보도내,특수,남,58세,상해없음,보행자,여,62세,중상
856,2018020100100431,2018년 2월 1일 17시,목요일,경기도 평택시 서정동,중상사고,0,1,0,0,차대사람 - 기타,안전운전불이행,포장 - 건조,맑음,단일로 - 기타,승용,남,49세,상해없음,보행자,남,75세,중상
857,2018020100100466,2018년 2월 1일 18시,목요일,경기도 이천시 창전동,경상사고,0,0,1,0,차대사람 - 횡단중,보행자보호의무위반,포장 - 건조,맑음,교차로 - 교차로횡단보도내,이륜,남,18세,상해없음,보행자,남,31세,경상
858,2018020100100468,2018년 2월 1일 18시,목요일,경기도 용인시 처인구 유방동,중상사고,0,1,0,0,차대사람 - 차도통행중,안전운전불이행,포장 - 건조,맑음,단일로 - 기타,승용,남,61세,상해없음,보행자,남,69세,중상
859,2018020100100472,2018년 2월 1일 18시,목요일,경기도 부천시 중동,중상사고,0,1,1,0,차대사람 - 횡단중,보행자보호의무위반,포장 - 건조,맑음,기타 - 기타,승용,여,42세,기타불명,보행자,남,62세,경상
860,2018020100100529,2018년 2월 1일 19시,목요일,경기도 광명시 철산동,경상사고,0,0,1,0,차대사람 - 횡단중,신호위반,포장 - 건조,맑음,교차로 - 교차로부근,이륜,남,23세,상해없음,보행자,남,21세,경상
861,2018020100100531,2018년 2월 1일 19시,목요일,경기도 수원시 권선구 고색동,경상사고,0,0,1,0,차대사람 - 기타,안전운전불이행,포장 - 건조,맑음,단일로 - 기타,승용,남,29세,상해없음,보행자,여,57세,경상
862,2018020100100563,2018년 2월 1일 19시,목요일,경기도 의정부시 민락동,경상사고,0,0,1,0,차대사람 - 횡단중,보행자보호의무위반,포장 - 건조,맑음,단일로 - 기타,이륜,남,34세,상해없음,보행자,남,44세,경상
863,2018020100100573,2018년 2월 1일 20시,목요일,경기도 김포시 하성면,중상사고,0,1,0,0,차대사람 - 기타,안전운전불이행,포장 - 건조,맑음,단일로 - 기타,승합,남,48세,상해없음,보행자,남,58세,중상
864,2018020100100575,2018년 2월 1일 20시,목요일,경기도 성남시 분당구 구미동,중상사고,0,1,0,0,차대사람 - 차도통행중,안전운전불이행,포장 - 건조,맑음,단일로 - 기타,승용,남,78세,상해없음,보행자,여,68세,중상
865,2018020100100576,2018년 2월 1일 20시,목요일,경기도 안산시 상록구 본오동,경상사고,0,0,1,0,차대사람 - 횡단중,보행자보호의무위반,포장 - 건조,맑음,교차로 - 교차로횡단보도내,승합,남,57세,상해없음,보행자,여,56세,경상
866,2018020100100639,2018년 2월 1일 22시,목요일,경기도 안산시 단원구 와동,경상사고,0,0,1,0,차대사람 - 차도통행중,중앙선침범,포장 - 건조,맑음,단일로 - 기타,승용,남,54세,상해없음,보행자,남,32세,경상
867,2018020100100640,2018년 2월 1일 22시,목요일,경기도 시흥시 정왕동,경상사고,0,0,1,0,차대사람 - 횡단중,신호위반,포장 - 건조,맑음,교차로 - 교차로안,승용,남,35세,상해없음,보행자,남,24세,경상
868,2018020100100693,2018년 2월 1일 23시,목요일,경기도 고양시 덕양구 행신동,중상사고,0,1,0,0,차대사람 - 횡단중,안전운전불이행,포장 - 건조,맑음,단일로 - 기타,승용,남,49세,상해없음,보행자,남,49세,중상
869,2018020200100007,2018년 2월 2일 00시,금요일,경기도 안양시 동안구 관양동,중상사고,0,1,0,0,차대사람 - 차도통행중,안전운전불이행,포장 - 건조,맑음,교차로 - 교차로부근,승용,남,39세,상해없음,보행자,여,29세,중상
870,2018020200100067,2018년 2월 2일 06시,금요일,경기도 평택시 모곡동,중상사고,0,2,0,0,차대사람 - 횡단중,신호위반,포장 - 건조,맑음,교차로 - 교차로안,화물,남,46세,상해없음,보행자,여,58세,중상
871,2018020200100073,2018년 2월 2일 06시,금요일,경기도 의정부시 용현동,경상사고,0,0,1,0,차대사람 - 기타,기타,포장 - 건조,맑음,단일로 - 기타,승합,남,56세,상해없음,보행자,여,71세,경상
872,2018020200100080,2018년 2월 2일 07시,금요일,경기도 김포시 북변동,중상사고,0,1,0,0,차대사람 - 횡단중,안전운전불이행,포장 - 건조,맑음,교차로 - 교차로부근,승합,남,59세,상해없음,보행자,여,61세,중상
873,2018020200100085,2018년 2월 2일 07시,금요일,경기도 안양시 만안구 박달동,중상사고,0,1,0,0,차대사람 - 횡단중,신호위반,포장 - 건조,맑음,교차로 - 교차로부근,화물,남,28세,상해없음,보행자,여,18세,중상
874,2018020200100126,2018년 2월 2일 08시,금요일,경기도 부천시 송내동,경상사고,0,0,1,0,차대사람 - 기타,보행자보호의무위반,포장 - 기타,맑음,교차로 - 교차로횡단보도내,승용,남,53세,상해없음,보행자,남,8세,경상
875,2018020200100131,2018년 2월 2일 08시,금요일,경기도 시흥시 하중동,경상사고,0,0,1,0,차대사람 - 횡단중,보행자보호의무위반,포장 - 건조,맑음,교차로 - 교차로횡단보도내,승용,여,42세,상해없음,보행자,여,28세,경상
876,2018020200100168,2018년 2월 2일 09시,금요일,경기도 광주시 탄벌동,중상사고,0,1,0,0,차대사람 - 차도통행중,안전운전불이행,포장 - 건조,맑음,단일로 - 기타,승용,남,54세,상해없음,보행자,여,11세,중상
877,2018020200100212,2018년 2월 2일 10시,금요일,경기도 파주시 와동,중상사고,0,1,0,0,차대사람 - 횡단중,보행자보호의무위반,포장 - 건조,맑음,교차로 - 교차로부근,화물,남,30세,상해없음,보행자,남,77세,중상
878,2018020200100222,2018년 2월 2일 11시,금요일,경기도 평택시 합정동,경상사고,0,0,1,0,차대사람 - 기타,안전운전불이행,포장 - 건조,맑음,단일로 - 기타,승용,여,54세,상해없음,보행자,남,22세,경상
879,2018020200100227,2018년 2월 2일 11시,금요일,경기도 수원시 영통구 영통동,경상사고,0,0,1,0,차대사람 - 횡단중,안전운전불이행,포장 - 건조,맑음,단일로 - 기타,화물,남,54세,상해없음,보행자,남,51세,경상
880,2018020200100297,2018년 2월 2일 13시,금요일,경기도 남양주시 와부읍,중상사고,0,1,0,0,차대사람 - 횡단중,보행자보호의무위반,포장 - 건조,맑음,교차로 - 교차로안,승용,여,49세,상해없음,보행자,여,48세,중상
881,2018020200100298,2018년 2월 2일 13시,금요일,경기도 포천시 소흘읍,중상사고,0,1,0,0,차대사람 - 횡단중,안전운전불이행,포장 - 건조,맑음,단일로 - 기타,승용,남,56세,상해없음,보행자,여,67세,중상
882,2018020200100350,2018년 2월 2일 15시,금요일,경기도 성남시 수정구 신흥동,경상사고,0,0,1,0,차대사람 - 횡단중,보행자보호의무위반,포장 - 건조,맑음,단일로 - 기타,승용,남,52세,상해없음,보행자,남,13세,경상
883,2018020200100351,2018년 2월 2일 15시,금요일,경기도 안양시 동안구 관양동,중상사고,0,1,0,0,차대사람 - 기타,안전운전불이행,포장 - 건조,맑음,교차로 - 교차로부근,화물,남,33세,상해없음,보행자,여,69세,중상
884,2018020200100352,2018년 2월 2일 15시,금요일,경기도 성남시 분당구 수내동,경상사고,0,0,1,0,차대사람 - 차도통행중,안전운전불이행,포장 - 건조,맑음,단일로 - 기타,승용,여,60세,상해없음,보행자,남,7세,경상
885,2018020200100381,2018년 2월 2일 16시,금요일,경기도 평택시 평택동,경상사고,0,0,1,0,차대사람 - 차도통행중,안전운전불이행,포장 - 건조,맑음,단일로 - 기타,승용,남,60세,상해없음,보행자,여,61세,경상
886,2018020200100382,2018년 2월 2일 16시,금요일,경기도 양평군 양평읍,경상사고,0,0,1,0,차대사람 - 기타,안전운전불이행,포장 - 건조,맑음,단일로 - 기타,승용,여,56세,상해없음,보행자,남,14세,경상
887,2018020200100412,2018년 2월 2일 17시,금요일,경기도 김포시 구래동,중상사고,0,1,0,0,차대사람 - 횡단중,신호위반,포장 - 건조,맑음,단일로 - 기타,승용,남,44세,상해없음,보행자,여,11세,중상
888,2018020200100449,2018년 2월 2일 18시,금요일,경기도 평택시 서정동,경상사고,0,0,1,0,차대사람 - 횡단중,안전운전불이행,포장 - 건조,맑음,교차로 - 교차로안,승용,남,61세,상해없음,보행자,여,48세,경상
889,2018020200100452,2018년 2월 2일 18시,금요일,경기도 이천시 갈산동,경상사고,0,0,1,0,차대사람 - 횡단중,안전운전불이행,포장 - 건조,맑음,단일로 - 기타,승용,남,78세,상해없음,보행자,여,54세,경상
890,2018020200100455,2018년 2월 2일 18시,금요일,경기도 용인시 기흥구 신갈동,중상사고,0,1,0,0,차대사람 - 기타,안전운전불이행,포장 - 건조,맑음,단일로 - 기타,승용,여,35세,상해없음,보행자,여,69세,중상
891,2018020200100506,2018년 2월 2일 19시,금요일,경기도 용인시 처인구 김량장동,부상신고사고,0,0,0,1,차대사람 - 횡단중,보행자보호의무위반,포장 - 건조,맑음,단일로 - 기타,승용,여,33세,상해없음,보행자,남,77세,부상신고
892,2018020200100527,2018년 2월 2일 19시,금요일,경기도 고양시 일산서구 주엽동,경상사고,0,0,1,0,차대사람 - 보도통행중,안전운전불이행,포장 - 기타,맑음,기타 - 기타,화물,남,49세,상해없음,보행자,여,28세,경상
893,2018020200100535,2018년 2월 2일 20시,금요일,경기도 수원시 장안구 영화동,경상사고,0,0,1,0,차대사람 - 기타,안전운전불이행,포장 - 건조,맑음,교차로 - 교차로안,승용,남,36세,기타불명,보행자,남,58세,경상
894,2018020200100553,2018년 2월 2일 20시,금요일,경기도 포천시 소흘읍,경상사고,0,0,1,0,차대사람 - 횡단중,안전운전불이행,포장 - 건조,맑음,교차로 - 교차로안,승용,남,28세,상해없음,보행자,남,49세,경상
895,2018020200100566,2018년 2월 2일 21시,금요일,경기도 이천시 중리동,중상사고,0,1,0,0,차대사람 - 기타,안전운전불이행,포장 - 건조,맑음,단일로 - 기타,화물,남,54세,상해없음,보행자,남,36세,중상
896,2018020200100570,2018년 2월 2일 21시,금요일,경기도 군포시 대야미동,사망사고,1,0,0,0,차대사람 - 횡단중,안전운전불이행,포장 - 건조,맑음,단일로 - 기타,승용,남,36세,상해없음,보행자,남,40세,사망
897,2018020200100571,2018년 2월 2일 21시,금요일,경기도 안산시 상록구 월피동,중상사고,0,1,0,0,차대사람 - 횡단중,안전운전불이행,포장 - 건조,맑음,단일로 - 기타,승용,남,50세,상해없음,보행자,남,54세,중상
898,2018020200100572,2018년 2월 2일 21시,금요일,경기도 하남시 덕풍동,경상사고,0,0,1,0,차대사람 - 기타,안전운전불이행,포장 - 건조,맑음,단일로 - 기타,승용,남,58세,상해없음,보행자,남,36세,경상
899,2018020200100594,2018년 2월 2일 21시,금요일,경기도 동두천시 지행동,경상사고,0,0,1,0,차대사람 - 길가장자리구역통행중,안전운전불이행,포장 - 건조,맑음,교차로 - 교차로부근,승용,남,34세,상해없음,보행자,남,57세,경상
900,2018020200100595,2018년 2월 2일 21시,금요일,경기도 고양시 일산서구 대화동,중상사고,0,1,0,0,차대사람 - 횡단중,안전운전불이행,포장 - 건조,맑음,교차로 - 교차로안,승용,남,48세,상해없음,보행자,남,25세,중상
901,2018020200100604,2018년 2월 2일 22시,금요일,경기도 안양시 동안구 관양동,경상사고,0,0,1,0,차대사람 - 기타,안전운전불이행,포장 - 건조,맑음,교차로 - 교차로부근,승용,남,54세,상해없음,보행자,남,20세,경상
902,2018020200100609,2018년 2월 2일 22시,금요일,경기도 하남시 초이동,중상사고,0,1,0,0,차대사람 - 차도통행중,보행자보호의무위반,포장 - 건조,맑음,교차로 - 교차로부근,승용,남,39세,상해없음,보행자,여,21세,중상
903,2018020200100643,2018년 2월 2일 23시,금요일,경기도 수원시 장안구 영화동,경상사고,0,0,1,0,차대사람 - 기타,안전운전불이행,포장 - 건조,맑음,단일로 - 기타,승합,남,64세,상해없음,보행자,여,67세,경상
904,2018020200100647,2018년 2월 2일 23시,금요일,경기도 안산시 단원구 고잔동,경상사고,0,0,1,0,차대사람 - 차도통행중,안전운전불이행,포장 - 건조,맑음,단일로 - 기타,승용,남,34세,상해없음,보행자,남,36세,경상
905,2018020200100648,2018년 2월 2일 23시,금요일,경기도 안산시 단원구 고잔동,중상사고,0,1,0,0,차대사람 - 횡단중,안전운전불이행,포장 - 건조,맑음,단일로 - 기타,승용,남,58세,상해없음,보행자,여,78세,중상
906,2018020300100015,2018년 2월 3일 00시,토요일,경기도 용인시 기흥구 신갈동,부상신고사고,0,0,0,1,차대사람 - 기타,안전운전불이행,포장 - 건조,맑음,기타 - 기타,승합,남,38세,상해없음,보행자,남,70세,부상신고
907,2018020300100021,2018년 2월 3일 00시,토요일,경기도 성남시 분당구 금곡동,경상사고,0,0,1,0,차대사람 - 횡단중,보행자보호의무위반,포장 - 건조,맑음,교차로 - 교차로안,승용,남,63세,상해없음,보행자,남,19세,경상
908,2018020300100040,2018년 2월 3일 01시,토요일,경기도 평택시 비전동,경상사고,0,0,1,0,차대사람 - 횡단중,보행자보호의무위반,포장 - 건조,맑음,교차로 - 교차로안,승용,남,28세,상해없음,보행자,남,52세,경상
909,2018020300100097,2018년 2월 3일 05시,토요일,경기도 평택시 포승읍,중상사고,0,1,0,0,차대사람 - 기타,안전운전불이행,포장 - 젖음/습기,눈,단일로 - 기타,화물,남,51세,상해없음,보행자,남,42세,중상
910,2018020300100099,2018년 2월 3일 05시,토요일,경기도 수원시 팔달구 인계동,경상사고,0,0,1,0,차대사람 - 기타,안전운전불이행,포장 - 서리/결빙,맑음,단일로 - 기타,승용,남,48세,상해없음,보행자,남,37세,경상
911,2018020300100110,2018년 2월 3일 05시,토요일,경기도 의정부시 호원동,경상사고,0,0,1,0,차대사람 - 기타,안전운전불이행,포장 - 건조,맑음,단일로 - 기타,승용,남,61세,상해없음,보행자,남,35세,경상
912,2018020300100130,2018년 2월 3일 07시,토요일,경기도 오산시 누읍동,중상사고,0,1,0,0,차대사람 - 횡단중,안전운전불이행,포장 - 서리/결빙,맑음,교차로 - 교차로안,화물,남,47세,상해없음,보행자,여,58세,중상
913,2018020300100146,2018년 2월 3일 08시,토요일,경기도 여주시 가남읍,중상사고,0,1,0,0,차대사람 - 기타,안전운전불이행,포장 - 건조,맑음,교차로 - 교차로안,승용,남,42세,상해없음,보행자,여,67세,중상
914,2018020300100187,2018년 2월 3일 09시,토요일,경기도 남양주시 와부읍,중상사고,0,1,0,0,차대사람 - 기타,안전운전불이행,포장 - 건조,맑음,단일로 - 기타,승합,남,41세,상해없음,보행자,여,84세,중상