,사고번호,사고일시,요일,시군구,사고내용,사망자수,중상자수,경상자수,부상신고자수,사고유형,법규위반,노면상태,기상상태,도로형태,가해운전자 차종,가해운전자 성별,가해운전자 연령,가해운전자 상해정도,피해운전자 차종,피해운전자 성별,피해운전자 연령,피해운전자 상해정도
915,2018020300100218,2018년 2월 3일 10시,토요일,경기도 고양시 일산서구 일산동,경상사고,0,0,1,0,차대사람 - 횡단중,신호위반,포장 - 건조,맑음,단일로 - 기타,승용,여,61세,상해없음,보행자,남,23세,경상
916,2018020300100246,2018년 2월 3일 11시,토요일,경기도 수원시 권선구 구운동,중상사고,0,1,0,0,차대사람 - 횡단중,보행자보호의무위반,포장 - 적설,맑음,단일로 - 기타,승용,여,57세,상해없음,보행자,여,53세,중상
917,2018020300100386,2018년 2월 3일 14시,토요일,경기도 안산시 단원구 고잔동,부상신고사고,0,0,0,1,차대사람 - 기타,안전운전불이행,포장 - 건조,맑음,단일로 - 기타,기타불명,기타불명,미분류,기타불명,보행자,남,22세,부상신고
918,2018020300100417,2018년 2월 3일 14시,토요일,경기도 고양시 일산서구 일산동,경상사고,0,0,1,0,차대사람 - 차도통행중,안전운전불이행,포장 - 건조,맑음,단일로 - 기타,승용,남,56세,상해없음,보행자,남,62세,경상
919,2018020300100429,2018년 2월 3일 15시,토요일,경기도 수원시 장안구 조원동,중상사고,0,1,0,0,차대사람 - 기타,안전운전불이행,포장 - 건조,맑음,단일로 - 기타,승용,남,53세,상해없음,보행자,여,65세,중상
920,2018020300100433,2018년 2월 3일 15시,토요일,경기도 성남시 중원구 성남동,중상사고,0,1,0,0,차대사람 - 기타,안전운전불이행,포장 - 건조,맑음,기타 - 기타,승용,여,50세,상해없음,보행자,여,13세,중상
921,2018020300100447,2018년 2월 3일 15시,토요일,경기도 의정부시 가능동,중상사고,0,1,0,0,차대사람 - 길가장자리구역통행중,안전운전불이행,포장 - 건조,맑음,단일로 - 기타,승용,남,51세,상해없음,보행자,남,33세,중상
922,2018020300100456,2018년 2월 3일 16시,토요일,경기도 광주시 곤지암읍,중상사고,0,1,0,0,차대사람 - 횡단중,과속,포장 - 건조,맑음,단일로 - 기타,승용,남,38세,상해없음,보행자,남,76세,중상
923,2018020300100459,2018년 2월 3일 16시,토요일,경기도 부천시 내동,경상사고,0,0,1,0,차대사람 - 기타,안전운전불이행,포장 - 건조,맑음,단일로 - 기타,이륜,남,17세,상해없음,보행자,남,63세,경상
924,2018020300100489,2018년 2월 3일 17시,토요일,경기도 안산시 단원구 선부동,경상사고,0,0,1,0,차대사람 - 기타,안전운전불이행,포장 - 건조,맑음,단일로 - 기타,승용,남,55세,상해없음,보행자,여,29세,경상
925,2018020300100520,2018년 2월 3일 18시,토요일,경기도 수원시 장안구 송죽동,중상사고,0,1,1,0,차대사람 - 횡단중,안전운전불이행,포장 - 건조,맑음,단일로 - 기타,이륜,남,27세,경상,보행자,남,54세,중상
926,2018020300100576,2018년 2월 3일 19시,토요일,경기도 성남시 중원구 성남동,중상사고,0,1,0,0,차대사람 - 보도통행중,보행자보호의무위반,포장 - 건조,맑음,교차로 - 교차로횡단보도내,승용,남,56세,상해없음,보행자,남,26세,중상
927,2018020300100578,2018년 2월 3일 19시,토요일,경기도 용인시 기흥구 마북동,중상사고,0,2,0,0,차대사람 - 보도통행중,보행자보호의무위반,포장 - 건조,맑음,교차로 - 교차로횡단보도내,승용,여,43세,상해없음,보행자,남,55세,중상
928,2018020300100605,2018년 2월 3일 19시,토요일,경기도 고양시 덕양구 행신동,경상사고,0,0,1,0,차대사람 - 차도통행중,안전운전불이행,포장 - 건조,맑음,교차로 - 교차로안,승용,여,45세,상해없음,보행자,남,36세,경상
929,2018020300100625,2018년 2월 3일 20시,토요일,경기도 안양시 만안구 안양동,경상사고,0,0,1,0,차대사람 - 길가장자리구역통행중,안전운전불이행,포장 - 건조,맑음,단일로 - 기타,이륜,남,16세,상해없음,보행자,여,48세,경상
930,2018020300100644,2018년 2월 3일 20시,토요일,경기도 고양시 덕양구 용두동,경상사고,0,0,1,0,차대사람 - 보도통행중,교차로운행방법위반,포장 - 건조,맑음,교차로 - 교차로안,승용,남,52세,상해없음,보행자,남,46세,경상
931,2018020300100657,2018년 2월 3일 21시,토요일,경기도 안산시 단원구 초지동,중상사고,0,1,0,0,차대사람 - 횡단중,신호위반,포장 - 건조,맑음,단일로 - 기타,승용,남,54세,상해없음,보행자,남,48세,중상
932,2018020300100659,2018년 2월 3일 21시,토요일,경기도 군포시 산본동,중상사고,0,1,0,0,차대사람 - 횡단중,안전운전불이행,포장 - 건조,맑음,단일로 - 기타,승용,남,26세,상해없음,보행자,남,62세,중상
933,2018020300100681,2018년 2월 3일 21시,토요일,경기도 고양시 덕양구 토당동,경상사고,0,0,1,0,차대사람 - 횡단중,보행자보호의무위반,포장 - 건조,맑음,교차로 - 교차로횡단보도내,승용,남,38세,상해없음,보행자,남,9세,경상
934,2018020300100685,2018년 2월 3일 21시,토요일,경기도 고양시 일산동구 중산동,중상사고,0,1,0,0,차대사람 - 횡단중,신호위반,포장 - 건조,맑음,교차로 - 교차로횡단보도내,승용,남,30세,상해없음,보행자,남,14세,중상
935,2018020400100034,2018년 2월 4일 01시,일요일,경기도 부천시 도당동,중상사고,0,1,0,0,차대사람 - 기타,안전운전불이행,포장 - 건조,맑음,교차로 - 교차로안,승용,남,60세,상해없음,보행자,남,36세,중상
936,2018020400100036,2018년 2월 4일 01시,일요일,경기도 수원시 팔달구 인계동,중상사고,0,1,0,0,차대사람 - 차도통행중,안전운전불이행,포장 - 건조,맑음,교차로 - 교차로부근,승용,남,37세,상해없음,보행자,남,47세,중상
937,2018020400100096,2018년 2월 4일 05시,일요일,경기도 군포시 산본동,사망사고,1,0,0,0,차대사람 - 횡단중,과속,포장 - 건조,맑음,단일로 - 기타,승용,남,56세,상해없음,보행자,남,65세,사망
938,2018020400100106,2018년 2월 4일 06시,일요일,경기도 성남시 수정구 수진동,경상사고,0,0,1,0,차대사람 - 횡단중,안전운전불이행,포장 - 건조,맑음,교차로 - 교차로횡단보도내,승합,남,51세,상해없음,보행자,남,41세,경상
939,2018020400100149,2018년 2월 4일 09시,일요일,경기도 성남시 분당구 서현동,경상사고,0,0,1,0,차대사람 - 횡단중,보행자보호의무위반,포장 - 건조,맑음,교차로 - 교차로횡단보도내,승합,남,58세,상해없음,보행자,여,73세,경상
940,2018020400100166,2018년 2월 4일 09시,일요일,경기도 고양시 일산동구 중산동,중상사고,0,1,0,0,차대사람 - 횡단중,신호위반,포장 - 건조,맑음,교차로 - 교차로안,승합,남,46세,상해없음,보행자,여,37세,중상
941,2018020400100192,2018년 2월 4일 11시,일요일,경기도 용인시 처인구 모현읍,경상사고,0,0,1,0,차대사람 - 기타,안전운전불이행,포장 - 건조,맑음,단일로 - 기타,승용,여,52세,상해없음,보행자,여,54세,경상
942,2018020400100258,2018년 2월 4일 14시,일요일,경기도 수원시 팔달구 지동,경상사고,0,0,1,0,차대사람 - 기타,안전운전불이행,포장 - 건조,맑음,단일로 - 기타,승용,여,58세,상해없음,보행자,남,35세,경상
943,2018020400100269,2018년 2월 4일 14시,일요일,경기도 군포시 금정동,중상사고,0,1,0,0,차대사람 - 차도통행중,안전운전불이행,포장 - 건조,맑음,단일로 - 지하차도(도로)내,승합,남,49세,상해없음,보행자,여,66세,중상
944,2018020400100309,2018년 2월 4일 15시,일요일,경기도 남양주시 금곡동,중상사고,0,1,0,0,차대사람 - 기타,기타,포장 - 건조,맑음,기타 - 기타,승용,남,75세,상해없음,보행자,여,54세,중상
945,2018020400100319,2018년 2월 4일 16시,일요일,경기도 양평군 용문면,중상사고,0,1,0,0,차대사람 - 기타,보행자보호의무위반,포장 - 건조,맑음,단일로 - 기타,승용,여,69세,상해없음,보행자,여,11세,중상
946,2018020400100354,2018년 2월 4일 17시,일요일,경기도 성남시 중원구 금광동,중상사고,0,1,0,0,차대사람 - 기타,안전운전불이행,포장 - 건조,맑음,교차로 - 교차로부근,승용,남,42세,상해없음,보행자,남,19세,중상
947,2018020400100379,2018년 2월 4일 18시,일요일,경기도 평택시 비전동,경상사고,0,0,1,0,차대사람 - 횡단중,보행자보호의무위반,포장 - 건조,맑음,교차로 - 교차로횡단보도내,승용,여,33세,상해없음,보행자,남,38세,경상
948,2018020400100382,2018년 2월 4일 18시,일요일,경기도 안산시 상록구 본오동,중상사고,0,1,0,0,차대사람 - 보도통행중,보행자보호의무위반,포장 - 건조,맑음,교차로 - 교차로안,승용,남,62세,상해없음,보행자,남,60세,중상
949,2018020400100443,2018년 2월 4일 20시,일요일,경기도 이천시 창전동,경상사고,0,0,1,0,차대사람 - 보도통행중,기타,포장 - 건조,맑음,기타 - 기타,이륜,남,16세,상해없음,보행자,남,49세,경상
950,2018020400100447,2018년 2월 4일 20시,일요일,경기도 수원시 권선구 세류동,사망사고,1,0,0,0,차대사람 - 기타,과속,포장 - 건조,맑음,단일로 - 기타,승용,남,28세,상해없음,보행자,남,42세,사망
951,2018020400100460,2018년 2월 4일 20시,일요일,경기도 남양주시 오남읍,경상사고,0,0,1,1,차대사람 - 횡단중,안전운전불이행,포장 - 건조,맑음,교차로 - 교차로부근,이륜,남,16세,부상신고,보행자,남,14세,경상
952,2018020400100470,2018년 2월 4일 21시,일요일,경기도 안성시 대덕면,중상사고,0,1,0,0,차대사람 - 기타,안전운전불이행,포장 - 건조,기타,교차로 - 교차로부근,승용,남,40세,상해없음,보행자,남,35세,중상
953,2018020400100472,2018년 2월 4일 21시,일요일,경기도 성남시 중원구 중앙동,경상사고,0,0,1,0,차대사람 - 횡단중,안전운전불이행,포장 - 건조,맑음,단일로 - 기타,승용,여,47세,상해없음,보행자,남,45세,경상
954,2018020400100490,2018년 2월 4일 21시,일요일,경기도 고양시 덕양구 행신동,중상사고,0,1,0,0,차대사람 - 횡단중,신호위반,포장 - 건조,맑음,교차로 - 교차로횡단보도내,이륜,남,25세,상해없음,보행자,여,59세,중상
955,2018020400100496,2018년 2월 4일 22시,일요일,경기도 수원시 장안구 천천동,경상사고,0,0,1,0,차대사람 - 횡단중,신호위반,포장 - 건조,맑음,교차로 - 교차로횡단보도내,기타불명,기타불명,미분류,기타불명,보행자,여,14세,경상
956,2018020400100500,2018년 2월 4일 22시,일요일,경기도 하남시 덕풍동,부상신고사고,0,0,0,1,차대사람 - 차도통행중,안전운전불이행,포장 - 건조,맑음,단일로 - 기타,승용,여,55세,상해없음,보행자,남,36세,부상신고
957,2018020400100501,2018년 2월 4일 22시,일요일,경기도 부천시 여월동,중상사고,0,1,1,0,차대사람 - 기타,교차로운행방법위반,포장 - 건조,맑음,단일로 - 기타,이륜,남,19세,경상,보행자,남,65세,중상
958,2018020400100524,2018년 2월 4일 23시,일요일,경기도 부천시 심곡동,경상사고,0,0,1,0,차대사람 - 기타,안전운전불이행,포장 - 건조,맑음,단일로 - 기타,승용,남,60세,상해없음,보행자,여,40세,경상
959,2018020500100062,2018년 2월 5일 06시,월요일,경기도 부천시 역곡동,경상사고,0,0,1,0,차대사람 - 횡단중,신호위반,포장 - 건조,맑음,교차로 - 교차로횡단보도내,승합,남,54세,상해없음,보행자,여,59세,경상
960,2018020500100063,2018년 2월 5일 06시,월요일,경기도 안산시 단원구 와동,중상사고,0,1,0,0,차대사람 - 기타,신호위반,포장 - 건조,맑음,교차로 - 교차로안,기타불명,기타불명,미분류,기타불명,보행자,여,55세,중상
961,2018020500100076,2018년 2월 5일 06시,월요일,경기도 고양시 일산동구 백석동,경상사고,0,0,1,0,차대사람 - 횡단중,신호위반,포장 - 건조,맑음,교차로 - 교차로횡단보도내,화물,남,52세,상해없음,보행자,여,60세,경상
962,2018020500100086,2018년 2월 5일 07시,월요일,경기도 안산시 단원구 고잔동,중상사고,0,1,0,0,차대사람 - 보도통행중,보행자보호의무위반,포장 - 건조,맑음,교차로 - 교차로횡단보도내,승용,남,38세,상해없음,보행자,여,42세,중상
963,2018020500100110,2018년 2월 5일 08시,월요일,경기도 평택시 청북읍,중상사고,0,1,0,0,차대사람 - 횡단중,안전운전불이행,포장 - 건조,맑음,단일로 - 기타,승용,여,43세,상해없음,보행자,남,13세,중상
964,2018020500100115,2018년 2월 5일 08시,월요일,경기도 시흥시 장곡동,경상사고,0,0,1,0,차대사람 - 기타,신호위반,포장 - 건조,맑음,교차로 - 교차로횡단보도내,승합,남,55세,상해없음,보행자,남,15세,경상
965,2018020500100117,2018년 2월 5일 08시,월요일,경기도 의왕시 오전동,부상신고사고,0,0,0,1,차대사람 - 횡단중,보행자보호의무위반,포장 - 건조,맑음,교차로 - 교차로횡단보도내,승용,여,27세,상해없음,보행자,남,9세,부상신고
966,2018020500100150,2018년 2월 5일 08시,월요일,경기도 고양시 일산동구 성석동,경상사고,0,0,1,0,차대사람 - 기타,신호위반,포장 - 건조,맑음,교차로 - 교차로안,승합,남,79세,상해없음,보행자,여,54세,경상
967,2018020500100152,2018년 2월 5일 08시,월요일,경기도 남양주시 진접읍,경상사고,0,0,1,0,차대사람 - 기타,안전운전불이행,포장 - 건조,맑음,단일로 - 기타,승용,남,44세,상해없음,보행자,여,18세,경상
968,2018020500100153,2018년 2월 5일 08시,월요일,경기도 파주시 조리읍,경상사고,0,0,1,0,차대사람 - 기타,안전운전불이행,포장 - 건조,맑음,교차로 - 교차로부근,승용,남,37세,상해없음,보행자,남,63세,경상
969,2018020500100202,2018년 2월 5일 09시,월요일,경기도 고양시 일산서구 대화동,중상사고,0,1,0,0,차대사람 - 횡단중,신호위반,포장 - 건조,맑음,단일로 - 기타,승용,남,50세,상해없음,보행자,여,30세,중상
970,2018020500100211,2018년 2월 5일 10시,월요일,경기도 수원시 팔달구 우만동,중상사고,0,1,0,0,차대사람 - 횡단중,보행자보호의무위반,포장 - 건조,맑음,교차로 - 교차로안,승용,남,34세,상해없음,보행자,여,55세,중상
971,2018020500100247,2018년 2월 5일 11시,월요일,경기도 수원시 장안구 천천동,중상사고,0,1,0,0,차대사람 - 횡단중,신호위반,포장 - 건조,맑음,교차로 - 교차로안,화물,남,48세,상해없음,보행자,남,73세,중상
972,2018020500100269,2018년 2월 5일 11시,월요일,경기도 파주시 문발동,경상사고,0,0,1,0,차대사람 - 차도통행중,안전운전불이행,포장 - 건조,맑음,단일로 - 기타,승용,남,59세,상해없음,보행자,여,48세,경상
973,2018020500100277,2018년 2월 5일 12시,월요일,경기도 안산시 단원구 고잔동,경상사고,0,0,1,0,차대사람 - 기타,안전운전불이행,포장 - 건조,맑음,단일로 - 기타,승용,남,60세,상해없음,보행자,남,75세,경상
974,2018020500100309,2018년 2월 5일 13시,월요일,경기도 광주시 오포읍,경상사고,0,0,1,0,차대사람 - 기타,안전운전불이행,포장 - 건조,맑음,단일로 - 기타,승용,여,48세,상해없음,보행자,여,45세,경상
975,2018020500100340,2018년 2월 5일 14시,월요일,경기도 성남시 수정구 태평동,중상사고,0,1,0,0,차대사람 - 기타,안전운전불이행,포장 - 건조,맑음,교차로 - 교차로부근,승용,남,78세,상해없음,보행자,여,68세,중상
976,2018020500100342,2018년 2월 5일 14시,월요일,경기도 화성시 봉담읍,중상사고,0,1,0,0,차대사람 - 차도통행중,안전운전불이행,포장 - 건조,맑음,교차로 - 교차로안,화물,남,71세,상해없음,보행자,여,53세,중상
977,2018020500100398,2018년 2월 5일 15시,월요일,경기도 의정부시 호원동,중상사고,0,1,0,0,차대사람 - 기타,안전운전불이행,포장 - 건조,맑음,단일로 - 기타,승용,여,26세,상해없음,보행자,여,58세,중상
978,2018020500100402,2018년 2월 5일 15시,월요일,경기도 동두천시 생연동,중상사고,0,1,0,0,차대사람 - 기타,안전운전불이행,포장 - 건조,맑음,단일로 - 기타,승용,여,52세,상해없음,보행자,여,76세,중상
979,2018020500100413,2018년 2월 5일 16시,월요일,경기도 성남시 수정구 태평동,중상사고,0,1,0,0,차대사람 - 횡단중,신호위반,포장 - 건조,맑음,단일로 - 기타,승용,남,78세,상해없음,보행자,여,36세,중상
980,2018020500100415,2018년 2월 5일 16시,월요일,경기도 이천시 창전동,중상사고,0,1,0,0,차대사람 - 횡단중,안전운전불이행,포장 - 건조,맑음,교차로 - 교차로안,승용,남,65세,상해없음,보행자,여,76세,중상
981,2018020500100435,2018년 2월 5일 16시,월요일,경기도 고양시 덕양구 성사동,중상사고,0,1,0,0,차대사람 - 차도통행중,안전운전불이행,포장 - 기타,맑음,단일로 - 기타,승용,남,60세,상해없음,보행자,여,72세,중상
982,2018020500100446,2018년 2월 5일 17시,월요일,경기도 성남시 수정구 복정동,경상사고,0,0,1,0,차대사람 - 횡단중,보행자보호의무위반,포장 - 건조,맑음,단일로 - 기타,승용,남,75세,기타불명,보행자,남,32세,경상
983,2018020500100447,2018년 2월 5일 17시,월요일,경기도 군포시 산본동,중상사고,0,1,0,0,차대사람 - 횡단중,보행자보호의무위반,포장 - 건조,맑음,교차로 - 교차로안,승용,남,62세,상해없음,보행자,남,19세,중상
984,2018020500100484,2018년 2월 5일 18시,월요일,경기도 평택시 서정동,중상사고,0,1,0,0,차대사람 - 횡단중,안전운전불이행,포장 - 건조,맑음,교차로 - 교차로횡단보도내,승용,여,31세,상해없음,보행자,여,20세,중상
985,2018020500100486,2018년 2월 5일 18시,월요일,경기도 용인시 기흥구 상하동,중상사고,0,1,0,0,차대사람 - 횡단중,안전운전불이행,포장 - 건조,맑음,교차로 - 교차로안,화물,여,62세,상해없음,보행자,여,74세,중상
986,2018020500100489,2018년 2월 5일 18시,월요일,경기도 안산시 상록구 수암동,경상사고,0,0,1,0,차대사람 - 차도통행중,안전운전불이행,포장 - 건조,맑음,단일로 - 기타,승용,남,68세,상해없음,보행자,남,55세,경상
987,2018020500100525,2018년 2월 5일 19시,월요일,경기도 성남시 분당구 야탑동,중상사고,0,1,0,0,차대사람 - 횡단중,안전운전불이행,포장 - 건조,맑음,단일로 - 기타,승용,남,71세,상해없음,보행자,여,61세,중상
988,2018020500100545,2018년 2월 5일 19시,월요일,경기도 의정부시 신곡동,부상신고사고,0,0,0,1,차대사람 - 길가장자리구역통행중,안전운전불이행,포장 - 건조,맑음,단일로 - 기타,기타불명,기타불명,미분류,기타불명,보행자,남,15세,부상신고
989,2018020500100548,2018년 2월 5일 19시,월요일,경기도 파주시 법원읍,사망사고,1,0,0,0,차대사람 - 횡단중,안전운전불이행,포장 - 건조,맑음,단일로 - 기타,승용,남,37세,상해없음,보행자,여,78세,사망
990,2018020500100549,2018년 2월 5일 19시,월요일,경기도 파주시 금촌동,경상사고,0,0,1,0,차대사람 - 기타,안전운전불이행,포장 - 건조,맑음,교차로 - 교차로안,승용,남,55세,상해없음,보행자,여,55세,경상
991,2018020500100556,2018년 2월 5일 20시,월요일,경기도 안양시 동안구 관양동,중상사고,0,1,0,0,차대사람 - 차도통행중,안전운전불이행,포장 - 건조,맑음,단일로 - 기타,승용,여,57세,상해없음,보행자,여,44세,중상
992,2018020500100574,2018년 2월 5일 20시,월요일,경기도 고양시 일산동구 중산동,경상사고,0,0,1,0,차대사람 - 기타,보행자보호의무위반,포장 - 건조,맑음,교차로 - 교차로횡단보도내,승용,여,49세,상해없음,보행자,남,48세,경상
993,2018020500100611,2018년 2월 5일 22시,월요일,경기도 수원시 영통구 영통동,중상사고,0,1,0,0,차대사람 - 횡단중,안전운전불이행,포장 - 건조,맑음,교차로 - 교차로안,승합,여,52세,상해없음,보행자,여,60세,중상
994,2018020500100612,2018년 2월 5일 22시,월요일,경기도 시흥시 대야동,중상사고,0,1,0,0,차대사람 - 차도통행중,안전운전불이행,포장 - 건조,맑음,교차로 - 교차로부근,승용,남,49세,상해없음,보행자,남,45세,중상
995,2018020600100066,2018년 2월 6일 06시,화요일,경기도 시흥시 정왕동,중상사고,0,1,0,0,차대사람 - 횡단중,신호위반,포장 - 건조,맑음,교차로 - 교차로횡단보도내,승용,남,72세,상해없음,보행자,여,35세,중상
996,2018020600100069,2018년 2월 6일 06시,화요일,경기도 하남시 덕풍동,중상사고,0,1,0,0,차대사람 - 횡단중,안전운전불이행,포장 - 건조,맑음,교차로 - 교차로안,승용,여,58세,상해없음,보행자,남,42세,중상
997,2018020600100080,2018년 2월 6일 07시,화요일,경기도 수원시 장안구 연무동,중상사고,0,1,0,0,차대사람 - 횡단중,신호위반,포장 - 건조,맑음,교차로 - 교차로부근,승합,남,69세,상해없음,보행자,남,29세,중상
998,2018020600100121,2018년 2월 6일 08시,화요일,경기도 광주시 역동,경상사고,0,0,1,0,차대사람 - 횡단중,보행자보호의무위반,포장 - 건조,맑음,교차로 - 교차로부근,승용,남,52세,상해없음,보행자,여,23세,경상
999,2018020600100168,2018년 2월 6일 09시,화요일,경기도 용인시 기흥구 영덕동,중상사고,0,1,0,0,차대사람 - 기타,기타,포장 - 건조,맑음,단일로 - 기타,승용,남,42세,상해없음,보행자,여,47세,중상
1000,2018020600100190,2018년 2월 6일 09시,화요일,경기도 가평군 가평읍,경상사고,0,0,1,0,차대사람 - 기타,안전운전불이행,포장 - 건조,맑음,단일로 - 기타,승용,여,62세,상해없음,보행자,여,76세,경상
1001,2018020600100191,2018년 2월 6일 09시,화요일,경기도 고양시 일산서구 주엽동,중상사고,0,1,0,0,차대사람 - 횡단중,안전운전불이행,포장 - 건조,맑음,단일로 - 기타,승용,여,49세,상해없음,보행자,여,78세,중상
1002,2018020600100200,2018년 2월 6일 10시,화요일,경기도 김포시 통진읍,중상사고,0,1,0,0,차대사람 - 보도통행중,안전운전불이행,포장 - 건조,맑음,교차로 - 교차로횡단보도내,화물,남,61세,상해없음,보행자,여,79세,중상
1003,2018020600100263,2018년 2월 6일 12시,화요일,경기도 이천시 마장면,중상사고,0,1,0,0,차대사람 - 기타,신호위반,포장 - 건조,맑음,교차로 - 교차로안,건설기계,남,58세,상해없음,보행자,여,38세,중상
1004,2018020600100329,2018년 2월 6일 14시,화요일,경기도 용인시 처인구 포곡읍,부상신고사고,0,0,0,1,차대사람 - 기타,안전운전불이행,포장 - 건조,맑음,기타 - 기타,승용,남,41세,상해없음,보행자,여,48세,부상신고
1005,2018020600100338,2018년 2월 6일 14시,화요일,경기도 용인시 수지구 풍덕천동,중상사고,0,1,0,0,차대사람 - 횡단중,보행자보호의무위반,포장 - 건조,맑음,교차로 - 교차로횡단보도내,승용,여,65세,상해없음,보행자,여,69세,중상
1006,2018020600100365,2018년 2월 6일 15시,화요일,경기도 부천시 범박동,경상사고,0,0,1,0,차대사람 - 횡단중,신호위반,포장 - 건조,맑음,교차로 - 교차로안,이륜,남,25세,상해없음,보행자,남,13세,경상
1007,2018020600100367,2018년 2월 6일 15시,화요일,경기도 군포시 산본동,부상신고사고,0,0,0,1,차대사람 - 기타,안전운전불이행,포장 - 건조,맑음,단일로 - 기타,승용,남,51세,상해없음,보행자,남,80세,부상신고
1008,2018020600100368,2018년 2월 6일 15시,화요일,경기도 수원시 권선구 세류동,경상사고,0,0,1,0,차대사람 - 횡단중,안전운전불이행,포장 - 건조,맑음,단일로 - 기타,화물,남,59세,상해없음,보행자,여,10세,경상
1009,2018020600100389,2018년 2월 6일 16시,화요일,경기도 평택시 이충동,경상사고,0,0,1,0,차대사람 - 보도통행중,기타,포장 - 건조,맑음,교차로 - 교차로안,승용,여,55세,상해없음,보행자,남,16세,경상
1010,2018020600100396,2018년 2월 6일 16시,화요일,경기도 시흥시 매화동,중상사고,0,1,0,0,차대사람 - 기타,안전운전불이행,포장 - 건조,맑음,단일로 - 기타,승용,여,43세,상해없음,보행자,여,75세,중상
1011,2018020600100469,2018년 2월 6일 18시,화요일,경기도 부천시 역곡동,중상사고,0,1,0,0,차대사람 - 횡단중,보행자보호의무위반,포장 - 건조,맑음,교차로 - 교차로부근,승용,남,58세,상해없음,보행자,남,63세,중상
1012,2018020600100512,2018년 2월 6일 19시,화요일,경기도 하남시 망월동,경상사고,0,0,1,0,차대사람 - 보도통행중,안전운전불이행,포장 - 서리/결빙,맑음,기타 - 기타,자전거,남,17세,상해없음,보행자,여,56세,경상
1013,2018020600100564,2018년 2월 6일 20시,화요일,경기도 고양시 일산동구 지영동,중상사고,0,1,0,0,차대사람 - 횡단중,보행자보호의무위반,포장 - 건조,맑음,교차로 - 교차로횡단보도내,승용,여,59세,상해없음,보행자,여,28세,중상
1014,2018020600100598,2018년 2월 6일 21시,화요일,경기도 파주시 문산읍,경상사고,0,0,1,0,차대사람 - 길가장자리구역통행중,안전운전불이행,포장 - 건조,맑음,단일로 - 기타,승용,여,44세,상해없음,보행자,남,54세,경상
1015,2018020600100609,2018년 2월 6일 22시,화요일,경기도 평택시 팽성읍,경상사고,0,0,1,0,차대사람 - 기타,안전운전불이행,포장 - 건조,맑음,기타 - 기타,승용,남,33세,상해없음,보행자,남,37세,경상
1016,2018020600100610,2018년 2월 6일 22시,화요일,경기도 광주시 오포읍,중상사고,0,1,0,0,차대사람 - 기타,안전운전불이행,포장 - 건조,맑음,단일로 - 기타,승용,남,42세,상해없음,보행자,남,42세,중상
1017,2018020600100626,2018년 2월 6일 22시,화요일,경기도 가평군 청평면,부상신고사고,0,0,0,1,차대사람 - 횡단중,안전운전불이행,포장 - 건조,맑음,교차로 - 교차로안,승용,남,46세,상해없음,보행자,남,54세,부상신고
1018,2018020600100636,2018년 2월 6일 23시,화요일,경기도 수원시 영통구 영통동,경상사고,0,0,1,0,차대사람 - 기타,안전운전불이행,포장 - 건조,맑음,교차로 - 교차로안,승용,여,27세,상해없음,보행자,남,35세,경상
1019,2018020700100015,2018년 2월 7일 00시,수요일,경기도 구리시 교문동,경상사고,0,0,1,0,차대사람 - 기타,안전운전불이행,포장 - 건조,맑음,단일로 - 기타,승용,남,70세,상해없음,보행자,남,37세,경상
1020,2018020700100023,2018년 2월 7일 01시,수요일,경기도 부천시 소사본동,경상사고,0,0,1,0,차대사람 - 기타,안전운전불이행,포장 - 건조,맑음,단일로 - 기타,기타불명,기타불명,미분류,기타불명,보행자,여,24세,경상
1021,2018020700100066,2018년 2월 7일 05시,수요일,경기도 과천시 중앙동,중상사고,0,1,0,0,차대사람 - 기타,안전운전불이행,포장 - 건조,맑음,교차로 - 교차로부근,승합,남,58세,상해없음,보행자,여,54세,중상
1022,2018020700100068,2018년 2월 7일 05시,수요일,경기도 수원시 권선구 세류동,경상사고,0,0,1,0,차대사람 - 차도통행중,안전운전불이행,포장 - 건조,맑음,단일로 - 기타,승용,남,33세,상해없음,보행자,남,56세,경상
1023,2018020700100102,2018년 2월 7일 07시,수요일,경기도 오산시 벌음동,경상사고,0,0,1,0,차대사람 - 횡단중,보행자보호의무위반,포장 - 건조,맑음,교차로 - 교차로횡단보도내,승용,남,53세,상해없음,보행자,남,54세,경상
1024,2018020700100109,2018년 2월 7일 07시,수요일,경기도 수원시 팔달구 고등동,경상사고,0,0,1,0,차대사람 - 기타,안전운전불이행,포장 - 건조,맑음,교차로 - 교차로안,승용,남,48세,상해없음,보행자,여,20세,경상
1025,2018020700100122,2018년 2월 7일 07시,수요일,경기도 포천시 신읍동,경상사고,0,0,1,0,차대사람 - 횡단중,보행자보호의무위반,포장 - 건조,맑음,단일로 - 기타,승용,남,35세,상해없음,보행자,남,62세,경상
1026,2018020700100181,2018년 2월 7일 09시,수요일,경기도 김포시 구래동,경상사고,0,0,2,0,차대사람 - 기타,안전운전불이행,포장 - 건조,맑음,교차로 - 교차로횡단보도내,승용,여,34세,상해없음,보행자,여,2세,경상
1027,2018020700100182,2018년 2월 7일 09시,수요일,경기도 안산시 단원구 고잔동,중상사고,0,1,0,0,차대사람 - 횡단중,안전운전불이행,포장 - 건조,맑음,단일로 - 기타,승합,남,53세,상해없음,보행자,남,48세,중상
1028,2018020700100187,2018년 2월 7일 09시,수요일,경기도 안양시 만안구 안양동,경상사고,0,0,1,0,차대사람 - 횡단중,보행자보호의무위반,포장 - 건조,맑음,교차로 - 교차로횡단보도내,승용,남,52세,상해없음,보행자,여,16세,경상