,사고번호,사고일시,요일,시군구,사고내용,사망자수,중상자수,경상자수,부상신고자수,사고유형,법규위반,노면상태,기상상태,도로형태,가해운전자 차종,가해운전자 성별,가해운전자 연령,가해운전자 상해정도,피해운전자 차종,피해운전자 성별,피해운전자 연령,피해운전자 상해정도
1029,2018020700100364,2018년 2월 7일 15시,수요일,경기도 이천시 안흥동,경상사고,0,0,1,0,차대사람 - 기타,안전운전불이행,포장 - 건조,맑음,교차로 - 교차로안,승합,남,58세,상해없음,보행자,여,90세 이상,경상
1030,2018020700100365,2018년 2월 7일 15시,수요일,경기도 부천시 춘의동,경상사고,0,0,2,0,차대사람 - 횡단중,신호위반,포장 - 건조,맑음,교차로 - 교차로횡단보도내,화물,남,36세,상해없음,보행자,여,47세,경상
1031,2018020700100385,2018년 2월 7일 15시,수요일,경기도 남양주시 와부읍,중상사고,0,1,0,0,차대사람 - 횡단중,보행자보호의무위반,포장 - 건조,맑음,교차로 - 교차로횡단보도내,승용,남,45세,상해없음,보행자,남,56세,중상
1032,2018020700100386,2018년 2월 7일 15시,수요일,경기도 파주시 적성면,중상사고,0,1,0,0,차대사람 - 횡단중,안전운전불이행,포장 - 건조,맑음,단일로 - 기타,화물,남,45세,상해없음,보행자,여,39세,중상
1033,2018020700100401,2018년 2월 7일 16시,수요일,경기도 평택시 팽성읍,중상사고,0,1,0,0,차대사람 - 횡단중,보행자보호의무위반,포장 - 건조,맑음,교차로 - 교차로횡단보도내,승용,남,42세,상해없음,보행자,여,67세,중상
1034,2018020700100402,2018년 2월 7일 16시,수요일,경기도 수원시 권선구 권선동,경상사고,0,0,1,0,차대사람 - 횡단중,중앙선침범,포장 - 건조,맑음,단일로 - 기타,이륜,남,29세,상해없음,보행자,여,65세,경상
1035,2018020700100480,2018년 2월 7일 18시,수요일,경기도 김포시 사우동,중상사고,0,1,0,0,차대사람 - 기타,안전운전불이행,포장 - 건조,맑음,단일로 - 기타,이륜,남,31세,상해없음,보행자,여,57세,중상
1036,2018020700100486,2018년 2월 7일 18시,수요일,경기도 수원시 팔달구 인계동,중상사고,0,1,0,0,차대사람 - 차도통행중,안전운전불이행,포장 - 건조,맑음,단일로 - 기타,이륜,남,28세,상해없음,보행자,남,51세,중상
1037,2018020700100527,2018년 2월 7일 18시,수요일,경기도 고양시 일산동구 백석동,경상사고,0,0,1,0,차대사람 - 횡단중,신호위반,포장 - 건조,맑음,교차로 - 교차로안,승용,남,49세,상해없음,보행자,여,29세,경상
1038,2018020700100528,2018년 2월 7일 18시,수요일,경기도 동두천시 지행동,부상신고사고,0,0,0,1,차대사람 - 횡단중,안전운전불이행,포장 - 건조,맑음,교차로 - 교차로안,승용,남,64세,상해없음,보행자,남,26세,부상신고
1039,2018020700100540,2018년 2월 7일 19시,수요일,경기도 이천시 증포동,중상사고,0,1,0,0,차대사람 - 횡단중,보행자보호의무위반,포장 - 건조,흐림,교차로 - 교차로횡단보도내,승용,남,36세,상해없음,보행자,여,19세,중상
1040,2018020700100544,2018년 2월 7일 19시,수요일,경기도 김포시 풍무동,중상사고,0,1,0,0,차대사람 - 기타,안전운전불이행,포장 - 건조,맑음,단일로 - 기타,승용,남,50세,상해없음,보행자,남,80세,중상
1041,2018020700100579,2018년 2월 7일 19시,수요일,경기도 양주시 장흥면,중상사고,0,1,0,0,차대사람 - 횡단중,신호위반,포장 - 건조,맑음,교차로 - 교차로부근,승용,남,69세,상해없음,보행자,여,72세,중상
1042,2018020700100580,2018년 2월 7일 19시,수요일,경기도 가평군 청평면,중상사고,0,1,0,0,차대사람 - 기타,안전운전불이행,포장 - 건조,맑음,단일로 - 기타,승용,남,68세,상해없음,보행자,여,67세,중상
1043,2018020700100592,2018년 2월 7일 20시,수요일,경기도 용인시 처인구 김량장동,경상사고,0,0,1,2,차대사람 - 기타,안전운전불이행,포장 - 건조,맑음,단일로 - 기타,승합,남,62세,상해없음,보행자,남,67세,상해없음
1044,2018020700100613,2018년 2월 7일 20시,수요일,경기도 남양주시 진접읍,중상사고,0,1,0,0,차대사람 - 차도통행중,안전운전불이행,포장 - 건조,맑음,교차로 - 교차로안,승용,남,67세,상해없음,보행자,여,62세,중상
1045,2018020700100624,2018년 2월 7일 21시,수요일,경기도 수원시 팔달구 팔달로1가,경상사고,0,0,1,0,차대사람 - 기타,안전운전불이행,포장 - 건조,맑음,단일로 - 기타,승용,남,37세,상해없음,보행자,남,42세,경상
1046,2018020700100625,2018년 2월 7일 21시,수요일,경기도 안성시 아양동,중상사고,0,1,0,0,차대사람 - 횡단중,보행자보호의무위반,포장 - 건조,맑음,단일로 - 기타,승용,남,60세,상해없음,보행자,남,56세,중상
1047,2018020700100628,2018년 2월 7일 21시,수요일,경기도 화성시 진안동,중상사고,0,1,0,0,차대사람 - 횡단중,보행자보호의무위반,포장 - 건조,맑음,교차로 - 교차로횡단보도내,이륜,남,58세,상해없음,보행자,남,64세,중상
1048,2018020700100643,2018년 2월 7일 21시,수요일,경기도 파주시 야당동,중상사고,0,1,1,0,차대사람 - 횡단중,보행자보호의무위반,포장 - 건조,맑음,교차로 - 교차로횡단보도내,승용,여,35세,상해없음,보행자,남,38세,중상
1049,2018020700100663,2018년 2월 7일 22시,수요일,경기도 성남시 분당구 야탑동,부상신고사고,0,0,0,1,차대사람 - 횡단중,안전운전불이행,포장 - 건조,맑음,교차로 - 교차로안,승용,남,38세,상해없음,보행자,남,58세,부상신고
1050,2018020700100676,2018년 2월 7일 22시,수요일,경기도 남양주시 화도읍,경상사고,0,0,1,0,차대사람 - 차도통행중,안전운전불이행,포장 - 건조,맑음,단일로 - 지하차도(도로)내,승용,남,50세,상해없음,보행자,여,61세,경상
1051,2018020700100701,2018년 2월 7일 23시,수요일,경기도 연천군 전곡읍,부상신고사고,0,0,0,1,차대사람 - 기타,안전운전불이행,포장 - 건조,맑음,교차로 - 교차로안,화물,남,31세,상해없음,보행자,남,63세,부상신고
1052,2018020800100006,2018년 2월 8일 00시,목요일,경기도 수원시 장안구 송죽동,경상사고,0,0,1,0,차대사람 - 기타,안전운전불이행,포장 - 건조,맑음,교차로 - 교차로부근,승용,남,63세,상해없음,보행자,남,32세,경상
1053,2018020800100007,2018년 2월 8일 00시,목요일,경기도 수원시 장안구 영화동,경상사고,0,0,1,0,차대사람 - 횡단중,안전운전불이행,포장 - 건조,맑음,단일로 - 기타,승용,남,23세,상해없음,보행자,남,48세,경상
1054,2018020800100008,2018년 2월 8일 00시,목요일,경기도 성남시 수정구 산성동,중상사고,0,1,0,0,차대사람 - 횡단중,안전운전불이행,포장 - 건조,맑음,기타 - 기타,승용,남,36세,상해없음,보행자,남,40세,중상
1055,2018020800100009,2018년 2월 8일 00시,목요일,경기도 부천시 춘의동,경상사고,0,0,1,1,차대사람 - 횡단중,안전운전불이행,포장 - 건조,맑음,교차로 - 교차로부근,승용,남,62세,상해없음,보행자,남,37세,부상신고
1056,2018020800100011,2018년 2월 8일 00시,목요일,경기도 성남시 분당구 수내동,경상사고,0,0,1,0,차대사람 - 차도통행중,안전운전불이행,포장 - 건조,맑음,단일로 - 기타,승용,남,47세,상해없음,보행자,남,34세,경상
1057,2018020800100090,2018년 2월 8일 06시,목요일,경기도 구리시 교문동,경상사고,0,0,1,0,차대사람 - 횡단중,보행자보호의무위반,포장 - 건조,맑음,교차로 - 교차로횡단보도내,화물,남,35세,상해없음,보행자,남,55세,경상
1058,2018020800100138,2018년 2월 8일 08시,목요일,경기도 부천시 춘의동,경상사고,0,0,1,0,차대사람 - 차도통행중,안전운전불이행,포장 - 건조,맑음,단일로 - 기타,승용,여,54세,상해없음,보행자,여,38세,경상
1059,2018020800100141,2018년 2월 8일 08시,목요일,경기도 시흥시 대야동,경상사고,0,0,1,0,차대사람 - 횡단중,신호위반,포장 - 건조,맑음,교차로 - 교차로부근,승용,여,48세,상해없음,보행자,남,14세,경상
1060,2018020800100171,2018년 2월 8일 08시,목요일,경기도 동두천시 생연동,중상사고,0,1,0,0,차대사람 - 횡단중,안전운전불이행,포장 - 건조,맑음,단일로 - 기타,승용,남,54세,상해없음,보행자,여,78세,중상
1061,2018020800100189,2018년 2월 8일 09시,목요일,경기도 수원시 권선구 권선동,경상사고,0,0,2,0,차대사람 - 횡단중,안전운전불이행,포장 - 건조,맑음,단일로 - 기타,특수,남,39세,상해없음,보행자,여,36세,경상
1062,2018020800100193,2018년 2월 8일 09시,목요일,경기도 용인시 기흥구 보정동,중상사고,0,1,0,0,차대사람 - 횡단중,보행자보호의무위반,포장 - 건조,맑음,단일로 - 기타,화물,남,46세,상해없음,보행자,남,15세,중상
1063,2018020800100226,2018년 2월 8일 10시,목요일,경기도 화성시 향남읍,중상사고,0,1,0,0,차대사람 - 기타,교차로운행방법위반,포장 - 건조,맑음,교차로 - 교차로안,화물,남,50세,상해없음,보행자,남,37세,중상
1064,2018020800100227,2018년 2월 8일 10시,목요일,경기도 부천시 고강동,경상사고,0,0,1,0,차대사람 - 기타,안전운전불이행,포장 - 건조,맑음,교차로 - 교차로안,화물,남,66세,상해없음,보행자,남,65세,경상
1065,2018020800100228,2018년 2월 8일 10시,목요일,경기도 용인시 수지구 상현동,경상사고,0,0,1,0,차대사람 - 횡단중,신호위반,포장 - 건조,맑음,교차로 - 교차로횡단보도내,승용,남,43세,상해없음,보행자,남,65세,경상
1066,2018020800100229,2018년 2월 8일 10시,목요일,경기도 용인시 수지구 죽전동,중상사고,0,1,0,0,차대사람 - 차도통행중,안전운전불이행,포장 - 건조,맑음,교차로 - 교차로안,화물,남,55세,상해없음,보행자,여,71세,중상
1067,2018020800100258,2018년 2월 8일 11시,목요일,경기도 안산시 단원구 원곡동,중상사고,0,1,0,0,차대사람 - 기타,안전운전불이행,포장 - 건조,맑음,교차로 - 교차로안,승합,남,34세,상해없음,보행자,남,66세,중상
1068,2018020800100279,2018년 2월 8일 11시,목요일,경기도 고양시 일산동구 장항동,경상사고,0,0,1,0,차대사람 - 횡단중,신호위반,포장 - 건조,맑음,단일로 - 기타,승용,여,36세,상해없음,보행자,남,22세,경상
1069,2018020800100294,2018년 2월 8일 12시,목요일,경기도 성남시 중원구 성남동,경상사고,0,0,1,0,차대사람 - 길가장자리구역통행중,안전운전불이행,포장 - 건조,맑음,단일로 - 기타,승용,남,68세,상해없음,보행자,남,16세,경상
1070,2018020800100295,2018년 2월 8일 12시,목요일,경기도 시흥시 거모동,경상사고,0,0,1,0,차대사람 - 보도통행중,기타,포장 - 건조,맑음,교차로 - 교차로부근,화물,남,55세,상해없음,보행자,여,70세,경상
1071,2018020800100325,2018년 2월 8일 13시,목요일,경기도 오산시 원동,중상사고,0,1,0,0,차대사람 - 횡단중,안전운전불이행,포장 - 건조,맑음,단일로 - 기타,이륜,남,52세,상해없음,보행자,여,78세,중상
1072,2018020800100356,2018년 2월 8일 14시,목요일,경기도 수원시 장안구 이목동,경상사고,0,0,1,0,차대사람 - 기타,보행자보호의무위반,포장 - 건조,맑음,교차로 - 교차로부근,승합,남,62세,상해없음,보행자,여,45세,경상
1073,2018020800100385,2018년 2월 8일 14시,목요일,경기도 파주시 조리읍,중상사고,0,1,0,0,차대사람 - 횡단중,보행자보호의무위반,포장 - 건조,맑음,교차로 - 교차로횡단보도내,승용,여,28세,상해없음,보행자,여,68세,중상
1074,2018020800100401,2018년 2월 8일 15시,목요일,경기도 안양시 동안구 호계동,경상사고,0,0,1,0,차대사람 - 횡단중,보행자보호의무위반,포장 - 건조,맑음,교차로 - 교차로횡단보도내,승용,여,57세,상해없음,보행자,남,11세,경상
1075,2018020800100403,2018년 2월 8일 15시,목요일,경기도 부천시 소사본동,중상사고,0,1,0,0,차대사람 - 기타,안전운전불이행,포장 - 건조,맑음,단일로 - 기타,화물,남,62세,상해없음,보행자,남,68세,중상
1076,2018020800100428,2018년 2월 8일 15시,목요일,경기도 파주시 아동동,중상사고,0,1,0,0,차대사람 - 기타,안전운전불이행,포장 - 건조,맑음,주차장 - 주차장,승용,여,58세,상해없음,보행자,여,68세,중상
1077,2018020800100450,2018년 2월 8일 16시,목요일,경기도 화성시 팔탄면,경상사고,0,0,1,0,차대사람 - 보도통행중,보행자보호의무위반,포장 - 건조,맑음,교차로 - 교차로안,승용,남,56세,상해없음,보행자,여,8세,경상
1078,2018020800100490,2018년 2월 8일 17시,목요일,경기도 화성시 봉담읍,경상사고,0,0,1,0,차대사람 - 기타,안전운전불이행,포장 - 건조,맑음,단일로 - 기타,화물,남,60세,상해없음,보행자,남,7세,경상
1079,2018020800100520,2018년 2월 8일 18시,목요일,경기도 수원시 장안구 율전동,중상사고,0,1,0,0,차대사람 - 보도통행중,안전운전불이행,포장 - 건조,맑음,교차로 - 교차로안,승용,남,34세,상해없음,보행자,여,69세,중상
1080,2018020800100529,2018년 2월 8일 18시,목요일,경기도 수원시 팔달구 교동,중상사고,0,1,0,0,차대사람 - 기타,안전운전불이행,포장 - 건조,맑음,기타 - 기타,승용,남,38세,상해없음,보행자,여,70세,중상
1081,2018020800100562,2018년 2월 8일 18시,목요일,경기도 파주시 금촌동,경상사고,0,0,1,0,차대사람 - 기타,신호위반,포장 - 건조,맑음,교차로 - 교차로횡단보도내,승용,여,53세,상해없음,보행자,남,74세,경상
1082,2018020800100563,2018년 2월 8일 18시,목요일,경기도 포천시 가산면,중상사고,0,1,0,0,차대사람 - 횡단중,안전운전불이행,포장 - 건조,맑음,단일로 - 기타,승용,남,34세,상해없음,보행자,남,63세,중상
1083,2018020800100623,2018년 2월 8일 20시,목요일,경기도 안산시 단원구 선부동,경상사고,0,0,1,0,차대사람 - 차도통행중,안전운전불이행,포장 - 건조,맑음,단일로 - 기타,승용,남,43세,상해없음,보행자,여,40세,경상
1084,2018020800100640,2018년 2월 8일 20시,목요일,경기도 동두천시 생연동,중상사고,0,1,0,0,차대사람 - 횡단중,안전운전불이행,포장 - 건조,맑음,교차로 - 교차로안,승용,여,33세,상해없음,보행자,여,67세,중상
1085,2018020800100656,2018년 2월 8일 21시,목요일,경기도 평택시 비전동,중상사고,0,1,0,0,차대사람 - 횡단중,보행자보호의무위반,포장 - 건조,맑음,교차로 - 교차로횡단보도내,승합,여,46세,상해없음,보행자,여,49세,중상
1086,2018020800100658,2018년 2월 8일 21시,목요일,경기도 안양시 동안구 관양동,경상사고,0,0,1,0,차대사람 - 기타,안전운전불이행,포장 - 건조,맑음,기타 - 기타,승용,여,45세,상해없음,보행자,여,46세,경상
1087,2018020800100735,2018년 2월 8일 23시,목요일,경기도 수원시 영통구 영통동,경상사고,0,0,1,0,차대사람 - 횡단중,신호위반,포장 - 건조,맑음,기타 - 기타,승용,남,29세,상해없음,보행자,여,24세,경상
1088,2018020800100738,2018년 2월 8일 23시,목요일,경기도 안양시 만안구 석수동,중상사고,0,1,0,0,차대사람 - 횡단중,안전운전불이행,포장 - 건조,맑음,단일로 - 기타,승용,남,55세,상해없음,보행자,남,18세,중상
1089,2018020900100014,2018년 2월 9일 00시,금요일,경기도 오산시 원동,경상사고,0,0,1,0,차대사람 - 횡단중,신호위반,포장 - 건조,맑음,교차로 - 교차로안,이륜,남,70세,상해없음,보행자,여,47세,경상
1090,2018020900100016,2018년 2월 9일 00시,금요일,경기도 성남시 중원구 성남동,경상사고,0,0,1,0,차대사람 - 횡단중,보행자보호의무위반,포장 - 건조,맑음,교차로 - 교차로부근,승용,남,52세,상해없음,보행자,남,56세,경상
1091,2018020900100037,2018년 2월 9일 01시,금요일,경기도 용인시 수지구 풍덕천동,중상사고,0,1,0,0,차대사람 - 보도통행중,보행자보호의무위반,포장 - 건조,맑음,교차로 - 교차로횡단보도내,승용,남,61세,상해없음,보행자,남,46세,중상
1092,2018020900100062,2018년 2월 9일 04시,금요일,경기도 안산시 단원구 성곡동,중상사고,0,1,0,0,차대사람 - 횡단중,안전운전불이행,포장 - 건조,맑음,단일로 - 기타,승용,남,57세,상해없음,보행자,남,70세,중상
1093,2018020900100095,2018년 2월 9일 07시,금요일,경기도 용인시 기흥구 서천동,경상사고,0,0,1,0,차대사람 - 차도통행중,안전운전불이행,포장 - 건조,맑음,교차로 - 교차로안,승용,남,32세,상해없음,보행자,여,26세,경상
1094,2018020900100113,2018년 2월 9일 07시,금요일,경기도 고양시 덕양구 덕은동,중상사고,0,1,0,0,차대사람 - 차도통행중,안전운전불이행,포장 - 건조,맑음,교차로 - 교차로안,화물,남,38세,상해없음,보행자,여,46세,중상
1095,2018020900100128,2018년 2월 9일 08시,금요일,경기도 평택시 포승읍,경상사고,0,0,1,0,차대사람 - 기타,안전운전불이행,포장 - 건조,맑음,단일로 - 기타,승용,남,28세,상해없음,보행자,남,27세,경상
1096,2018020900100231,2018년 2월 9일 10시,금요일,경기도 남양주시 와부읍,경상사고,0,0,1,0,차대사람 - 길가장자리구역통행중,안전운전불이행,포장 - 건조,맑음,단일로 - 기타,승용,여,47세,상해없음,보행자,남,57세,경상
1097,2018020900100282,2018년 2월 9일 12시,금요일,경기도 수원시 팔달구 고등동,경상사고,0,0,1,0,차대사람 - 횡단중,보행자보호의무위반,포장 - 건조,맑음,교차로 - 교차로안,승용,여,41세,상해없음,보행자,여,61세,경상
1098,2018020900100307,2018년 2월 9일 12시,금요일,경기도 고양시 일산동구 장항동,중상사고,0,1,0,0,차대사람 - 기타,안전운전불이행,포장 - 건조,맑음,교차로 - 교차로부근,승합,남,53세,상해없음,보행자,남,49세,중상
1099,2018020900100322,2018년 2월 9일 13시,금요일,경기도 수원시 영통구 영통동,중상사고,0,1,0,0,차대사람 - 기타,안전운전불이행,포장 - 건조,맑음,교차로 - 교차로안,승합,남,52세,상해없음,보행자,여,55세,중상
1100,2018020900100343,2018년 2월 9일 13시,금요일,경기도 의정부시 신곡동,중상사고,0,1,0,0,차대사람 - 횡단중,안전운전불이행,포장 - 건조,맑음,교차로 - 교차로안,승용,남,73세,상해없음,보행자,남,56세,중상
1101,2018020900100413,2018년 2월 9일 16시,금요일,경기도 광주시 오포읍,중상사고,0,1,0,0,차대사람 - 횡단중,안전운전불이행,포장 - 건조,흐림,단일로 - 기타,승용,여,68세,상해없음,보행자,여,73세,중상
1102,2018020900100454,2018년 2월 9일 17시,금요일,경기도 성남시 수정구 산성동,중상사고,0,1,0,0,차대사람 - 차도통행중,안전운전불이행,포장 - 건조,맑음,단일로 - 기타,승용,남,71세,상해없음,보행자,여,62세,중상
1103,2018020900100455,2018년 2월 9일 17시,금요일,경기도 평택시 서정동,중상사고,0,1,0,0,차대사람 - 기타,안전운전불이행,포장 - 건조,맑음,단일로 - 기타,승용,여,55세,상해없음,보행자,여,25세,중상
1104,2018020900100458,2018년 2월 9일 17시,금요일,경기도 부천시 송내동,경상사고,0,0,1,0,차대사람 - 횡단중,안전운전불이행,포장 - 건조,맑음,교차로 - 교차로안,승용,남,58세,상해없음,보행자,여,47세,경상
1105,2018020900100501,2018년 2월 9일 18시,금요일,경기도 부천시 원미동,중상사고,0,1,1,0,차대사람 - 횡단중,안전운전불이행,포장 - 건조,맑음,교차로 - 교차로안,이륜,남,28세,상해없음,보행자,여,49세,중상
1106,2018020900100503,2018년 2월 9일 18시,금요일,경기도 광명시 광명동,경상사고,0,0,1,0,차대사람 - 길가장자리구역통행중,안전운전불이행,포장 - 건조,맑음,단일로 - 기타,승합,남,37세,상해없음,보행자,남,53세,경상
1107,2018020900100547,2018년 2월 9일 18시,금요일,경기도 남양주시 진건읍,경상사고,0,0,1,0,차대사람 - 기타,안전운전불이행,포장 - 건조,맑음,기타 - 기타,승용,남,70세,상해없음,보행자,여,22세,경상
1108,2018020900100576,2018년 2월 9일 19시,금요일,경기도 시흥시 조남동,사망사고,1,0,0,0,차대사람 - 길가장자리구역통행중,안전운전불이행,포장 - 건조,맑음,교차로 - 교차로안,승용,남,51세,상해없음,보행자,남,70세,사망
1109,2018020900100626,2018년 2월 9일 20시,금요일,경기도 화성시 반송동,중상사고,0,1,0,0,차대사람 - 횡단중,안전운전불이행,포장 - 건조,맑음,단일로 - 기타,승합,남,33세,상해없음,보행자,남,18세,중상
1110,2018020900100629,2018년 2월 9일 20시,금요일,경기도 안양시 만안구 안양동,경상사고,0,0,1,0,차대사람 - 횡단중,보행자보호의무위반,포장 - 건조,맑음,교차로 - 교차로부근,화물,남,62세,상해없음,보행자,여,44세,경상
1111,2018020900100652,2018년 2월 9일 20시,금요일,경기도 고양시 일산서구 일산동,경상사고,0,0,1,0,차대사람 - 횡단중,보행자보호의무위반,포장 - 건조,맑음,교차로 - 교차로횡단보도내,승합,남,62세,상해없음,보행자,여,23세,경상
1112,2018020900100662,2018년 2월 9일 21시,금요일,경기도 수원시 장안구 영화동,중상사고,0,1,0,0,차대사람 - 기타,안전운전불이행,포장 - 건조,맑음,단일로 - 기타,승합,남,51세,상해없음,보행자,남,56세,중상
1113,2018020900100667,2018년 2월 9일 21시,금요일,경기도 부천시 도당동,경상사고,0,0,1,0,차대사람 - 기타,안전운전불이행,포장 - 건조,맑음,교차로 - 교차로안,승용,남,24세,상해없음,보행자,남,52세,경상
1114,2018020900100668,2018년 2월 9일 21시,금요일,경기도 광명시 광명동,부상신고사고,0,0,0,1,차대사람 - 횡단중,교차로운행방법위반,포장 - 건조,흐림,교차로 - 교차로부근,화물,남,51세,상해없음,보행자,남,47세,부상신고
1115,2018020900100685,2018년 2월 9일 21시,금요일,경기도 남양주시 화도읍,경상사고,0,0,1,0,차대사람 - 횡단중,안전운전불이행,포장 - 건조,맑음,단일로 - 기타,이륜,남,45세,기타불명,보행자,여,16세,경상
1116,2018020900100750,2018년 2월 9일 23시,금요일,경기도 안양시 동안구 관양동,경상사고,0,0,1,0,차대사람 - 차도통행중,안전운전불이행,포장 - 건조,맑음,교차로 - 교차로부근,승용,남,50세,상해없음,보행자,남,32세,경상
1117,2018020900100753,2018년 2월 9일 23시,금요일,경기도 김포시 구래동,중상사고,0,1,0,0,차대사람 - 기타,안전운전불이행,포장 - 건조,맑음,교차로 - 교차로부근,화물,남,53세,상해없음,보행자,남,41세,중상
1118,2018020900100754,2018년 2월 9일 23시,금요일,경기도 오산시 원동,부상신고사고,0,0,0,1,차대사람 - 기타,안전운전불이행,포장 - 건조,맑음,단일로 - 기타,승합,남,51세,상해없음,보행자,남,52세,부상신고
1119,2018021000100009,2018년 2월 10일 00시,토요일,경기도 안양시 동안구 관양동,경상사고,0,0,1,0,차대사람 - 횡단중,안전운전불이행,포장 - 건조,맑음,교차로 - 교차로횡단보도내,승용,여,59세,상해없음,보행자,남,25세,경상
1120,2018021000100010,2018년 2월 10일 00시,토요일,경기도 오산시 은계동,경상사고,0,0,1,0,차대사람 - 기타,안전운전불이행,포장 - 건조,맑음,교차로 - 교차로안,승용,남,63세,기타불명,보행자,남,42세,경상
1121,2018021000100011,2018년 2월 10일 00시,토요일,경기도 안산시 상록구 본오동,중상사고,0,1,1,0,차대사람 - 횡단중,안전운전불이행,포장 - 건조,맑음,교차로 - 교차로횡단보도내,승용,여,22세,상해없음,보행자,남,33세,중상
1122,2018021000100012,2018년 2월 10일 00시,토요일,경기도 수원시 팔달구 고등동,중상사고,0,1,0,0,차대사람 - 기타,안전운전불이행,포장 - 건조,맑음,단일로 - 기타,기타불명,기타불명,미분류,기타불명,보행자,남,44세,중상
1123,2018021000100039,2018년 2월 10일 01시,토요일,경기도 광명시 하안동,사망사고,1,0,0,0,차대사람 - 횡단중,안전운전불이행,포장 - 젖음/습기,맑음,단일로 - 기타,화물,남,64세,상해없음,보행자,여,47세,사망
1124,2018021000100115,2018년 2월 10일 06시,토요일,경기도 용인시 기흥구 구갈동,중상사고,0,1,0,0,차대사람 - 횡단중,안전운전불이행,포장 - 건조,맑음,교차로 - 교차로안,승용,남,54세,상해없음,보행자,여,53세,중상
1125,2018021000100196,2018년 2월 10일 10시,토요일,경기도 안산시 단원구 선부동,경상사고,0,0,2,0,차대사람 - 횡단중,보행자보호의무위반,포장 - 건조,맑음,교차로 - 교차로부근,이륜,남,25세,상해없음,보행자,남,12세,경상
1126,2018021000100216,2018년 2월 10일 10시,토요일,경기도 고양시 덕양구 행신동,중상사고,0,1,0,0,차대사람 - 횡단중,보행자보호의무위반,포장 - 건조,맑음,단일로 - 기타,승용,남,72세,상해없음,보행자,남,45세,중상
1127,2018021000100226,2018년 2월 10일 11시,토요일,경기도 부천시 내동,중상사고,0,1,0,0,차대사람 - 보도통행중,기타,포장 - 건조,맑음,기타 - 기타,승용,남,73세,상해없음,보행자,여,74세,중상
1128,2018021000100249,2018년 2월 10일 12시,토요일,경기도 양평군 용문면,중상사고,0,1,0,0,차대사람 - 기타,보행자보호의무위반,포장 - 건조,맑음,교차로 - 교차로부근,승용,남,66세,상해없음,보행자,여,88세,중상
1129,2018021000100272,2018년 2월 10일 13시,토요일,경기도 수원시 장안구 연무동,경상사고,0,0,1,0,차대사람 - 기타,안전운전불이행,포장 - 건조,맑음,단일로 - 기타,승용,여,54세,기타불명,보행자,여,62세,경상
1130,2018021000100290,2018년 2월 10일 13시,토요일,경기도 포천시 소흘읍,경상사고,0,0,1,0,차대사람 - 기타,안전운전불이행,포장 - 건조,맑음,단일로 - 기타,승용,여,39세,상해없음,보행자,여,42세,경상
1131,2018021000100334,2018년 2월 10일 15시,토요일,경기도 부천시 심곡동,경상사고,0,0,1,0,차대사람 - 길가장자리구역통행중,안전운전불이행,포장 - 건조,맑음,단일로 - 기타,승용,남,61세,상해없음,보행자,남,60세,경상
1132,2018021000100360,2018년 2월 10일 16시,토요일,경기도 성남시 수정구 태평동,경상사고,0,0,1,0,차대사람 - 횡단중,신호위반,포장 - 건조,맑음,교차로 - 교차로횡단보도내,승용,여,64세,상해없음,보행자,남,11세,경상
1133,2018021000100362,2018년 2월 10일 16시,토요일,경기도 부천시 심곡본동,중상사고,0,1,0,0,차대사람 - 기타,안전운전불이행,포장 - 건조,맑음,단일로 - 기타,승합,남,43세,기타불명,보행자,여,76세,중상
1134,2018021000100388,2018년 2월 10일 17시,토요일,경기도 수원시 권선구 금곡동,경상사고,0,0,1,0,차대사람 - 횡단중,신호위반,포장 - 건조,맑음,단일로 - 기타,승용,남,55세,상해없음,보행자,남,19세,경상
1135,2018021000100410,2018년 2월 10일 18시,토요일,경기도 용인시 처인구 고림동,경상사고,0,0,1,0,차대사람 - 횡단중,보행자보호의무위반,포장 - 건조,맑음,교차로 - 교차로안,화물,남,62세,상해없음,보행자,여,65세,경상
1136,2018021000100415,2018년 2월 10일 18시,토요일,경기도 안산시 상록구 사동,중상사고,0,1,0,0,차대사람 - 횡단중,신호위반,포장 - 건조,맑음,교차로 - 교차로부근,이륜,남,17세,상해없음,보행자,여,4세,중상
1137,2018021000100440,2018년 2월 10일 18시,토요일,경기도 의정부시 의정부동,경상사고,0,0,1,0,차대사람 - 횡단중,신호위반,포장 - 건조,맑음,교차로 - 교차로횡단보도내,화물,여,58세,상해없음,보행자,여,23세,경상
1138,2018021000100455,2018년 2월 10일 19시,토요일,경기도 안산시 단원구 고잔동,경상사고,0,0,1,0,차대사람 - 기타,신호위반,포장 - 건조,맑음,교차로 - 교차로횡단보도내,승용,여,47세,상해없음,보행자,남,9세,경상
1139,2018021000100479,2018년 2월 10일 19시,토요일,경기도 고양시 덕양구 토당동,부상신고사고,0,0,0,1,차대사람 - 차도통행중,안전운전불이행,포장 - 기타,맑음,교차로 - 교차로부근,승용,여,37세,상해없음,보행자,남,42세,부상신고
1140,2018021000100537,2018년 2월 10일 22시,토요일,경기도 안양시 동안구 관양동,경상사고,0,0,1,0,차대사람 - 길가장자리구역통행중,안전운전불이행,포장 - 건조,맑음,교차로 - 교차로부근,승용,남,62세,기타불명,보행자,남,43세,경상
1141,2018021000100538,2018년 2월 10일 22시,토요일,경기도 군포시 금정동,경상사고,0,0,1,0,차대사람 - 기타,안전운전불이행,포장 - 건조,맑음,교차로 - 교차로안,승용,남,27세,상해없음,보행자,남,46세,경상