,사고번호,사고일시,요일,시군구,사고내용,사망자수,중상자수,경상자수,부상신고자수,사고유형,법규위반,노면상태,기상상태,도로형태,가해운전자 차종,가해운전자 성별,가해운전자 연령,가해운전자 상해정도,피해운전자 차종,피해운전자 성별,피해운전자 연령,피해운전자 상해정도
1142,2018021000100556,2018년 2월 10일 23시,토요일,경기도 평택시 서정동,중상사고,0,3,0,0,차대사람 - 기타,안전운전불이행,포장 - 건조,맑음,단일로 - 기타,승용,여,45세,상해없음,보행자,남,50세,중상
1143,2018021000100558,2018년 2월 10일 23시,토요일,경기도 수원시 팔달구 매교동,경상사고,0,0,1,0,차대사람 - 횡단중,안전운전불이행,포장 - 건조,맑음,단일로 - 기타,승용,남,56세,상해없음,보행자,남,49세,경상
1144,2018021100100004,2018년 2월 11일 00시,일요일,경기도 평택시 신장동,경상사고,0,0,1,0,차대사람 - 기타,안전운전불이행,포장 - 건조,맑음,단일로 - 기타,승용,여,22세,상해없음,보행자,남,52세,경상
1145,2018021100100007,2018년 2월 11일 00시,일요일,경기도 수원시 팔달구 인계동,경상사고,0,0,1,0,차대사람 - 기타,안전운전불이행,포장 - 건조,맑음,교차로 - 교차로부근,승용,여,30세,상해없음,보행자,남,26세,경상
1146,2018021100100020,2018년 2월 11일 00시,일요일,경기도 고양시 덕양구 행신동,경상사고,0,0,1,0,차대사람 - 보도통행중,보행자보호의무위반,포장 - 건조,맑음,교차로 - 교차로횡단보도내,승용,남,65세,상해없음,보행자,남,46세,경상
1147,2018021100100090,2018년 2월 11일 06시,일요일,경기도 평택시 안중읍,경상사고,0,0,1,0,차대사람 - 횡단중,보행자보호의무위반,포장 - 건조,맑음,교차로 - 교차로안,승용,여,62세,상해없음,보행자,남,46세,경상
1148,2018021100100124,2018년 2월 11일 09시,일요일,경기도 안양시 만안구 안양동,경상사고,0,0,1,0,차대사람 - 횡단중,안전운전불이행,포장 - 건조,맑음,교차로 - 교차로횡단보도내,승용,남,70세,상해없음,보행자,남,74세,경상
1149,2018021100100218,2018년 2월 11일 13시,일요일,경기도 고양시 일산동구 백석동,중상사고,0,1,0,0,차대사람 - 횡단중,신호위반,포장 - 건조,맑음,교차로 - 교차로안,승용,남,61세,상해없음,보행자,남,39세,중상
1150,2018021100100270,2018년 2월 11일 16시,일요일,경기도 오산시 원동,경상사고,0,0,1,0,차대사람 - 길가장자리구역통행중,안전운전불이행,포장 - 젖음/습기,눈,단일로 - 기타,승용,남,64세,상해없음,보행자,남,25세,경상
1151,2018021100100271,2018년 2월 11일 16시,일요일,경기도 안산시 단원구 대부북동,경상사고,0,0,1,0,차대사람 - 길가장자리구역통행중,안전운전불이행,포장 - 서리/결빙,맑음,단일로 - 기타,승용,남,53세,상해없음,보행자,남,51세,경상
1152,2018021100100272,2018년 2월 11일 16시,일요일,경기도 안산시 단원구 선부동,경상사고,0,0,1,0,차대사람 - 횡단중,안전운전불이행,포장 - 건조,맑음,단일로 - 기타,기타불명,기타불명,미분류,기타불명,보행자,남,54세,경상
1153,2018021100100293,2018년 2월 11일 16시,일요일,경기도 고양시 덕양구 화정동,경상사고,0,0,1,0,차대사람 - 횡단중,보행자보호의무위반,포장 - 건조,맑음,단일로 - 기타,화물,남,31세,상해없음,보행자,남,16세,경상
1154,2018021100100301,2018년 2월 11일 17시,일요일,경기도 성남시 수정구 신흥동,경상사고,0,0,1,0,차대사람 - 길가장자리구역통행중,안전운전불이행,포장 - 건조,맑음,단일로 - 기타,승용,남,68세,상해없음,보행자,남,51세,경상
1155,2018021100100304,2018년 2월 11일 17시,일요일,경기도 수원시 영통구 망포동,경상사고,0,0,1,0,차대사람 - 횡단중,안전운전불이행,포장 - 건조,맑음,단일로 - 기타,승용,여,40세,상해없음,보행자,남,17세,경상
1156,2018021100100305,2018년 2월 11일 17시,일요일,경기도 수원시 팔달구 매교동,중상사고,0,1,0,0,차대사람 - 차도통행중,안전운전불이행,포장 - 적설,눈,단일로 - 기타,승용,남,65세,상해없음,보행자,여,18세,중상
1157,2018021100100362,2018년 2월 11일 19시,일요일,경기도 김포시 풍무동,중상사고,0,1,0,0,차대사람 - 횡단중,안전운전불이행,포장 - 건조,맑음,교차로 - 교차로부근,승합,남,69세,상해없음,보행자,남,62세,중상
1158,2018021100100385,2018년 2월 11일 20시,일요일,경기도 여주시 상동,중상사고,0,1,0,0,차대사람 - 길가장자리구역통행중,안전운전불이행,포장 - 건조,맑음,단일로 - 기타,승용,남,29세,상해없음,보행자,여,73세,중상
1159,2018021100100388,2018년 2월 11일 20시,일요일,경기도 수원시 영통구 이의동,경상사고,0,0,1,0,차대사람 - 횡단중,보행자보호의무위반,포장 - 건조,맑음,교차로 - 교차로부근,승용,남,30세,상해없음,보행자,남,30세,경상
1160,2018021100100389,2018년 2월 11일 20시,일요일,경기도 수원시 권선구 고색동,경상사고,0,0,1,0,차대사람 - 기타,안전운전불이행,포장 - 적설,흐림,교차로 - 교차로부근,승용,남,35세,상해없음,보행자,남,44세,경상
1161,2018021100100404,2018년 2월 11일 20시,일요일,경기도 남양주시 오남읍,경상사고,0,0,1,0,차대사람 - 기타,보행자보호의무위반,포장 - 건조,맑음,교차로 - 교차로횡단보도내,승용,남,37세,상해없음,보행자,여,14세,경상
1162,2018021100100412,2018년 2월 11일 21시,일요일,경기도 광주시 곤지암읍,경상사고,0,0,1,0,차대사람 - 횡단중,안전운전불이행,포장 - 적설,눈,교차로 - 교차로부근,승용,여,24세,상해없음,보행자,남,48세,경상
1163,2018021100100417,2018년 2월 11일 21시,일요일,경기도 부천시 원종동,경상사고,0,0,1,0,차대사람 - 기타,안전운전불이행,포장 - 건조,맑음,기타 - 기타,승용,남,56세,상해없음,보행자,남,36세,경상
1164,2018021100100446,2018년 2월 11일 22시,일요일,경기도 광명시 광명동,중상사고,0,1,0,0,차대사람 - 횡단중,안전운전불이행,포장 - 건조,맑음,단일로 - 기타,승용,남,57세,상해없음,보행자,남,57세,중상
1165,2018021100100479,2018년 2월 11일 23시,일요일,경기도 동두천시 생연동,중상사고,0,1,0,0,차대사람 - 차도통행중,안전운전불이행,포장 - 건조,맑음,교차로 - 교차로안,승용,남,47세,상해없음,보행자,남,41세,중상
1166,2018021200100013,2018년 2월 12일 00시,월요일,경기도 의정부시 의정부동,중상사고,0,1,0,0,차대사람 - 횡단중,안전운전불이행,포장 - 건조,맑음,교차로 - 교차로횡단보도내,승용,남,62세,상해없음,보행자,여,56세,중상
1167,2018021200100043,2018년 2월 12일 04시,월요일,경기도 부천시 소사본동,중상사고,0,1,0,0,차대사람 - 횡단중,안전운전불이행,포장 - 건조,맑음,교차로 - 교차로부근,화물,남,52세,상해없음,보행자,여,83세,중상
1168,2018021200100045,2018년 2월 12일 04시,월요일,경기도 안양시 만안구 안양동,중상사고,0,1,0,0,차대사람 - 횡단중,신호위반,포장 - 건조,맑음,단일로 - 기타,승용,남,59세,상해없음,보행자,남,21세,중상
1169,2018021200100051,2018년 2월 12일 05시,월요일,경기도 수원시 장안구 율전동,중상사고,0,1,0,0,차대사람 - 횡단중,보행자보호의무위반,포장 - 서리/결빙,흐림,교차로 - 교차로안,승용,여,60세,상해없음,보행자,여,77세,중상
1170,2018021200100070,2018년 2월 12일 06시,월요일,경기도 고양시 덕양구 행신동,경상사고,0,0,1,0,차대사람 - 횡단중,보행자보호의무위반,포장 - 건조,맑음,단일로 - 기타,승용,남,42세,상해없음,보행자,여,30세,경상
1171,2018021200100072,2018년 2월 12일 07시,월요일,경기도 평택시 평택동,경상사고,0,0,1,0,차대사람 - 횡단중,신호위반,포장 - 건조,맑음,교차로 - 교차로횡단보도내,승용,여,22세,상해없음,보행자,여,20세,경상
1172,2018021200100102,2018년 2월 12일 08시,월요일,경기도 과천시 문원동,경상사고,0,0,1,0,차대사람 - 횡단중,안전운전불이행,포장 - 건조,맑음,교차로 - 교차로부근,승용,남,54세,상해없음,보행자,여,28세,경상
1173,2018021200100166,2018년 2월 12일 09시,월요일,경기도 화성시 비봉면,중상사고,0,1,0,0,차대사람 - 기타,안전운전불이행,포장 - 서리/결빙,눈,단일로 - 고가도로위,승용,남,59세,상해없음,보행자,남,51세,중상
1174,2018021200100188,2018년 2월 12일 09시,월요일,경기도 의정부시 의정부동,중상사고,0,1,0,0,차대사람 - 차도통행중,안전운전불이행,포장 - 건조,맑음,교차로 - 교차로부근,승용,남,46세,상해없음,보행자,여,25세,중상
1175,2018021200100203,2018년 2월 12일 10시,월요일,경기도 김포시 통진읍,경상사고,0,0,1,0,차대사람 - 횡단중,보행자보호의무위반,포장 - 건조,맑음,교차로 - 교차로횡단보도내,승용,남,54세,상해없음,보행자,여,73세,경상
1176,2018021200100260,2018년 2월 12일 12시,월요일,경기도 수원시 장안구 정자동,중상사고,0,1,0,0,차대사람 - 횡단중,안전운전불이행,포장 - 젖음/습기,맑음,미분류 - 미분류,이륜,남,26세,상해없음,보행자,여,80세,중상
1177,2018021200100284,2018년 2월 12일 12시,월요일,경기도 고양시 일산동구 정발산동,경상사고,0,0,1,0,차대사람 - 횡단중,보행자보호의무위반,포장 - 건조,맑음,교차로 - 교차로안,승용,여,39세,상해없음,보행자,여,46세,경상
1178,2018021200100302,2018년 2월 12일 13시,월요일,경기도 부천시 괴안동,중상사고,0,1,0,0,차대사람 - 횡단중,보행자보호의무위반,포장 - 건조,맑음,교차로 - 교차로안,승용,남,78세,상해없음,보행자,여,71세,중상
1179,2018021200100303,2018년 2월 12일 13시,월요일,경기도 부천시 상동,중상사고,0,1,0,0,차대사람 - 길가장자리구역통행중,안전운전불이행,포장 - 건조,맑음,단일로 - 기타,승용,남,52세,상해없음,보행자,여,52세,중상
1180,2018021200100305,2018년 2월 12일 13시,월요일,경기도 성남시 중원구 중앙동,경상사고,0,0,1,0,차대사람 - 기타,중앙선침범,포장 - 건조,맑음,교차로 - 교차로부근,자전거,남,78세,상해없음,보행자,남,60세,경상
1181,2018021200100306,2018년 2월 12일 13시,월요일,경기도 성남시 분당구 구미동,중상사고,0,1,0,0,차대사람 - 횡단중,안전운전불이행,포장 - 건조,맑음,단일로 - 기타,승용,남,28세,상해없음,보행자,여,69세,중상
1182,2018021200100330,2018년 2월 12일 13시,월요일,경기도 고양시 덕양구 화정동,경상사고,0,0,1,0,차대사람 - 횡단중,안전운전불이행,포장 - 건조,맑음,단일로 - 기타,승용,여,27세,상해없음,보행자,여,64세,경상
1183,2018021200100334,2018년 2월 12일 13시,월요일,경기도 양주시 백석읍,경상사고,0,0,1,0,차대사람 - 차도통행중,중앙선침범,포장 - 건조,맑음,단일로 - 기타,승용,남,50세,상해없음,보행자,여,67세,경상
1184,2018021200100433,2018년 2월 12일 16시,월요일,경기도 안성시 공도읍,경상사고,0,0,1,0,차대사람 - 횡단중,보행자보호의무위반,포장 - 건조,맑음,교차로 - 교차로횡단보도내,기타불명,기타불명,미분류,기타불명,보행자,여,13세,경상
1185,2018021200100440,2018년 2월 12일 16시,월요일,경기도 군포시 당동,중상사고,0,1,0,0,차대사람 - 횡단중,안전운전불이행,포장 - 건조,맑음,교차로 - 교차로부근,승용,여,50세,상해없음,보행자,여,56세,중상
1186,2018021200100441,2018년 2월 12일 16시,월요일,경기도 성남시 중원구 성남동,경상사고,0,0,1,0,차대사람 - 기타,안전운전불이행,포장 - 건조,맑음,단일로 - 기타,승용,여,58세,상해없음,보행자,남,50세,경상
1187,2018021200100481,2018년 2월 12일 17시,월요일,경기도 성남시 분당구 서현동,중상사고,0,1,0,0,차대사람 - 횡단중,보행자보호의무위반,포장 - 건조,맑음,교차로 - 교차로횡단보도내,승용,여,43세,상해없음,보행자,여,73세,중상
1188,2018021200100482,2018년 2월 12일 17시,월요일,경기도 수원시 팔달구 매산로2가,경상사고,0,0,1,0,차대사람 - 횡단중,교차로운행방법위반,포장 - 건조,맑음,단일로 - 기타,화물,남,61세,상해없음,보행자,여,48세,경상
1189,2018021200100518,2018년 2월 12일 17시,월요일,경기도 구리시 수택동,중상사고,0,1,0,0,차대사람 - 보도통행중,신호위반,포장 - 건조,맑음,단일로 - 기타,승용,남,60세,상해없음,보행자,남,57세,중상
1190,2018021200100535,2018년 2월 12일 18시,월요일,경기도 성남시 수정구 산성동,경상사고,0,0,1,0,차대사람 - 기타,안전운전불이행,포장 - 건조,맑음,단일로 - 기타,승용,남,55세,상해없음,보행자,남,48세,경상
1191,2018021200100537,2018년 2월 12일 18시,월요일,경기도 광주시 도척면,중상사고,0,1,0,0,차대사람 - 횡단중,안전운전불이행,포장 - 건조,흐림,기타 - 기타,승용,남,35세,상해없음,보행자,남,75세,중상
1192,2018021200100540,2018년 2월 12일 18시,월요일,경기도 수원시 영통구 원천동,경상사고,0,0,1,0,차대사람 - 횡단중,신호위반,포장 - 건조,맑음,기타 - 기타,승용,남,47세,상해없음,보행자,남,33세,경상
1193,2018021200100580,2018년 2월 12일 18시,월요일,경기도 의정부시 장암동,중상사고,0,1,0,0,차대사람 - 횡단중,안전운전불이행,포장 - 건조,맑음,교차로 - 교차로횡단보도내,승용,남,49세,상해없음,보행자,여,72세,중상
1194,2018021200100599,2018년 2월 12일 19시,월요일,경기도 화성시 영천동,중상사고,0,1,0,0,차대사람 - 횡단중,보행자보호의무위반,포장 - 건조,맑음,교차로 - 교차로횡단보도내,승용,여,64세,상해없음,보행자,여,24세,중상
1195,2018021200100600,2018년 2월 12일 19시,월요일,경기도 안산시 단원구 초지동,중상사고,0,1,0,0,차대사람 - 횡단중,안전운전불이행,포장 - 건조,맑음,단일로 - 기타,승용,여,40세,상해없음,보행자,여,53세,중상
1196,2018021200100602,2018년 2월 12일 19시,월요일,경기도 성남시 분당구 백현동,중상사고,0,1,0,0,차대사람 - 기타,보행자보호의무위반,포장 - 건조,맑음,기타 - 기타,승용,여,31세,상해없음,보행자,남,44세,중상
1197,2018021200100641,2018년 2월 12일 20시,월요일,경기도 이천시 설성면,중상사고,0,1,0,0,차대사람 - 기타,안전운전불이행,포장 - 건조,맑음,단일로 - 기타,승용,남,65세,상해없음,보행자,여,61세,중상
1198,2018021200100644,2018년 2월 12일 20시,월요일,경기도 오산시 궐동,경상사고,0,0,2,0,차대사람 - 횡단중,교차로운행방법위반,포장 - 건조,맑음,교차로 - 교차로안,이륜,남,19세,상해없음,보행자,남,69세,경상
1199,2018021200100692,2018년 2월 12일 21시,월요일,경기도 부천시 역곡동,경상사고,0,0,1,0,차대사람 - 횡단중,안전운전불이행,포장 - 건조,맑음,단일로 - 기타,화물,남,55세,상해없음,보행자,여,59세,경상
1200,2018021200100720,2018년 2월 12일 22시,월요일,경기도 양평군 양평읍,경상사고,0,0,1,0,차대사람 - 길가장자리구역통행중,안전운전불이행,포장 - 적설,눈,단일로 - 기타,승용,남,30세,상해없음,보행자,남,22세,경상
1201,2018021200100721,2018년 2월 12일 22시,월요일,경기도 오산시 원동,경상사고,0,0,1,0,차대사람 - 기타,안전운전불이행,포장 - 건조,맑음,교차로 - 교차로부근,승용,남,19세,상해없음,보행자,남,22세,경상
1202,2018021200100736,2018년 2월 12일 22시,월요일,경기도 남양주시 화도읍,부상신고사고,0,0,0,1,차대사람 - 횡단중,신호위반,포장 - 건조,맑음,교차로 - 교차로부근,승용,남,57세,상해없음,보행자,여,16세,부상신고
1203,2018021300100036,2018년 2월 13일 01시,화요일,경기도 부천시 중동,중상사고,0,1,0,0,차대사람 - 횡단중,안전운전불이행,포장 - 건조,맑음,교차로 - 교차로부근,승용,남,33세,상해없음,보행자,여,52세,중상
1204,2018021300100051,2018년 2월 13일 02시,화요일,경기도 수원시 영통구 영통동,경상사고,0,0,1,0,차대사람 - 기타,안전운전불이행,포장 - 적설,눈,교차로 - 교차로부근,승용,남,28세,상해없음,보행자,남,43세,경상
1205,2018021300100092,2018년 2월 13일 05시,화요일,경기도 고양시 덕양구 행신동,중상사고,0,1,0,0,차대사람 - 횡단중,보행자보호의무위반,포장 - 건조,맑음,교차로 - 교차로횡단보도내,승용,남,84세,상해없음,보행자,여,73세,중상
1206,2018021300100100,2018년 2월 13일 06시,화요일,경기도 김포시 통진읍,중상사고,0,1,0,0,차대사람 - 보도통행중,안전운전불이행,포장 - 기타,맑음,단일로 - 기타,승용,남,47세,상해없음,보행자,여,46세,중상
1207,2018021300100103,2018년 2월 13일 06시,화요일,경기도 수원시 영통구 영통동,중상사고,0,1,0,0,차대사람 - 횡단중,신호위반,포장 - 서리/결빙,흐림,단일로 - 기타,화물,남,33세,상해없음,보행자,여,21세,중상
1208,2018021300100116,2018년 2월 13일 07시,화요일,경기도 성남시 수정구 신흥동,중상사고,0,1,0,0,차대사람 - 차도통행중,신호위반,포장 - 건조,맑음,단일로 - 기타,승용,남,78세,상해없음,보행자,여,24세,중상
1209,2018021300100140,2018년 2월 13일 08시,화요일,경기도 평택시 합정동,경상사고,0,0,1,0,차대사람 - 횡단중,신호위반,포장 - 건조,맑음,교차로 - 교차로부근,승용,여,47세,상해없음,보행자,남,71세,경상
1210,2018021300100176,2018년 2월 13일 08시,화요일,경기도 남양주시 와부읍,중상사고,0,1,0,0,차대사람 - 길가장자리구역통행중,안전운전불이행,포장 - 건조,맑음,기타 - 기타,승용,여,37세,상해없음,보행자,남,79세,중상
1211,2018021300100177,2018년 2월 13일 08시,화요일,경기도 동두천시 지행동,중상사고,0,1,0,0,차대사람 - 보도통행중,보행자보호의무위반,포장 - 건조,맑음,교차로 - 교차로안,승용,여,51세,상해없음,보행자,여,75세,중상
1212,2018021300100192,2018년 2월 13일 09시,화요일,경기도 수원시 장안구 파장동,중상사고,0,1,0,0,차대사람 - 횡단중,안전운전불이행,포장 - 건조,맑음,교차로 - 교차로부근,승용,여,36세,상해없음,보행자,여,61세,중상
1213,2018021300100196,2018년 2월 13일 09시,화요일,경기도 화성시 석우동,경상사고,0,0,1,0,차대사람 - 기타,안전운전불이행,포장 - 서리/결빙,눈,기타 - 기타,승용,남,24세,상해없음,보행자,남,51세,경상
1214,2018021300100226,2018년 2월 13일 09시,화요일,경기도 고양시 덕양구 행신동,경상사고,0,0,1,0,차대사람 - 횡단중,보행자보호의무위반,포장 - 기타,맑음,교차로 - 교차로부근,화물,여,60세,상해없음,보행자,남,72세,경상
1215,2018021300100228,2018년 2월 13일 09시,화요일,경기도 고양시 일산서구 일산동,중상사고,0,1,0,0,차대사람 - 횡단중,보행자보호의무위반,포장 - 건조,맑음,교차로 - 교차로안,승용,남,54세,상해없음,보행자,남,72세,중상
1216,2018021300100230,2018년 2월 13일 09시,화요일,경기도 고양시 일산서구 탄현동,중상사고,0,1,0,0,차대사람 - 횡단중,신호위반,포장 - 건조,맑음,교차로 - 교차로부근,승합,남,22세,상해없음,보행자,여,61세,중상
1217,2018021300100242,2018년 2월 13일 10시,화요일,경기도 김포시 감정동,경상사고,0,0,1,0,차대사람 - 기타,안전운전불이행,포장 - 건조,맑음,단일로 - 기타,승용,여,76세,상해없음,보행자,여,52세,경상
1218,2018021300100269,2018년 2월 13일 10시,화요일,경기도 고양시 덕양구 토당동,경상사고,0,0,1,0,차대사람 - 횡단중,신호위반,포장 - 기타,맑음,교차로 - 교차로횡단보도내,승용,여,50세,상해없음,보행자,여,19세,경상
1219,2018021300100271,2018년 2월 13일 10시,화요일,경기도 남양주시 진접읍,사망사고,1,0,0,0,차대사람 - 기타,안전운전불이행,포장 - 건조,맑음,단일로 - 기타,화물,남,70세,상해없음,보행자,여,69세,사망
1220,2018021300100290,2018년 2월 13일 11시,화요일,경기도 이천시 중리동,중상사고,0,1,0,0,차대사람 - 차도통행중,안전운전불이행,포장 - 젖음/습기,맑음,교차로 - 교차로안,승용,남,57세,상해없음,보행자,여,82세,중상
1221,2018021300100294,2018년 2월 13일 11시,화요일,경기도 시흥시 신천동,중상사고,0,1,0,0,차대사람 - 차도통행중,안전운전불이행,포장 - 건조,맑음,단일로 - 기타,승용,여,73세,상해없음,보행자,여,71세,중상
1222,2018021300100295,2018년 2월 13일 11시,화요일,경기도 시흥시 정왕동,중상사고,0,1,0,0,차대사람 - 기타,안전운전불이행,포장 - 건조,맑음,단일로 - 기타,승합,남,52세,기타불명,보행자,여,55세,중상
1223,2018021300100342,2018년 2월 13일 12시,화요일,경기도 파주시 문발동,경상사고,0,0,1,0,차대사람 - 기타,안전운전불이행,포장 - 건조,맑음,주차장 - 주차장,승용,남,68세,상해없음,보행자,남,23세,경상
1224,2018021300100470,2018년 2월 13일 15시,화요일,경기도 양주시 덕정동,경상사고,0,0,1,0,차대사람 - 기타,기타,포장 - 건조,맑음,단일로 - 기타,승합,남,63세,상해없음,보행자,남,66세,경상
1225,2018021300100493,2018년 2월 13일 16시,화요일,경기도 성남시 중원구 상대원동,중상사고,0,1,0,0,차대사람 - 횡단중,안전운전불이행,포장 - 젖음/습기,흐림,교차로 - 교차로안,화물,남,40세,상해없음,보행자,여,50세,중상
1226,2018021300100542,2018년 2월 13일 17시,화요일,경기도 용인시 기흥구 구갈동,경상사고,0,0,1,0,차대사람 - 차도통행중,안전운전불이행,포장 - 건조,맑음,단일로 - 기타,승용,여,37세,상해없음,보행자,남,38세,경상
1227,2018021300100544,2018년 2월 13일 17시,화요일,경기도 안산시 단원구 원곡동,중상사고,0,1,0,0,차대사람 - 횡단중,교차로운행방법위반,포장 - 건조,맑음,교차로 - 교차로횡단보도내,승용,남,66세,상해없음,보행자,여,63세,중상
1228,2018021300100548,2018년 2월 13일 17시,화요일,경기도 시흥시 장곡동,부상신고사고,0,0,0,1,차대사람 - 길가장자리구역통행중,안전운전불이행,포장 - 건조,맑음,단일로 - 기타,기타불명,기타불명,미분류,기타불명,보행자,남,11세,부상신고
1229,2018021300100549,2018년 2월 13일 17시,화요일,경기도 시흥시 신천동,경상사고,0,0,1,0,차대사람 - 기타,안전운전불이행,포장 - 건조,맑음,단일로 - 기타,승용,여,35세,상해없음,보행자,남,6세,경상
1230,2018021300100550,2018년 2월 13일 17시,화요일,경기도 안산시 상록구 본오동,부상신고사고,0,0,0,1,차대사람 - 기타,안전운전불이행,포장 - 건조,맑음,단일로 - 기타,자전거,기타불명,미분류,기타불명,보행자,여,54세,부상신고
1231,2018021300100551,2018년 2월 13일 17시,화요일,경기도 안산시 상록구 이동,경상사고,0,0,1,0,차대사람 - 횡단중,안전운전불이행,포장 - 건조,맑음,단일로 - 기타,화물,남,45세,상해없음,보행자,여,54세,경상
1232,2018021300100588,2018년 2월 13일 18시,화요일,경기도 안양시 동안구 호계동,경상사고,0,0,1,0,차대사람 - 기타,기타,포장 - 건조,맑음,기타 - 기타,승합,남,56세,상해없음,보행자,여,48세,경상
1233,2018021300100590,2018년 2월 13일 18시,화요일,경기도 용인시 처인구 유방동,중상사고,0,1,0,0,차대사람 - 횡단중,안전운전불이행,포장 - 건조,맑음,단일로 - 기타,승용,여,40세,상해없음,보행자,여,71세,중상
1234,2018021300100641,2018년 2월 13일 18시,화요일,경기도 포천시 동교동,중상사고,0,1,0,0,차대사람 - 보도통행중,안전운전불이행,포장 - 건조,맑음,기타 - 기타,승용,남,28세,상해없음,보행자,여,71세,중상
1235,2018021300100661,2018년 2월 13일 19시,화요일,경기도 용인시 처인구 포곡읍,경상사고,0,0,1,0,차대사람 - 횡단중,보행자보호의무위반,포장 - 건조,맑음,교차로 - 교차로부근,승용,남,76세,상해없음,보행자,여,23세,경상
1236,2018021300100662,2018년 2월 13일 19시,화요일,경기도 김포시 양촌읍,중상사고,0,1,0,0,차대사람 - 기타,안전운전불이행,포장 - 젖음/습기,맑음,단일로 - 기타,승용,남,22세,상해없음,보행자,남,51세,중상
1237,2018021300100663,2018년 2월 13일 19시,화요일,경기도 성남시 분당구 분당동,중상사고,0,1,0,0,차대사람 - 차도통행중,안전운전불이행,포장 - 건조,맑음,교차로 - 교차로안,화물,남,51세,상해없음,보행자,남,68세,중상
1238,2018021300100664,2018년 2월 13일 19시,화요일,경기도 시흥시 정왕동,중상사고,0,2,0,0,차대사람 - 기타,안전운전불이행,포장 - 건조,맑음,단일로 - 기타,이륜,남,44세,중상,보행자,남,64세,중상
1239,2018021300100703,2018년 2월 13일 20시,화요일,경기도 안성시 공도읍,경상사고,0,0,1,0,차대사람 - 기타,안전운전불이행,포장 - 건조,기타,단일로 - 기타,승용,남,58세,상해없음,보행자,여,42세,경상
1240,2018021300100704,2018년 2월 13일 20시,화요일,경기도 안양시 동안구 비산동,경상사고,0,0,1,0,차대사람 - 기타,안전운전불이행,포장 - 건조,맑음,기타 - 기타,자전거,남,16세,상해없음,보행자,남,61세,경상
1241,2018021300100708,2018년 2월 13일 20시,화요일,경기도 수원시 권선구 구운동,경상사고,0,0,1,0,차대사람 - 기타,안전운전불이행,포장 - 건조,맑음,단일로 - 기타,기타불명,기타불명,미분류,기타불명,보행자,여,20세,경상
1242,2018021300100710,2018년 2월 13일 20시,화요일,경기도 하남시 풍산동,중상사고,0,1,0,0,차대사람 - 보도통행중,신호위반,포장 - 건조,맑음,교차로 - 교차로횡단보도내,화물,남,44세,상해없음,보행자,여,27세,중상
1243,2018021300100729,2018년 2월 13일 20시,화요일,경기도 남양주시 호평동,경상사고,0,0,1,0,차대사람 - 기타,안전운전불이행,포장 - 건조,맑음,단일로 - 기타,승용,남,44세,상해없음,보행자,남,75세,경상
1244,2018021300100731,2018년 2월 13일 20시,화요일,경기도 고양시 일산서구 주엽동,중상사고,0,1,0,0,차대사람 - 횡단중,보행자보호의무위반,포장 - 건조,맑음,교차로 - 교차로횡단보도내,승용,남,32세,상해없음,보행자,여,50세,중상
1245,2018021300100777,2018년 2월 13일 22시,화요일,경기도 성남시 분당구 운중동,경상사고,0,0,1,0,차대사람 - 횡단중,안전운전불이행,포장 - 건조,맑음,단일로 - 기타,승용,남,30세,상해없음,보행자,남,23세,경상
1246,2018021300100788,2018년 2월 13일 22시,화요일,경기도 의정부시 의정부동,중상사고,0,1,0,0,차대사람 - 기타,안전운전불이행,포장 - 건조,맑음,교차로 - 교차로안,이륜,남,48세,상해없음,보행자,남,48세,중상
1247,2018021300100801,2018년 2월 13일 23시,화요일,경기도 안산시 단원구 초지동,경상사고,0,0,1,0,차대사람 - 횡단중,신호위반,포장 - 건조,맑음,교차로 - 교차로횡단보도내,승용,남,51세,상해없음,보행자,남,44세,경상
1248,2018021400100018,2018년 2월 14일 00시,수요일,경기도 부천시 심곡동,경상사고,0,0,1,0,차대사람 - 기타,안전운전불이행,포장 - 건조,맑음,교차로 - 교차로안,승용,남,65세,상해없음,보행자,남,34세,경상
1249,2018021400100036,2018년 2월 14일 00시,수요일,경기도 구리시 교문동,경상사고,0,0,1,0,차대사람 - 차도통행중,안전운전불이행,포장 - 건조,맑음,단일로 - 기타,승용,남,23세,상해없음,보행자,남,50세,경상
1250,2018021400100112,2018년 2월 14일 06시,수요일,경기도 안산시 상록구 부곡동,경상사고,0,0,1,0,차대사람 - 횡단중,안전운전불이행,포장 - 건조,맑음,교차로 - 교차로안,승용,남,43세,상해없음,보행자,여,20세,경상
1251,2018021400100131,2018년 2월 14일 07시,수요일,경기도 안산시 상록구 사동,중상사고,0,1,0,0,차대사람 - 횡단중,안전운전불이행,포장 - 건조,맑음,교차로 - 교차로안,승용,남,31세,상해없음,보행자,여,44세,중상
1252,2018021400100169,2018년 2월 14일 08시,수요일,경기도 양주시 고암동,중상사고,0,1,0,0,차대사람 - 기타,안전운전불이행,포장 - 건조,맑음,교차로 - 교차로안,승용,남,59세,상해없음,보행자,여,61세,중상
1253,2018021400100195,2018년 2월 14일 09시,수요일,경기도 남양주시 호평동,중상사고,0,1,0,0,차대사람 - 차도통행중,신호위반,포장 - 건조,맑음,교차로 - 교차로부근,건설기계,남,51세,상해없음,보행자,여,82세,중상
1254,2018021400100209,2018년 2월 14일 10시,수요일,경기도 광명시 소하동,부상신고사고,0,0,0,1,차대사람 - 기타,안전운전불이행,포장 - 건조,맑음,단일로 - 기타,승용,남,61세,상해없음,보행자,남,49세,부상신고