,사고번호,사고일시,요일,시군구,사고내용,사망자수,중상자수,경상자수,부상신고자수,사고유형,법규위반,노면상태,기상상태,도로형태,가해운전자 차종,가해운전자 성별,가해운전자 연령,가해운전자 상해정도,피해운전자 차종,피해운전자 성별,피해운전자 연령,피해운전자 상해정도
1255,2018021400100245,2018년 2월 14일 11시,수요일,경기도 광주시 오포읍,경상사고,0,0,1,0,차대사람 - 횡단중,신호위반,포장 - 건조,맑음,기타 - 기타,승용,남,67세,상해없음,보행자,여,8세,경상
1256,2018021400100247,2018년 2월 14일 11시,수요일,경기도 용인시 처인구 김량장동,경상사고,0,0,1,0,차대사람 - 기타,안전운전불이행,포장 - 건조,맑음,교차로 - 교차로안,화물,남,37세,상해없음,보행자,남,77세,경상
1257,2018021400100250,2018년 2월 14일 11시,수요일,경기도 부천시 소사동,경상사고,0,0,1,0,차대사람 - 차도통행중,안전운전불이행,포장 - 건조,맑음,단일로 - 기타,승용,여,41세,상해없음,보행자,남,34세,경상
1258,2018021400100279,2018년 2월 14일 11시,수요일,경기도 고양시 일산서구 덕이동,경상사고,0,0,1,0,차대사람 - 기타,안전운전불이행,포장 - 건조,맑음,단일로 - 기타,화물,남,45세,상해없음,보행자,남,41세,경상
1259,2018021400100286,2018년 2월 14일 12시,수요일,경기도 오산시 원동,경상사고,0,0,1,0,차대사람 - 기타,안전운전불이행,포장 - 건조,맑음,단일로 - 기타,승용,여,43세,상해없음,보행자,남,74세,경상
1260,2018021400100288,2018년 2월 14일 12시,수요일,경기도 군포시 당동,중상사고,0,1,0,0,차대사람 - 횡단중,안전운전불이행,포장 - 건조,맑음,교차로 - 교차로안,화물,남,27세,상해없음,보행자,여,74세,중상
1261,2018021400100290,2018년 2월 14일 12시,수요일,경기도 수원시 팔달구 매산로2가,경상사고,0,0,1,0,차대사람 - 기타,기타,포장 - 건조,맑음,단일로 - 기타,승합,남,36세,상해없음,보행자,여,75세,경상
1262,2018021400100311,2018년 2월 14일 13시,수요일,경기도 수원시 팔달구 우만동,경상사고,0,0,1,0,차대사람 - 횡단중,안전운전불이행,포장 - 건조,맑음,교차로 - 교차로부근,승용,남,27세,상해없음,보행자,여,66세,경상
1263,2018021400100363,2018년 2월 14일 14시,수요일,경기도 의정부시 의정부동,경상사고,0,0,1,0,차대사람 - 차도통행중,안전운전불이행,포장 - 건조,맑음,교차로 - 교차로부근,승용,남,70세,상해없음,보행자,여,69세,경상
1264,2018021400100422,2018년 2월 14일 16시,수요일,경기도 군포시 산본동,경상사고,0,0,1,0,차대사람 - 기타,안전운전불이행,포장 - 건조,맑음,단일로 - 기타,승용,남,65세,상해없음,보행자,남,16세,경상
1265,2018021400100505,2018년 2월 14일 18시,수요일,경기도 수원시 팔달구 지동,경상사고,0,0,1,0,차대사람 - 기타,안전운전불이행,포장 - 건조,맑음,단일로 - 기타,승용,여,56세,상해없음,보행자,남,67세,경상
1266,2018021400100545,2018년 2월 14일 18시,수요일,경기도 고양시 일산서구 탄현동,부상신고사고,0,0,0,1,차대사람 - 횡단중,안전운전불이행,포장 - 건조,맑음,단일로 - 기타,승용,여,50세,상해없음,보행자,여,47세,부상신고
1267,2018021400100562,2018년 2월 14일 19시,수요일,경기도 의왕시 오전동,중상사고,0,1,0,0,차대사람 - 기타,안전운전불이행,포장 - 건조,흐림,단일로 - 기타,승용,남,39세,상해없음,보행자,남,49세,중상
1268,2018021400100617,2018년 2월 14일 20시,수요일,경기도 안양시 동안구 비산동,중상사고,0,1,0,0,차대사람 - 횡단중,안전운전불이행,포장 - 건조,맑음,단일로 - 기타,이륜,남,22세,상해없음,보행자,여,58세,중상
1269,2018021400100651,2018년 2월 14일 21시,수요일,경기도 오산시 오산동,경상사고,0,0,1,0,차대사람 - 차도통행중,안전운전불이행,포장 - 건조,맑음,교차로 - 교차로안,승용,남,25세,상해없음,보행자,남,49세,경상
1270,2018021400100652,2018년 2월 14일 21시,수요일,경기도 성남시 중원구 성남동,중상사고,0,1,0,0,차대사람 - 기타,안전운전불이행,포장 - 건조,맑음,단일로 - 기타,승용,남,44세,상해없음,보행자,남,60세,중상
1271,2018021400100656,2018년 2월 14일 21시,수요일,경기도 안양시 만안구 박달동,경상사고,0,0,1,0,차대사람 - 길가장자리구역통행중,안전운전불이행,포장 - 건조,맑음,단일로 - 기타,화물,여,44세,상해없음,보행자,여,9세,경상
1272,2018021500100022,2018년 2월 15일 00시,목요일,경기도 파주시 동패동,중상사고,0,1,0,0,차대사람 - 횡단중,신호위반,포장 - 건조,맑음,단일로 - 기타,승용,여,64세,상해없음,보행자,여,25세,중상
1273,2018021500100030,2018년 2월 15일 01시,목요일,경기도 안산시 상록구 본오동,경상사고,0,0,2,0,차대사람 - 횡단중,안전운전불이행,포장 - 건조,맑음,단일로 - 기타,승합,여,54세,상해없음,보행자,여,49세,경상
1274,2018021500100031,2018년 2월 15일 01시,목요일,경기도 수원시 권선구 평동,중상사고,0,1,0,0,차대사람 - 횡단중,안전운전불이행,포장 - 건조,맑음,단일로 - 기타,승합,남,33세,상해없음,보행자,여,78세,중상
1275,2018021500100050,2018년 2월 15일 02시,목요일,경기도 화성시 반송동,중상사고,0,1,0,0,차대사람 - 차도통행중,안전운전불이행,포장 - 건조,맑음,교차로 - 교차로부근,승용,남,54세,상해없음,보행자,남,30세,중상
1276,2018021500100051,2018년 2월 15일 02시,목요일,경기도 광명시 철산동,중상사고,0,1,2,0,차대사람 - 횡단중,과속,포장 - 건조,맑음,교차로 - 교차로횡단보도내,승용,남,64세,상해없음,보행자,남,55세,중상
1277,2018021500100093,2018년 2월 15일 04시,목요일,경기도 남양주시 오남읍,경상사고,0,0,1,0,차대사람 - 기타,기타,포장 - 건조,맑음,교차로 - 교차로안,승용,여,38세,상해없음,보행자,남,18세,경상
1278,2018021500100115,2018년 2월 15일 06시,목요일,경기도 용인시 기흥구 신갈동,경상사고,0,0,1,0,차대사람 - 차도통행중,안전운전불이행,포장 - 건조,맑음,단일로 - 기타,승용,남,57세,기타불명,보행자,남,55세,경상
1279,2018021500100116,2018년 2월 15일 06시,목요일,경기도 부천시 도당동,경상사고,0,0,1,0,차대사람 - 횡단중,안전운전불이행,포장 - 건조,맑음,단일로 - 기타,승용,남,40세,상해없음,보행자,남,65세,경상
1280,2018021500100183,2018년 2월 15일 11시,목요일,경기도 오산시 오산동,중상사고,0,1,0,0,차대사람 - 횡단중,안전운전불이행,포장 - 건조,맑음,교차로 - 교차로안,승용,남,51세,상해없음,보행자,여,46세,중상
1281,2018021500100224,2018년 2월 15일 12시,목요일,경기도 의정부시 금오동,경상사고,0,0,1,0,차대사람 - 기타,신호위반,포장 - 건조,맑음,교차로 - 교차로안,승합,남,61세,상해없음,보행자,여,18세,경상
1282,2018021500100255,2018년 2월 15일 14시,목요일,경기도 수원시 팔달구 화서동,경상사고,0,0,1,0,차대사람 - 기타,안전운전불이행,포장 - 건조,맑음,단일로 - 기타,승용,남,54세,기타불명,보행자,여,34세,경상
1283,2018021500100256,2018년 2월 15일 14시,목요일,경기도 김포시 북변동,부상신고사고,0,0,0,1,차대사람 - 횡단중,안전운전불이행,포장 - 건조,맑음,교차로 - 교차로부근,승용,남,75세,상해없음,보행자,여,72세,부상신고
1284,2018021500100363,2018년 2월 15일 20시,목요일,경기도 수원시 팔달구 중동,경상사고,0,0,1,0,차대사람 - 기타,안전운전불이행,포장 - 건조,맑음,교차로 - 교차로안,승용,남,48세,상해없음,보행자,남,49세,경상
1285,2018021500100364,2018년 2월 15일 20시,목요일,경기도 평택시 비전동,중상사고,0,1,0,0,차대사람 - 기타,안전운전불이행,포장 - 건조,맑음,단일로 - 기타,승용,남,23세,상해없음,보행자,여,56세,중상
1286,2018021500100417,2018년 2월 15일 22시,목요일,경기도 시흥시 거모동,경상사고,0,0,1,0,차대사람 - 차도통행중,신호위반,포장 - 건조,맑음,단일로 - 기타,승용,여,46세,상해없음,보행자,여,68세,경상
1287,2018021500100418,2018년 2월 15일 22시,목요일,경기도 안산시 상록구 본오동,경상사고,0,0,1,0,차대사람 - 기타,안전운전불이행,포장 - 건조,맑음,교차로 - 교차로부근,화물,남,23세,상해없음,보행자,남,62세,경상
1288,2018021600100011,2018년 2월 16일 01시,금요일,경기도 이천시 중리동,경상사고,0,0,1,0,차대사람 - 기타,안전운전불이행,포장 - 건조,맑음,기타 - 기타,이륜,남,29세,상해없음,보행자,여,30세,경상
1289,2018021600100015,2018년 2월 16일 01시,금요일,경기도 동두천시 생연동,부상신고사고,0,0,0,1,차대사람 - 횡단중,안전운전불이행,포장 - 건조,맑음,교차로 - 교차로부근,승용,남,63세,상해없음,보행자,남,59세,부상신고
1290,2018021600100021,2018년 2월 16일 02시,금요일,경기도 파주시 금촌동,경상사고,0,0,1,0,차대사람 - 기타,안전운전불이행,포장 - 건조,맑음,단일로 - 기타,승용,남,58세,상해없음,보행자,남,66세,경상
1291,2018021600100024,2018년 2월 16일 03시,금요일,경기도 수원시 팔달구 인계동,경상사고,0,0,1,0,차대사람 - 길가장자리구역통행중,안전운전불이행,포장 - 건조,맑음,단일로 - 기타,화물,남,29세,상해없음,보행자,남,32세,경상
1292,2018021600100031,2018년 2월 16일 05시,금요일,경기도 안산시 단원구 고잔동,사망사고,1,0,0,0,차대사람 - 횡단중,안전운전불이행,포장 - 건조,맑음,단일로 - 기타,승용,남,36세,상해없음,보행자,남,73세,사망
1293,2018021600100043,2018년 2월 16일 07시,금요일,경기도 부천시 송내동,경상사고,0,0,1,0,차대사람 - 기타,안전운전불이행,포장 - 건조,맑음,단일로 - 기타,승용,여,52세,상해없음,보행자,남,53세,경상
1294,2018021600100201,2018년 2월 16일 16시,금요일,경기도 평택시 통복동,중상사고,0,1,0,0,차대사람 - 기타,중앙선침범,포장 - 건조,맑음,단일로 - 기타,승용,남,56세,상해없음,보행자,여,40세,중상
1295,2018021600100279,2018년 2월 16일 20시,금요일,경기도 수원시 장안구 영화동,경상사고,0,0,1,0,차대사람 - 기타,안전운전불이행,포장 - 건조,맑음,단일로 - 기타,승용,남,35세,기타불명,보행자,남,11세,경상
1296,2018021600100307,2018년 2월 16일 21시,금요일,경기도 부천시 오정동,경상사고,0,0,1,0,차대사람 - 기타,안전운전불이행,포장 - 건조,맑음,단일로 - 기타,승용,남,47세,상해없음,보행자,남,37세,경상
1297,2018021600100334,2018년 2월 16일 23시,금요일,경기도 수원시 장안구 조원동,경상사고,0,0,2,0,차대사람 - 기타,보행자보호의무위반,포장 - 건조,맑음,단일로 - 기타,승용,여,40세,경상,보행자,여,52세,경상
1298,2018021700100003,2018년 2월 17일 00시,토요일,경기도 평택시 서정동,중상사고,0,1,0,0,차대사람 - 기타,안전운전불이행,포장 - 건조,맑음,단일로 - 기타,승용,남,35세,기타불명,보행자,남,55세,중상
1299,2018021700100005,2018년 2월 17일 00시,토요일,경기도 군포시 당동,경상사고,0,0,2,0,차대사람 - 횡단중,신호위반,포장 - 건조,맑음,교차로 - 교차로부근,승용,남,66세,상해없음,보행자,여,58세,경상
1300,2018021700100006,2018년 2월 17일 00시,토요일,경기도 성남시 중원구 금광동,경상사고,0,0,2,0,차대사람 - 보도통행중,보행자보호의무위반,포장 - 건조,맑음,주차장 - 주차장,승용,여,50세,상해없음,보행자,남,32세,경상
1301,2018021700100028,2018년 2월 17일 02시,토요일,경기도 안산시 단원구 고잔동,중상사고,0,1,0,0,차대사람 - 기타,안전운전불이행,포장 - 건조,맑음,단일로 - 지하차도(도로)내,승용,여,63세,상해없음,보행자,남,50세,중상
1302,2018021700100029,2018년 2월 17일 02시,토요일,경기도 성남시 중원구 중앙동,경상사고,0,0,1,0,차대사람 - 횡단중,안전운전불이행,포장 - 건조,맑음,단일로 - 기타,승용,남,65세,상해없음,보행자,여,38세,경상
1303,2018021700100038,2018년 2월 17일 03시,토요일,경기도 수원시 팔달구 지동,경상사고,0,0,1,0,차대사람 - 횡단중,안전운전불이행,포장 - 건조,맑음,단일로 - 기타,기타불명,기타불명,미분류,기타불명,보행자,여,21세,경상
1304,2018021700100058,2018년 2월 17일 05시,토요일,경기도 안양시 동안구 관양동,경상사고,0,0,1,0,차대사람 - 길가장자리구역통행중,안전운전불이행,포장 - 건조,맑음,단일로 - 기타,승용,남,65세,상해없음,보행자,남,22세,경상
1305,2018021700100095,2018년 2월 17일 10시,토요일,경기도 시흥시 신천동,경상사고,0,0,1,0,차대사람 - 기타,안전운전불이행,포장 - 건조,맑음,단일로 - 기타,화물,남,49세,상해없음,보행자,남,46세,경상
1306,2018021700100137,2018년 2월 17일 13시,토요일,경기도 안성시 대덕면,부상신고사고,0,0,0,1,차대사람 - 기타,안전운전불이행,포장 - 건조,맑음,단일로 - 기타,승용,여,44세,상해없음,보행자,남,33세,부상신고
1307,2018021700100198,2018년 2월 17일 16시,토요일,경기도 부천시 상동,중상사고,0,1,0,0,차대사람 - 횡단중,교차로운행방법위반,포장 - 건조,맑음,교차로 - 교차로부근,승합,남,61세,상해없음,보행자,여,58세,중상
1308,2018021700100243,2018년 2월 17일 18시,토요일,경기도 광명시 하안동,경상사고,0,0,1,0,차대사람 - 차도통행중,안전운전불이행,포장 - 건조,맑음,교차로 - 교차로안,승용,남,49세,상해없음,보행자,여,65세,경상
1309,2018021700100266,2018년 2월 17일 19시,토요일,경기도 김포시 양촌읍,부상신고사고,0,0,0,1,차대사람 - 기타,안전운전불이행,포장 - 건조,맑음,교차로 - 교차로부근,승용,여,24세,상해없음,보행자,남,53세,부상신고
1310,2018021700100267,2018년 2월 17일 19시,토요일,경기도 부천시 괴안동,경상사고,0,0,1,0,차대사람 - 기타,안전운전불이행,포장 - 건조,맑음,교차로 - 교차로부근,승용,남,36세,상해없음,보행자,남,61세,경상
1311,2018021700100270,2018년 2월 17일 19시,토요일,경기도 안산시 단원구 고잔동,중상사고,0,1,0,0,차대사람 - 횡단중,안전운전불이행,포장 - 건조,맑음,단일로 - 기타,승용,여,37세,상해없음,보행자,남,16세,중상
1312,2018021700100331,2018년 2월 17일 21시,토요일,경기도 광주시 경안동,경상사고,0,0,1,0,차대사람 - 횡단중,보행자보호의무위반,포장 - 젖음/습기,맑음,교차로 - 교차로안,승용,남,59세,상해없음,보행자,남,62세,경상
1313,2018021700100335,2018년 2월 17일 21시,토요일,경기도 화성시 남양읍,경상사고,0,0,1,0,차대사람 - 기타,기타,포장 - 건조,맑음,단일로 - 기타,승합,남,56세,상해없음,보행자,남,48세,경상
1314,2018021700100344,2018년 2월 17일 21시,토요일,경기도 의정부시 의정부동,부상신고사고,0,0,0,1,차대사람 - 횡단중,보행자보호의무위반,포장 - 건조,맑음,교차로 - 교차로횡단보도내,승용,남,58세,상해없음,보행자,남,57세,부상신고
1315,2018021700100346,2018년 2월 17일 21시,토요일,경기도 고양시 일산동구 장항동,중상사고,0,1,0,0,차대사람 - 횡단중,보행자보호의무위반,포장 - 건조,맑음,교차로 - 교차로횡단보도내,승용,남,69세,상해없음,보행자,여,21세,중상
1316,2018021700100352,2018년 2월 17일 22시,토요일,경기도 성남시 수정구 수진동,경상사고,0,0,1,0,차대사람 - 길가장자리구역통행중,안전운전불이행,포장 - 건조,맑음,단일로 - 기타,승용,남,28세,상해없음,보행자,남,43세,경상
1317,2018021700100356,2018년 2월 17일 22시,토요일,경기도 수원시 팔달구 고등동,경상사고,0,0,1,0,차대사람 - 횡단중,안전운전불이행,포장 - 건조,맑음,단일로 - 기타,승용,남,30세,상해없음,보행자,남,43세,경상
1318,2018021700100357,2018년 2월 17일 22시,토요일,경기도 안양시 만안구 안양동,경상사고,0,0,1,0,차대사람 - 횡단중,보행자보호의무위반,포장 - 건조,맑음,단일로 - 기타,승용,남,66세,상해없음,보행자,여,9세,경상
1319,2018021700100374,2018년 2월 17일 23시,토요일,경기도 광명시 광명동,경상사고,0,0,1,0,차대사람 - 기타,안전운전불이행,포장 - 건조,맑음,단일로 - 기타,승용,남,21세,상해없음,보행자,남,45세,경상
1320,2018021700100376,2018년 2월 17일 23시,토요일,경기도 군포시 금정동,중상사고,0,1,0,0,차대사람 - 횡단중,보행자보호의무위반,포장 - 건조,맑음,단일로 - 기타,승용,여,54세,상해없음,보행자,남,57세,중상
1321,2018021700100377,2018년 2월 17일 23시,토요일,경기도 수원시 팔달구 매산로1가,경상사고,0,0,2,0,차대사람 - 기타,안전운전불이행,포장 - 건조,맑음,단일로 - 기타,승용,남,25세,상해없음,보행자,남,26세,경상
1322,2018021800100046,2018년 2월 18일 03시,일요일,경기도 부천시 중동,중상사고,0,1,0,0,차대사람 - 차도통행중,안전운전불이행,포장 - 건조,맑음,단일로 - 기타,기타불명,기타불명,미분류,기타불명,보행자,남,21세,중상
1323,2018021800100068,2018년 2월 18일 05시,일요일,경기도 화성시 기산동,중상사고,0,1,0,0,차대사람 - 기타,안전운전불이행,포장 - 건조,맑음,교차로 - 교차로횡단보도내,승용,남,33세,상해없음,보행자,남,70세,중상
1324,2018021800100115,2018년 2월 18일 10시,일요일,경기도 고양시 일산동구 백석동,경상사고,0,0,1,0,차대사람 - 횡단중,보행자보호의무위반,포장 - 건조,맑음,단일로 - 기타,승용,남,26세,상해없음,보행자,여,29세,경상
1325,2018021800100117,2018년 2월 18일 11시,일요일,경기도 부천시 심곡본동,경상사고,0,0,1,0,차대사람 - 기타,안전운전불이행,포장 - 건조,기타,교차로 - 교차로안,승용,여,54세,기타불명,보행자,여,18세,경상
1326,2018021800100134,2018년 2월 18일 12시,일요일,경기도 이천시 관고동,중상사고,0,1,0,0,차대사람 - 기타,안전운전불이행,포장 - 건조,맑음,교차로 - 교차로안,승용,남,55세,상해없음,보행자,여,64세,중상
1327,2018021800100136,2018년 2월 18일 12시,일요일,경기도 김포시 대곶면,중상사고,0,1,0,0,차대사람 - 기타,안전운전불이행,포장 - 건조,맑음,기타 - 기타,승용,남,71세,상해없음,보행자,여,65세,중상
1328,2018021800100147,2018년 2월 18일 12시,일요일,경기도 포천시 이동면,중상사고,0,1,0,0,차대사람 - 기타,안전운전불이행,포장 - 건조,맑음,교차로 - 교차로부근,승용,여,42세,상해없음,보행자,남,6세,중상
1329,2018021800100163,2018년 2월 18일 14시,일요일,경기도 수원시 장안구 파장동,중상사고,0,1,0,0,차대사람 - 기타,안전운전불이행,포장 - 건조,맑음,단일로 - 기타,승용,남,66세,상해없음,보행자,남,73세,중상
1330,2018021800100164,2018년 2월 18일 14시,일요일,경기도 양평군 서종면,중상사고,0,1,0,0,차대사람 - 길가장자리구역통행중,안전운전불이행,포장 - 건조,맑음,단일로 - 기타,승용,여,37세,상해없음,보행자,여,7세,중상
1331,2018021800100177,2018년 2월 18일 14시,일요일,경기도 연천군 군남면,중상사고,0,1,0,0,차대사람 - 기타,기타,포장 - 건조,맑음,기타 - 기타,승합,남,59세,상해없음,보행자,여,80세,중상
1332,2018021800100235,2018년 2월 18일 17시,일요일,경기도 연천군 전곡읍,경상사고,0,0,1,0,차대사람 - 횡단중,불법유턴,포장 - 건조,맑음,교차로 - 교차로부근,승용,여,58세,상해없음,보행자,남,41세,경상
1333,2018021800100324,2018년 2월 18일 22시,일요일,경기도 성남시 중원구 상대원동,경상사고,0,0,1,0,차대사람 - 기타,안전운전불이행,포장 - 건조,맑음,단일로 - 기타,승합,남,45세,상해없음,보행자,여,49세,경상
1334,2018021900100011,2018년 2월 19일 01시,월요일,경기도 성남시 중원구 성남동,경상사고,0,0,1,0,차대사람 - 기타,안전운전불이행,포장 - 건조,맑음,단일로 - 기타,승용,남,25세,상해없음,보행자,여,34세,경상
1335,2018021900100040,2018년 2월 19일 05시,월요일,경기도 부천시 심곡본동,중상사고,0,1,0,0,차대사람 - 횡단중,보행자보호의무위반,포장 - 건조,맑음,교차로 - 교차로안,승용,남,57세,상해없음,보행자,여,48세,중상
1336,2018021900100051,2018년 2월 19일 06시,월요일,경기도 군포시 산본동,부상신고사고,0,0,0,1,차대사람 - 기타,안전운전불이행,포장 - 건조,맑음,단일로 - 기타,승용,남,52세,상해없음,보행자,여,66세,부상신고
1337,2018021900100061,2018년 2월 19일 06시,월요일,경기도 파주시 탄현면,중상사고,0,1,0,0,차대사람 - 길가장자리구역통행중,안전운전불이행,포장 - 건조,맑음,주차장 - 주차장,승용,여,67세,상해없음,보행자,여,64세,중상
1338,2018021900100064,2018년 2월 19일 07시,월요일,경기도 성남시 수정구 양지동,중상사고,0,1,0,0,차대사람 - 횡단중,안전운전불이행,포장 - 건조,맑음,단일로 - 기타,승용,남,66세,상해없음,보행자,남,66세,중상
1339,2018021900100066,2018년 2월 19일 07시,월요일,경기도 용인시 수지구 풍덕천동,중상사고,0,1,0,0,차대사람 - 횡단중,보행자보호의무위반,포장 - 건조,맑음,교차로 - 교차로부근,승용,남,70세,기타불명,보행자,여,74세,중상
1340,2018021900100082,2018년 2월 19일 08시,월요일,경기도 안성시 대덕면,중상사고,0,1,0,0,차대사람 - 횡단중,보행자보호의무위반,포장 - 건조,맑음,단일로 - 기타,승용,남,33세,상해없음,보행자,남,23세,중상
1341,2018021900100097,2018년 2월 19일 08시,월요일,경기도 의정부시 가능동,중상사고,0,1,0,0,차대사람 - 횡단중,안전운전불이행,포장 - 건조,맑음,교차로 - 교차로횡단보도내,승용,남,58세,상해없음,보행자,여,71세,중상
1342,2018021900100162,2018년 2월 19일 11시,월요일,경기도 고양시 덕양구 화정동,경상사고,0,0,1,0,차대사람 - 횡단중,보행자보호의무위반,포장 - 건조,맑음,교차로 - 교차로횡단보도내,승용,여,37세,상해없음,보행자,여,21세,경상
1343,2018021900100169,2018년 2월 19일 12시,월요일,경기도 성남시 중원구 상대원동,경상사고,0,0,1,0,차대사람 - 횡단중,보행자보호의무위반,포장 - 건조,맑음,단일로 - 기타,승용,여,47세,상해없음,보행자,여,7세,경상
1344,2018021900100170,2018년 2월 19일 12시,월요일,경기도 성남시 분당구 야탑동,중상사고,0,1,0,0,차대사람 - 기타,보행자보호의무위반,포장 - 건조,맑음,교차로 - 교차로횡단보도내,승용,여,53세,상해없음,보행자,여,47세,중상
1345,2018021900100171,2018년 2월 19일 12시,월요일,경기도 수원시 권선구 고색동,중상사고,0,1,0,0,차대사람 - 기타,안전운전불이행,포장 - 건조,맑음,단일로 - 기타,승용,남,54세,상해없음,보행자,남,86세,중상
1346,2018021900100241,2018년 2월 19일 15시,월요일,경기도 평택시 비전동,경상사고,0,0,1,0,차대사람 - 횡단중,신호위반,포장 - 건조,흐림,단일로 - 기타,승합,남,49세,상해없음,보행자,남,8세,경상
1347,2018021900100242,2018년 2월 19일 15시,월요일,경기도 평택시 서정동,경상사고,0,0,1,0,차대사람 - 기타,안전운전불이행,포장 - 건조,맑음,단일로 - 기타,승용,남,74세,상해없음,보행자,남,26세,경상
1348,2018021900100244,2018년 2월 19일 15시,월요일,경기도 광주시 역동,경상사고,0,0,1,0,차대사람 - 기타,기타,포장 - 건조,맑음,단일로 - 기타,승용,여,69세,상해없음,보행자,여,13세,경상
1349,2018021900100276,2018년 2월 19일 16시,월요일,경기도 부천시 송내동,경상사고,0,0,1,0,차대사람 - 기타,안전운전불이행,포장 - 건조,맑음,교차로 - 교차로안,승용,남,57세,상해없음,보행자,남,47세,경상
1350,2018021900100325,2018년 2월 19일 17시,월요일,경기도 고양시 일산동구 풍동,사망사고,1,0,0,0,차대사람 - 횡단중,안전운전불이행,포장 - 건조,맑음,교차로 - 교차로안,화물,남,54세,상해없음,보행자,여,71세,사망
1351,2018021900100343,2018년 2월 19일 18시,월요일,경기도 성남시 중원구 성남동,부상신고사고,0,0,0,1,차대사람 - 기타,안전운전불이행,포장 - 건조,맑음,단일로 - 기타,승용,남,44세,상해없음,보행자,남,50세,부상신고
1352,2018021900100344,2018년 2월 19일 18시,월요일,경기도 안산시 상록구 본오동,중상사고,0,1,0,0,차대사람 - 기타,보행자보호의무위반,포장 - 건조,맑음,단일로 - 기타,승용,여,49세,상해없음,보행자,남,5세,중상
1353,2018021900100369,2018년 2월 19일 18시,월요일,경기도 고양시 일산서구 주엽동,경상사고,0,0,1,0,차대사람 - 횡단중,보행자보호의무위반,포장 - 건조,맑음,교차로 - 교차로횡단보도내,승용,여,48세,상해없음,보행자,여,60세,경상
1354,2018021900100382,2018년 2월 19일 19시,월요일,경기도 부천시 심곡동,경상사고,0,0,1,0,차대사람 - 차도통행중,안전운전불이행,포장 - 건조,맑음,단일로 - 기타,승용,남,36세,상해없음,보행자,남,16세,경상
1355,2018021900100383,2018년 2월 19일 19시,월요일,경기도 시흥시 정왕동,부상신고사고,0,0,0,1,차대사람 - 기타,안전운전불이행,포장 - 건조,맑음,단일로 - 기타,승용,남,55세,상해없음,보행자,남,47세,부상신고
1356,2018021900100419,2018년 2월 19일 20시,월요일,경기도 안양시 동안구 호계동,경상사고,0,0,1,0,차대사람 - 기타,안전운전불이행,포장 - 건조,맑음,교차로 - 교차로안,승용,남,31세,상해없음,보행자,여,25세,경상
1357,2018021900100421,2018년 2월 19일 20시,월요일,경기도 오산시 원동,경상사고,0,0,1,0,차대사람 - 횡단중,신호위반,포장 - 건조,맑음,교차로 - 교차로횡단보도내,승용,여,37세,상해없음,보행자,남,42세,경상
1358,2018021900100440,2018년 2월 19일 20시,월요일,경기도 의정부시 의정부동,경상사고,0,0,1,0,차대사람 - 차도통행중,안전운전불이행,포장 - 건조,맑음,교차로 - 교차로부근,승용,남,34세,상해없음,보행자,남,33세,경상
1359,2018021900100452,2018년 2월 19일 21시,월요일,경기도 김포시 북변동,중상사고,0,2,0,0,차대사람 - 횡단중,보행자보호의무위반,포장 - 건조,맑음,교차로 - 교차로안,승용,남,53세,상해없음,보행자,남,46세,중상
1360,2018021900100464,2018년 2월 19일 21시,월요일,경기도 고양시 일산서구 일산동,중상사고,0,1,0,0,차대사람 - 횡단중,보행자보호의무위반,포장 - 건조,맑음,교차로 - 교차로횡단보도내,승용,남,57세,상해없음,보행자,여,43세,중상
1361,2018021900100465,2018년 2월 19일 21시,월요일,경기도 고양시 일산서구 덕이동,경상사고,0,0,1,0,차대사람 - 기타,안전운전불이행,포장 - 건조,흐림,기타 - 기타,승용,남,62세,상해없음,보행자,남,41세,경상
1362,2018021900100493,2018년 2월 19일 22시,월요일,경기도 고양시 일산동구 정발산동,중상사고,0,1,0,0,차대사람 - 횡단중,안전운전불이행,포장 - 건조,맑음,단일로 - 기타,승용,남,34세,상해없음,보행자,남,47세,중상
1363,2018021900100508,2018년 2월 19일 23시,월요일,경기도 용인시 수지구 상현동,중상사고,0,1,0,0,차대사람 - 횡단중,보행자보호의무위반,포장 - 건조,맑음,교차로 - 교차로횡단보도내,승용,남,41세,상해없음,보행자,남,34세,중상
1364,2018021900100516,2018년 2월 19일 23시,월요일,경기도 남양주시 화도읍,중상사고,0,1,0,0,차대사람 - 횡단중,안전운전불이행,포장 - 건조,맑음,기타 - 기타,화물,남,59세,상해없음,보행자,남,40세,중상
1365,2018021900100517,2018년 2월 19일 23시,월요일,경기도 연천군 전곡읍,중상사고,0,1,0,0,차대사람 - 기타,안전운전불이행,포장 - 건조,맑음,교차로 - 교차로안,승용,여,61세,상해없음,보행자,남,23세,중상
1366,2018022000100037,2018년 2월 20일 02시,화요일,경기도 용인시 처인구 모현읍,경상사고,0,0,2,0,차대사람 - 횡단중,보행자보호의무위반,포장 - 건조,맑음,교차로 - 교차로횡단보도내,승용,여,49세,상해없음,보행자,남,21세,경상
1367,2018022000100066,2018년 2월 20일 05시,화요일,경기도 고양시 일산동구 장항동,중상사고,0,1,0,0,차대사람 - 횡단중,보행자보호의무위반,포장 - 건조,맑음,교차로 - 교차로안,승용,남,28세,상해없음,보행자,남,67세,중상