,사고번호,사고일시,요일,시군구,사고내용,사망자수,중상자수,경상자수,부상신고자수,사고유형,법규위반,노면상태,기상상태,도로형태,가해운전자 차종,가해운전자 성별,가해운전자 연령,가해운전자 상해정도,피해운전자 차종,피해운전자 성별,피해운전자 연령,피해운전자 상해정도
1368,2018022000100098,2018년 2월 20일 07시,화요일,경기도 평택시 비전동,중상사고,0,1,0,0,차대사람 - 횡단중,신호위반,포장 - 건조,맑음,교차로 - 교차로횡단보도내,화물,남,72세,상해없음,보행자,여,72세,중상
1369,2018022000100147,2018년 2월 20일 09시,화요일,경기도 수원시 장안구 송죽동,중상사고,0,1,0,0,차대사람 - 기타,안전운전불이행,포장 - 건조,흐림,교차로 - 교차로안,승용,남,49세,상해없음,보행자,여,68세,중상
1370,2018022000100148,2018년 2월 20일 09시,화요일,경기도 용인시 기흥구 보라동,경상사고,0,0,1,0,차대사람 - 횡단중,안전운전불이행,포장 - 건조,흐림,단일로 - 기타,승용,남,46세,상해없음,보행자,남,17세,경상
1371,2018022000100164,2018년 2월 20일 09시,화요일,경기도 파주시 야당동,경상사고,0,0,1,0,차대사람 - 기타,보행자보호의무위반,포장 - 건조,맑음,교차로 - 교차로안,승용,여,49세,상해없음,보행자,남,4세,경상
1372,2018022000100193,2018년 2월 20일 10시,화요일,경기도 동두천시 생연동,경상사고,0,0,1,0,차대사람 - 기타,안전운전불이행,포장 - 건조,맑음,교차로 - 교차로안,승용,남,56세,기타불명,보행자,여,34세,경상
1373,2018022000100248,2018년 2월 20일 12시,화요일,경기도 파주시 조리읍,중상사고,0,1,0,0,차대사람 - 보도통행중,안전운전불이행,포장 - 건조,맑음,단일로 - 기타,승용,여,42세,상해없음,보행자,남,7세,중상
1374,2018022000100252,2018년 2월 20일 13시,화요일,경기도 의왕시 내손동,경상사고,0,0,1,0,차대사람 - 횡단중,보행자보호의무위반,포장 - 건조,맑음,교차로 - 교차로부근,승용,여,37세,상해없음,보행자,여,22세,경상
1375,2018022000100327,2018년 2월 20일 15시,화요일,경기도 파주시 금촌동,중상사고,0,1,0,0,차대사람 - 횡단중,보행자보호의무위반,포장 - 건조,맑음,교차로 - 교차로안,승용,여,48세,상해없음,보행자,여,67세,중상
1376,2018022000100333,2018년 2월 20일 16시,화요일,경기도 성남시 분당구 구미동,부상신고사고,0,0,0,1,차대사람 - 차도통행중,안전운전불이행,포장 - 건조,맑음,교차로 - 교차로부근,승용,여,38세,상해없음,보행자,여,58세,부상신고
1377,2018022000100334,2018년 2월 20일 16시,화요일,경기도 성남시 분당구 수내동,경상사고,0,0,1,0,차대사람 - 보도통행중,안전운전불이행,포장 - 건조,맑음,단일로 - 기타,승합,남,30세,상해없음,보행자,남,2세,경상
1378,2018022000100335,2018년 2월 20일 16시,화요일,경기도 용인시 수지구 성복동,경상사고,0,0,1,0,차대사람 - 횡단중,보행자보호의무위반,포장 - 건조,맑음,교차로 - 교차로안,화물,남,49세,상해없음,보행자,남,14세,경상
1379,2018022000100346,2018년 2월 20일 16시,화요일,경기도 고양시 덕양구 원당동,경상사고,0,0,1,0,차대사람 - 기타,안전운전불이행,포장 - 건조,맑음,단일로 - 기타,기타불명,기타불명,미분류,기타불명,보행자,여,63세,경상
1380,2018022000100355,2018년 2월 20일 17시,화요일,경기도 안양시 동안구 관양동,부상신고사고,0,0,0,1,차대사람 - 차도통행중,안전운전불이행,포장 - 건조,맑음,교차로 - 교차로부근,승용,남,22세,상해없음,보행자,여,64세,부상신고
1381,2018022000100385,2018년 2월 20일 18시,화요일,경기도 부천시 심곡동,사망사고,1,0,0,0,차대사람 - 횡단중,안전운전불이행,포장 - 건조,맑음,교차로 - 교차로횡단보도내,승합,남,69세,상해없음,보행자,여,54세,사망
1382,2018022000100387,2018년 2월 20일 18시,화요일,경기도 수원시 영통구 매탄동,중상사고,0,1,1,0,차대사람 - 횡단중,안전운전불이행,포장 - 건조,맑음,교차로 - 교차로안,이륜,남,17세,경상,보행자,여,54세,중상
1383,2018022000100389,2018년 2월 20일 18시,화요일,경기도 하남시 덕풍동,중상사고,0,1,0,0,차대사람 - 기타,중앙선침범,포장 - 건조,맑음,단일로 - 기타,승합,여,50세,상해없음,보행자,여,68세,중상
1384,2018022000100390,2018년 2월 20일 18시,화요일,경기도 부천시 원종동,경상사고,0,0,1,0,차대사람 - 기타,안전운전불이행,포장 - 건조,맑음,단일로 - 기타,화물,남,48세,상해없음,보행자,여,42세,경상
1385,2018022000100410,2018년 2월 20일 19시,화요일,경기도 부천시 괴안동,경상사고,0,0,1,0,차대사람 - 횡단중,안전운전불이행,포장 - 건조,맑음,교차로 - 교차로안,화물,남,42세,상해없음,보행자,남,28세,경상
1386,2018022000100458,2018년 2월 20일 21시,화요일,경기도 용인시 기흥구 서천동,경상사고,0,0,1,0,차대사람 - 보도통행중,안전운전불이행,포장 - 건조,맑음,단일로 - 기타,승용,여,49세,상해없음,보행자,여,58세,경상
1387,2018022000100484,2018년 2월 20일 22시,화요일,경기도 고양시 일산서구 일산동,부상신고사고,0,0,0,1,차대사람 - 차도통행중,안전운전불이행,포장 - 건조,맑음,단일로 - 기타,이륜,남,20세,상해없음,보행자,남,62세,부상신고
1388,2018022000100488,2018년 2월 20일 23시,화요일,경기도 성남시 수정구 산성동,경상사고,0,0,1,0,차대사람 - 기타,안전운전불이행,포장 - 건조,맑음,단일로 - 기타,승용,남,54세,상해없음,보행자,남,37세,경상
1389,2018022100100016,2018년 2월 21일 01시,수요일,경기도 수원시 팔달구 매산로2가,중상사고,0,1,0,0,차대사람 - 기타,안전운전불이행,포장 - 건조,맑음,기타 - 기타,승용,남,23세,상해없음,보행자,남,21세,중상
1390,2018022100100035,2018년 2월 21일 05시,수요일,경기도 광명시 광명동,사망사고,1,0,0,0,차대사람 - 횡단중,안전운전불이행,포장 - 건조,맑음,단일로 - 기타,승용,남,68세,상해없음,보행자,여,87세,사망
1391,2018022100100036,2018년 2월 21일 05시,수요일,경기도 시흥시 정왕동,중상사고,0,1,0,0,차대사람 - 차도통행중,안전운전불이행,포장 - 건조,맑음,단일로 - 기타,이륜,남,48세,상해없음,보행자,남,42세,중상
1392,2018022100100037,2018년 2월 21일 05시,수요일,경기도 안산시 상록구 본오동,경상사고,0,0,1,0,차대사람 - 횡단중,신호위반,포장 - 건조,맑음,교차로 - 교차로횡단보도내,승합,남,51세,상해없음,보행자,남,28세,경상
1393,2018022100100061,2018년 2월 21일 07시,수요일,경기도 안산시 단원구 초지동,중상사고,0,1,0,0,차대사람 - 횡단중,교차로운행방법위반,포장 - 건조,맑음,교차로 - 교차로횡단보도내,승용,여,50세,상해없음,보행자,여,46세,중상
1394,2018022100100097,2018년 2월 21일 08시,수요일,경기도 연천군 전곡읍,경상사고,0,0,1,0,차대사람 - 횡단중,보행자보호의무위반,포장 - 건조,맑음,교차로 - 교차로횡단보도내,승용,여,37세,상해없음,보행자,여,28세,경상
1395,2018022100100163,2018년 2월 21일 11시,수요일,경기도 고양시 일산동구 장항동,부상신고사고,0,0,0,1,차대사람 - 횡단중,안전운전불이행,포장 - 건조,맑음,단일로 - 기타,승용,여,80세,상해없음,보행자,여,33세,부상신고
1396,2018022100100174,2018년 2월 21일 12시,수요일,경기도 김포시 장기동,경상사고,0,0,2,0,차대사람 - 보도통행중,보행자보호의무위반,포장 - 건조,맑음,교차로 - 교차로부근,승용,여,47세,상해없음,보행자,여,8세,경상
1397,2018022100100194,2018년 2월 21일 13시,수요일,경기도 안양시 동안구 관양동,경상사고,0,0,1,0,차대사람 - 기타,안전운전불이행,포장 - 건조,맑음,단일로 - 기타,승용,남,59세,상해없음,보행자,여,70세,경상
1398,2018022100100221,2018년 2월 21일 14시,수요일,경기도 안성시 보개면,사망사고,1,0,0,0,차대사람 - 차도통행중,안전운전불이행,포장 - 건조,맑음,교차로 - 교차로부근,화물,남,49세,상해없음,보행자,여,71세,사망
1399,2018022100100222,2018년 2월 21일 14시,수요일,경기도 오산시 수청동,경상사고,0,0,1,0,차대사람 - 횡단중,안전운전불이행,포장 - 건조,맑음,교차로 - 교차로안,승합,남,60세,상해없음,보행자,남,37세,경상
1400,2018022100100223,2018년 2월 21일 14시,수요일,경기도 성남시 중원구 상대원동,경상사고,0,0,1,0,차대사람 - 길가장자리구역통행중,안전운전불이행,포장 - 건조,맑음,단일로 - 기타,승용,남,61세,상해없음,보행자,여,10세,경상
1401,2018022100100246,2018년 2월 21일 15시,수요일,경기도 안성시 금산동,경상사고,0,0,1,0,차대사람 - 기타,안전운전불이행,포장 - 건조,맑음,교차로 - 교차로안,승용,여,40세,상해없음,보행자,남,24세,경상
1402,2018022100100247,2018년 2월 21일 15시,수요일,경기도 이천시 중리동,경상사고,0,0,1,0,차대사람 - 횡단중,안전운전불이행,포장 - 건조,맑음,단일로 - 기타,화물,남,65세,상해없음,보행자,남,48세,경상
1403,2018022100100359,2018년 2월 21일 18시,수요일,경기도 의정부시 녹양동,사망사고,1,0,0,0,차대사람 - 기타,안전운전불이행,포장 - 건조,맑음,단일로 - 기타,승용,여,55세,상해없음,보행자,남,74세,사망
1404,2018022100100360,2018년 2월 21일 18시,수요일,경기도 고양시 덕양구 성사동,경상사고,0,0,1,0,차대사람 - 길가장자리구역통행중,안전운전불이행,포장 - 건조,맑음,교차로 - 교차로부근,승용,남,47세,상해없음,보행자,여,58세,경상
1405,2018022100100378,2018년 2월 21일 19시,수요일,경기도 오산시 갈곶동,중상사고,0,1,0,0,차대사람 - 횡단중,신호위반,포장 - 건조,맑음,교차로 - 교차로횡단보도내,승용,남,57세,상해없음,보행자,여,23세,중상
1406,2018022100100379,2018년 2월 21일 19시,수요일,경기도 안산시 상록구 사동,경상사고,0,0,1,0,차대사람 - 길가장자리구역통행중,안전운전불이행,포장 - 건조,맑음,단일로 - 기타,승용,남,31세,상해없음,보행자,여,76세,경상
1407,2018022100100380,2018년 2월 21일 19시,수요일,경기도 하남시 신장동,중상사고,0,1,0,0,차대사람 - 기타,안전운전불이행,포장 - 건조,맑음,교차로 - 교차로안,승용,남,39세,상해없음,보행자,여,73세,중상
1408,2018022100100402,2018년 2월 21일 19시,수요일,경기도 고양시 일산서구 주엽동,경상사고,0,0,1,0,차대사람 - 횡단중,신호위반,포장 - 건조,맑음,교차로 - 교차로횡단보도내,승용,여,49세,상해없음,보행자,여,20세,경상
1409,2018022100100447,2018년 2월 21일 22시,수요일,경기도 용인시 기흥구 신갈동,경상사고,0,0,1,0,차대사람 - 기타,안전운전불이행,포장 - 건조,맑음,교차로 - 교차로안,승용,여,49세,상해없음,보행자,남,24세,경상
1410,2018022100100464,2018년 2월 21일 22시,수요일,경기도 남양주시 화도읍,중상사고,0,1,0,0,차대사람 - 기타,보행자보호의무위반,포장 - 건조,맑음,단일로 - 기타,승용,남,46세,상해없음,보행자,여,30세,중상
1411,2018022100100474,2018년 2월 21일 23시,수요일,경기도 광명시 소하동,중상사고,0,1,0,0,차대사람 - 차도통행중,안전운전불이행,포장 - 건조,맑음,단일로 - 기타,승용,여,68세,상해없음,보행자,여,18세,중상
1412,2018022100100487,2018년 2월 21일 23시,수요일,경기도 고양시 일산동구 백석동,경상사고,0,0,1,0,차대사람 - 횡단중,안전운전불이행,포장 - 건조,맑음,교차로 - 교차로횡단보도내,승용,여,46세,상해없음,보행자,남,35세,경상
1413,2018022200100026,2018년 2월 22일 01시,목요일,경기도 용인시 처인구 포곡읍,경상사고,0,0,1,0,차대사람 - 횡단중,안전운전불이행,포장 - 건조,맑음,교차로 - 교차로안,승용,남,67세,상해없음,보행자,남,50세,경상
1414,2018022200100048,2018년 2월 22일 03시,목요일,경기도 이천시 백사면,중상사고,0,1,0,0,차대사람 - 기타,안전운전불이행,포장 - 건조,흐림,단일로 - 기타,승용,남,23세,상해없음,보행자,남,89세,중상
1415,2018022200100058,2018년 2월 22일 04시,목요일,경기도 수원시 권선구 권선동,중상사고,0,1,0,0,차대사람 - 기타,안전운전불이행,포장 - 건조,맑음,기타 - 기타,승용,여,65세,상해없음,보행자,남,50세,중상
1416,2018022200100075,2018년 2월 22일 06시,목요일,경기도 수원시 장안구 율전동,경상사고,0,0,1,0,차대사람 - 횡단중,신호위반,포장 - 건조,맑음,교차로 - 교차로안,승용,남,68세,상해없음,보행자,남,53세,경상
1417,2018022200100079,2018년 2월 22일 06시,목요일,경기도 부천시 옥길동,중상사고,0,1,0,0,차대사람 - 횡단중,안전운전불이행,포장 - 건조,맑음,교차로 - 교차로안,승용,남,58세,상해없음,보행자,남,65세,중상
1418,2018022200100107,2018년 2월 22일 08시,목요일,경기도 수원시 장안구 파장동,중상사고,0,1,0,0,차대사람 - 횡단중,안전운전불이행,포장 - 건조,흐림,교차로 - 교차로안,화물,남,48세,상해없음,보행자,여,41세,중상
1419,2018022200100108,2018년 2월 22일 08시,목요일,경기도 이천시 창전동,경상사고,0,0,1,0,차대사람 - 횡단중,안전운전불이행,포장 - 건조,맑음,단일로 - 기타,개인형이동수단(PM),여,37세,상해없음,보행자,남,6세,경상
1420,2018022200100112,2018년 2월 22일 08시,목요일,경기도 부천시 소사동,중상사고,0,1,0,0,차대사람 - 횡단중,안전운전불이행,포장 - 건조,맑음,교차로 - 교차로안,승용,남,50세,상해없음,보행자,여,47세,중상
1421,2018022200100114,2018년 2월 22일 08시,목요일,경기도 성남시 분당구 야탑동,중상사고,0,1,0,0,차대사람 - 횡단중,안전운전불이행,포장 - 건조,맑음,단일로 - 기타,승용,남,25세,상해없음,보행자,여,21세,중상
1422,2018022200100145,2018년 2월 22일 09시,목요일,경기도 안산시 단원구 신길동,중상사고,0,1,0,0,차대사람 - 기타,안전운전불이행,포장 - 건조,맑음,교차로 - 교차로안,승용,여,40세,상해없음,보행자,남,49세,중상
1423,2018022200100197,2018년 2월 22일 11시,목요일,경기도 평택시 비전동,경상사고,0,0,1,0,차대사람 - 횡단중,보행자보호의무위반,포장 - 건조,맑음,교차로 - 교차로횡단보도내,승용,여,60세,상해없음,보행자,여,33세,경상
1424,2018022200100240,2018년 2월 22일 12시,목요일,경기도 안산시 상록구 성포동,경상사고,0,0,1,0,차대사람 - 기타,안전거리미확보,포장 - 건조,맑음,단일로 - 기타,승합,남,55세,상해없음,보행자,여,26세,경상
1425,2018022200100260,2018년 2월 22일 13시,목요일,경기도 성남시 수정구 창곡동,중상사고,0,1,0,0,차대사람 - 기타,안전운전불이행,포장 - 건조,맑음,기타 - 기타,건설기계,남,47세,상해없음,보행자,여,63세,중상
1426,2018022200100313,2018년 2월 22일 14시,목요일,경기도 포천시 소흘읍,경상사고,0,0,1,0,차대사람 - 횡단중,안전운전불이행,포장 - 건조,맑음,단일로 - 기타,이륜,남,27세,상해없음,보행자,남,7세,경상
1427,2018022200100322,2018년 2월 22일 15시,목요일,경기도 안산시 단원구 원곡동,경상사고,0,0,1,0,차대사람 - 횡단중,안전운전불이행,포장 - 건조,맑음,기타 - 기타,승용,남,63세,상해없음,보행자,남,37세,경상
1428,2018022200100323,2018년 2월 22일 15시,목요일,경기도 성남시 분당구 분당동,중상사고,0,1,0,0,차대사람 - 기타,안전운전불이행,포장 - 건조,맑음,단일로 - 기타,승용,여,68세,상해없음,보행자,여,41세,중상
1429,2018022200100357,2018년 2월 22일 16시,목요일,경기도 구리시 수택동,경상사고,0,0,1,0,차대사람 - 횡단중,안전운전불이행,포장 - 건조,맑음,교차로 - 교차로안,승용,남,67세,상해없음,보행자,남,68세,경상
1430,2018022200100365,2018년 2월 22일 17시,목요일,경기도 김포시 구래동,중상사고,0,1,0,0,차대사람 - 횡단중,보행자보호의무위반,포장 - 건조,맑음,교차로 - 교차로횡단보도내,승용,남,60세,상해없음,보행자,여,67세,중상
1431,2018022200100396,2018년 2월 22일 18시,목요일,경기도 양평군 양평읍,경상사고,0,0,1,0,차대사람 - 기타,안전운전불이행,포장 - 건조,맑음,교차로 - 교차로안,승용,여,53세,기타불명,보행자,남,27세,경상
1432,2018022200100435,2018년 2월 22일 19시,목요일,경기도 평택시 안중읍,경상사고,0,0,1,0,차대사람 - 차도통행중,안전운전불이행,포장 - 건조,맑음,교차로 - 교차로안,승용,남,56세,상해없음,보행자,남,53세,상해없음
1433,2018022200100462,2018년 2월 22일 19시,목요일,경기도 고양시 일산동구 마두동,경상사고,0,0,1,0,차대사람 - 횡단중,보행자보호의무위반,포장 - 건조,맑음,단일로 - 기타,승용,여,40세,상해없음,보행자,남,69세,경상
1434,2018022200100474,2018년 2월 22일 20시,목요일,경기도 용인시 처인구 양지면,경상사고,0,0,1,0,차대사람 - 기타,안전운전불이행,포장 - 건조,맑음,기타 - 기타,승용,남,27세,상해없음,보행자,남,27세,경상
1435,2018022200100503,2018년 2월 22일 21시,목요일,경기도 오산시 궐동,중상사고,0,1,0,0,차대사람 - 기타,안전운전불이행,포장 - 건조,맑음,단일로 - 기타,승용,남,21세,상해없음,보행자,여,13세,중상
1436,2018022200100564,2018년 2월 22일 22시,목요일,경기도 파주시 금촌동,경상사고,0,0,1,0,차대사람 - 길가장자리구역통행중,안전운전불이행,포장 - 건조,맑음,교차로 - 교차로부근,승용,여,61세,상해없음,보행자,남,52세,경상
1437,2018022300100011,2018년 2월 23일 00시,금요일,경기도 성남시 수정구 복정동,경상사고,0,0,2,0,차대사람 - 횡단중,안전운전불이행,포장 - 젖음/습기,비,단일로 - 기타,승합,남,49세,상해없음,보행자,여,19세,경상
1438,2018022300100013,2018년 2월 23일 00시,금요일,경기도 이천시 창전동,중상사고,0,1,0,0,차대사람 - 보도통행중,보행자보호의무위반,포장 - 젖음/습기,눈,단일로 - 기타,승용,여,46세,상해없음,보행자,여,43세,중상
1439,2018022300100034,2018년 2월 23일 01시,금요일,경기도 성남시 중원구 성남동,경상사고,0,0,1,0,차대사람 - 기타,안전운전불이행,포장 - 건조,맑음,단일로 - 기타,승용,남,28세,상해없음,보행자,남,36세,경상
1440,2018022300100065,2018년 2월 23일 05시,금요일,경기도 평택시 장당동,중상사고,0,1,0,0,차대사람 - 기타,안전운전불이행,포장 - 젖음/습기,흐림,교차로 - 교차로부근,승용,여,27세,상해없음,보행자,남,50세,중상
1441,2018022300100067,2018년 2월 23일 05시,금요일,경기도 군포시 당동,중상사고,0,1,0,0,차대사람 - 차도통행중,안전운전불이행,포장 - 젖음/습기,흐림,단일로 - 기타,승용,남,57세,상해없음,보행자,남,54세,중상
1442,2018022300100087,2018년 2월 23일 06시,금요일,경기도 시흥시 정왕동,중상사고,0,1,0,0,차대사람 - 횡단중,보행자보호의무위반,포장 - 건조,흐림,교차로 - 교차로부근,승용,남,50세,상해없음,보행자,여,30세,중상
1443,2018022300100104,2018년 2월 23일 07시,금요일,경기도 광명시 소하동,중상사고,0,1,0,0,차대사람 - 차도통행중,안전운전불이행,포장 - 적설,눈,교차로 - 교차로안,승합,남,50세,상해없음,보행자,여,58세,중상
1444,2018022300100138,2018년 2월 23일 08시,금요일,경기도 광주시 쌍령동,경상사고,0,0,1,0,차대사람 - 기타,안전운전불이행,비포장 - 적설,맑음,기타 - 기타,화물,남,53세,상해없음,보행자,남,65세,경상
1445,2018022300100168,2018년 2월 23일 08시,금요일,경기도 양주시 봉양동,중상사고,0,1,0,0,차대사람 - 기타,안전운전불이행,포장 - 적설,눈,단일로 - 기타,화물,남,56세,상해없음,보행자,남,69세,중상
1446,2018022300100177,2018년 2월 23일 09시,금요일,경기도 용인시 기흥구 신갈동,부상신고사고,0,0,0,1,차대사람 - 횡단중,보행자보호의무위반,포장 - 건조,맑음,교차로 - 교차로횡단보도내,승용,남,50세,상해없음,보행자,여,13세,부상신고
1447,2018022300100178,2018년 2월 23일 09시,금요일,경기도 부천시 심곡동,중상사고,0,1,0,0,차대사람 - 횡단중,안전운전불이행,포장 - 건조,흐림,교차로 - 교차로부근,화물,남,54세,상해없음,보행자,남,86세,중상
1448,2018022300100229,2018년 2월 23일 10시,금요일,경기도 구리시 교문동,경상사고,0,0,1,0,차대사람 - 횡단중,보행자보호의무위반,포장 - 건조,맑음,교차로 - 교차로횡단보도내,승용,남,36세,상해없음,보행자,여,57세,경상
1449,2018022300100269,2018년 2월 23일 11시,금요일,경기도 포천시 가산면,경상사고,0,0,1,0,차대사람 - 보도통행중,안전운전불이행,포장 - 젖음/습기,맑음,단일로 - 기타,화물,남,52세,상해없음,보행자,여,46세,경상
1450,2018022300100270,2018년 2월 23일 11시,금요일,경기도 포천시 자작동,경상사고,0,0,1,0,차대사람 - 길가장자리구역통행중,안전운전불이행,포장 - 건조,맑음,단일로 - 기타,화물,남,53세,기타불명,보행자,남,47세,경상
1451,2018022300100292,2018년 2월 23일 12시,금요일,경기도 의정부시 용현동,중상사고,0,1,0,0,차대사람 - 기타,안전운전불이행,포장 - 건조,맑음,단일로 - 기타,화물,남,41세,상해없음,보행자,남,48세,중상
1452,2018022300100303,2018년 2월 23일 13시,금요일,경기도 안양시 동안구 호계동,경상사고,0,0,1,0,차대사람 - 기타,안전운전불이행,포장 - 건조,맑음,단일로 - 기타,승용,여,48세,상해없음,보행자,여,36세,경상
1453,2018022300100304,2018년 2월 23일 13시,금요일,경기도 양평군 양평읍,중상사고,0,1,0,0,차대사람 - 횡단중,안전운전불이행,포장 - 젖음/습기,흐림,교차로 - 교차로안,승용,남,55세,상해없음,보행자,남,20세,중상
1454,2018022300100315,2018년 2월 23일 13시,금요일,경기도 고양시 덕양구 성사동,중상사고,0,1,0,0,차대사람 - 횡단중,보행자보호의무위반,포장 - 건조,맑음,단일로 - 기타,승용,남,43세,상해없음,보행자,남,75세,중상
1455,2018022300100316,2018년 2월 23일 13시,금요일,경기도 양주시 남면,경상사고,0,0,1,0,차대사람 - 횡단중,안전운전불이행,포장 - 건조,맑음,단일로 - 기타,승용,여,72세,상해없음,보행자,여,68세,경상
1456,2018022300100319,2018년 2월 23일 14시,금요일,경기도 안성시 구포동,중상사고,0,1,0,0,차대사람 - 횡단중,보행자보호의무위반,포장 - 건조,맑음,교차로 - 교차로횡단보도내,승용,여,52세,상해없음,보행자,남,7세,중상
1457,2018022300100321,2018년 2월 23일 14시,금요일,경기도 부천시 중동,부상신고사고,0,0,0,1,차대사람 - 횡단중,안전운전불이행,포장 - 건조,맑음,단일로 - 기타,승용,남,55세,상해없음,보행자,남,5세,부상신고
1458,2018022300100339,2018년 2월 23일 15시,금요일,경기도 용인시 처인구 김량장동,경상사고,0,0,1,0,차대사람 - 보도통행중,보행자보호의무위반,포장 - 건조,맑음,교차로 - 교차로횡단보도내,승용,여,36세,상해없음,보행자,여,19세,경상
1459,2018022300100340,2018년 2월 23일 15시,금요일,경기도 시흥시 정왕동,경상사고,0,0,1,0,차대사람 - 횡단중,신호위반,포장 - 건조,맑음,교차로 - 교차로횡단보도내,이륜,남,78세,상해없음,보행자,여,26세,경상
1460,2018022300100372,2018년 2월 23일 16시,금요일,경기도 용인시 처인구 삼가동,중상사고,0,1,0,0,차대사람 - 횡단중,보행자보호의무위반,포장 - 건조,맑음,교차로 - 교차로횡단보도내,승용,남,77세,상해없음,보행자,여,77세,중상
1461,2018022300100400,2018년 2월 23일 17시,금요일,경기도 부천시 심곡동,부상신고사고,0,0,0,1,차대사람 - 기타,안전운전불이행,포장 - 건조,맑음,단일로 - 기타,승용,여,24세,상해없음,보행자,남,42세,부상신고
1462,2018022300100402,2018년 2월 23일 17시,금요일,경기도 안산시 단원구 화정동,중상사고,0,1,0,0,차대사람 - 차도통행중,안전운전불이행,포장 - 건조,맑음,교차로 - 교차로부근,승용,남,61세,상해없음,보행자,남,54세,중상
1463,2018022300100464,2018년 2월 23일 19시,금요일,경기도 안양시 동안구 관양동,경상사고,0,0,1,0,차대사람 - 기타,안전운전불이행,포장 - 건조,맑음,단일로 - 기타,승용,남,50세,기타불명,보행자,여,37세,경상
1464,2018022300100467,2018년 2월 23일 19시,금요일,경기도 군포시 금정동,중상사고,0,1,0,0,차대사람 - 기타,안전운전불이행,포장 - 건조,맑음,교차로 - 교차로부근,승용,남,56세,상해없음,보행자,여,48세,중상
1465,2018022300100498,2018년 2월 23일 19시,금요일,경기도 남양주시 진접읍,경상사고,0,0,1,0,차대사람 - 차도통행중,안전운전불이행,포장 - 건조,맑음,주차장 - 주차장,승용,여,45세,상해없음,보행자,여,56세,경상
1466,2018022300100511,2018년 2월 23일 20시,금요일,경기도 성남시 수정구 수진동,경상사고,0,0,1,0,차대사람 - 기타,안전운전불이행,포장 - 건조,맑음,단일로 - 기타,승합,남,44세,상해없음,보행자,여,54세,경상
1467,2018022300100514,2018년 2월 23일 20시,금요일,경기도 광명시 하안동,중상사고,0,1,0,0,차대사람 - 보도통행중,기타,포장 - 건조,맑음,교차로 - 교차로부근,화물,남,48세,상해없음,보행자,여,48세,중상
1468,2018022300100531,2018년 2월 23일 20시,금요일,경기도 의정부시 용현동,경상사고,0,0,1,0,차대사람 - 횡단중,신호위반,포장 - 건조,맑음,단일로 - 기타,승용,여,53세,상해없음,보행자,남,47세,경상
1469,2018022300100544,2018년 2월 23일 21시,금요일,경기도 용인시 처인구 양지면,중상사고,0,1,0,0,차대사람 - 기타,안전운전불이행,포장 - 건조,맑음,단일로 - 기타,승용,여,53세,상해없음,보행자,남,58세,중상
1470,2018022300100545,2018년 2월 23일 21시,금요일,경기도 용인시 기흥구 중동,중상사고,0,1,0,0,차대사람 - 횡단중,안전운전불이행,포장 - 건조,맑음,기타 - 기타,승용,여,53세,기타불명,보행자,여,65세,중상
1471,2018022300100546,2018년 2월 23일 21시,금요일,경기도 부천시 중동,경상사고,0,0,1,0,차대사람 - 차도통행중,보행자보호의무위반,포장 - 건조,맑음,단일로 - 기타,승용,여,36세,상해없음,보행자,여,31세,경상
1472,2018022300100548,2018년 2월 23일 21시,금요일,경기도 안산시 상록구 본오동,중상사고,0,1,0,0,차대사람 - 차도통행중,안전운전불이행,포장 - 건조,맑음,교차로 - 교차로부근,승용,남,51세,상해없음,보행자,여,27세,중상
1473,2018022300100571,2018년 2월 23일 21시,금요일,경기도 고양시 덕양구 토당동,경상사고,0,0,1,0,차대사람 - 횡단중,안전운전불이행,포장 - 건조,맑음,단일로 - 기타,화물,남,56세,상해없음,보행자,남,56세,경상
1474,2018022300100584,2018년 2월 23일 22시,금요일,경기도 수원시 장안구 송죽동,경상사고,0,0,1,0,차대사람 - 기타,안전운전불이행,포장 - 건조,맑음,단일로 - 기타,승용,남,37세,상해없음,보행자,남,33세,경상
1475,2018022300100585,2018년 2월 23일 22시,금요일,경기도 용인시 처인구 포곡읍,중상사고,0,1,0,0,차대사람 - 기타,안전운전불이행,포장 - 건조,맑음,단일로 - 기타,승용,남,39세,상해없음,보행자,남,44세,중상
1476,2018022300100588,2018년 2월 23일 22시,금요일,경기도 안산시 단원구 고잔동,부상신고사고,0,0,0,1,차대사람 - 기타,안전운전불이행,포장 - 건조,맑음,교차로 - 교차로안,승용,여,58세,상해없음,보행자,남,26세,부상신고
1477,2018022300100590,2018년 2월 23일 22시,금요일,경기도 수원시 권선구 세류동,부상신고사고,0,0,0,1,차대사람 - 횡단중,안전운전불이행,포장 - 건조,맑음,교차로 - 교차로부근,승용,남,57세,상해없음,보행자,여,32세,부상신고
1478,2018022300100615,2018년 2월 23일 23시,금요일,경기도 평택시 비전동,중상사고,0,1,1,0,차대사람 - 보도통행중,기타,포장 - 건조,맑음,단일로 - 기타,승용,남,38세,상해없음,보행자,남,35세,중상
1479,2018022300100616,2018년 2월 23일 23시,금요일,경기도 광주시 초월읍,경상사고,0,0,1,0,차대사람 - 길가장자리구역통행중,안전운전불이행,포장 - 젖음/습기,맑음,단일로 - 기타,승용,여,51세,상해없음,보행자,남,45세,경상
1480,2018022300100621,2018년 2월 23일 23시,금요일,경기도 시흥시 정왕동,경상사고,0,0,1,0,차대사람 - 횡단중,안전운전불이행,포장 - 건조,맑음,단일로 - 기타,승용,남,55세,상해없음,보행자,남,34세,경상