,사고번호,사고일시,요일,시군구,사고내용,사망자수,중상자수,경상자수,부상신고자수,사고유형,법규위반,노면상태,기상상태,도로형태,가해운전자 차종,가해운전자 성별,가해운전자 연령,가해운전자 상해정도,피해운전자 차종,피해운전자 성별,피해운전자 연령,피해운전자 상해정도
1481,2018022400100053,2018년 2월 24일 03시,토요일,경기도 수원시 팔달구 교동,경상사고,0,0,1,0,차대사람 - 차도통행중,기타,포장 - 건조,맑음,교차로 - 교차로부근,승용,남,58세,기타불명,보행자,남,25세,경상
1482,2018022400100104,2018년 2월 24일 06시,토요일,경기도 의정부시 가능동,부상신고사고,0,0,0,1,차대사람 - 기타,신호위반,포장 - 건조,맑음,교차로 - 교차로안,기타불명,기타불명,미분류,기타불명,보행자,남,50세,부상신고
1483,2018022400100192,2018년 2월 24일 11시,토요일,경기도 광주시 목현동,중상사고,0,1,0,0,차대사람 - 횡단중,안전운전불이행,포장 - 건조,맑음,교차로 - 교차로부근,승용,여,54세,상해없음,보행자,여,75세,중상
1484,2018022400100214,2018년 2월 24일 11시,토요일,경기도 구리시 수택동,경상사고,0,0,1,0,차대사람 - 기타,안전운전불이행,포장 - 건조,맑음,교차로 - 교차로부근,승용,남,45세,상해없음,보행자,여,49세,경상
1485,2018022400100244,2018년 2월 24일 13시,토요일,경기도 양평군 양서면,중상사고,0,1,0,0,차대사람 - 기타,안전운전불이행,포장 - 건조,맑음,주차장 - 주차장,이륜,남,51세,상해없음,보행자,남,49세,중상
1486,2018022400100247,2018년 2월 24일 13시,토요일,경기도 하남시 천현동,중상사고,0,1,0,0,차대사람 - 횡단중,보행자보호의무위반,포장 - 건조,맑음,교차로 - 교차로안,화물,남,53세,상해없음,보행자,여,74세,중상
1487,2018022400100278,2018년 2월 24일 14시,토요일,경기도 평택시 평택동,경상사고,0,0,1,0,차대사람 - 기타,안전운전불이행,포장 - 건조,맑음,단일로 - 기타,승합,남,43세,상해없음,보행자,여,19세,경상
1488,2018022400100326,2018년 2월 24일 16시,토요일,경기도 수원시 팔달구 지동,중상사고,0,1,0,0,차대사람 - 횡단중,신호위반,포장 - 건조,맑음,교차로 - 교차로안,승용,남,59세,상해없음,보행자,여,90세 이상,중상
1489,2018022400100329,2018년 2월 24일 16시,토요일,경기도 김포시 사우동,경상사고,0,0,1,0,차대사람 - 기타,신호위반,포장 - 건조,맑음,교차로 - 교차로안,승용,남,53세,상해없음,보행자,여,55세,경상
1490,2018022400100354,2018년 2월 24일 17시,토요일,경기도 평택시 평택동,경상사고,0,0,1,0,차대사람 - 횡단중,보행자보호의무위반,포장 - 건조,맑음,교차로 - 교차로부근,승용,남,64세,상해없음,보행자,남,28세,경상
1491,2018022400100407,2018년 2월 24일 19시,토요일,경기도 용인시 기흥구 보라동,중상사고,0,1,0,0,차대사람 - 기타,안전운전불이행,포장 - 건조,맑음,단일로 - 기타,이륜,남,24세,상해없음,보행자,여,63세,중상
1492,2018022400100408,2018년 2월 24일 19시,토요일,경기도 용인시 기흥구 영덕동,중상사고,0,1,0,0,차대사람 - 횡단중,안전운전불이행,포장 - 건조,맑음,교차로 - 교차로부근,승용,남,41세,상해없음,보행자,여,18세,중상
1493,2018022400100458,2018년 2월 24일 21시,토요일,경기도 광주시 경안동,경상사고,0,0,1,0,차대사람 - 횡단중,보행자보호의무위반,포장 - 건조,맑음,교차로 - 교차로횡단보도내,승용,남,19세,상해없음,보행자,남,73세,경상
1494,2018022400100461,2018년 2월 24일 21시,토요일,경기도 안산시 상록구 본오동,경상사고,0,0,1,0,차대사람 - 횡단중,신호위반,포장 - 기타,맑음,교차로 - 교차로안,이륜,남,18세,상해없음,보행자,여,24세,경상
1495,2018022400100474,2018년 2월 24일 21시,토요일,경기도 동두천시 지행동,중상사고,0,2,0,0,차대사람 - 횡단중,안전운전불이행,포장 - 건조,맑음,교차로 - 교차로횡단보도내,승용,남,50세,상해없음,보행자,여,78세,중상
1496,2018022400100486,2018년 2월 24일 22시,토요일,경기도 수원시 권선구 권선동,경상사고,0,0,1,0,차대사람 - 차도통행중,안전운전불이행,포장 - 건조,맑음,단일로 - 기타,승용,남,58세,상해없음,보행자,남,45세,경상
1497,2018022400100500,2018년 2월 24일 22시,토요일,경기도 의정부시 민락동,중상사고,0,1,0,0,차대사람 - 기타,안전운전불이행,포장 - 건조,맑음,단일로 - 기타,화물,남,45세,상해없음,보행자,남,56세,중상
1498,2018022400100504,2018년 2월 24일 23시,토요일,경기도 평택시 안중읍,경상사고,0,0,1,0,차대사람 - 기타,안전운전불이행,포장 - 건조,맑음,교차로 - 교차로안,승용,남,48세,상해없음,보행자,남,59세,경상
1499,2018022500100008,2018년 2월 25일 00시,일요일,경기도 안양시 만안구 안양동,경상사고,0,0,1,0,차대사람 - 기타,안전운전불이행,포장 - 건조,맑음,교차로 - 교차로안,승용,여,55세,상해없음,보행자,여,21세,경상
1500,2018022500100023,2018년 2월 25일 01시,일요일,경기도 수원시 팔달구 인계동,경상사고,0,0,1,0,차대사람 - 기타,안전운전불이행,포장 - 건조,맑음,단일로 - 기타,이륜,남,36세,상해없음,보행자,남,35세,경상
1501,2018022500100039,2018년 2월 25일 02시,일요일,경기도 동두천시 지행동,중상사고,0,1,0,0,차대사람 - 길가장자리구역통행중,안전운전불이행,포장 - 건조,맑음,교차로 - 교차로안,승용,여,54세,상해없음,보행자,여,35세,중상
1502,2018022500100045,2018년 2월 25일 03시,일요일,경기도 부천시 심곡동,부상신고사고,0,0,0,1,차대사람 - 차도통행중,안전운전불이행,포장 - 건조,맑음,단일로 - 기타,승용,남,25세,상해없음,보행자,남,25세,부상신고
1503,2018022500100061,2018년 2월 25일 04시,일요일,경기도 수원시 팔달구 고등동,경상사고,0,0,1,0,차대사람 - 횡단중,안전운전불이행,포장 - 건조,맑음,단일로 - 기타,승용,남,57세,상해없음,보행자,남,44세,경상
1504,2018022500100097,2018년 2월 25일 08시,일요일,경기도 광명시 하안동,중상사고,0,1,0,0,차대사람 - 횡단중,보행자보호의무위반,포장 - 건조,맑음,교차로 - 교차로횡단보도내,승합,남,56세,상해없음,보행자,여,69세,중상
1505,2018022500100113,2018년 2월 25일 09시,일요일,경기도 고양시 덕양구 화정동,경상사고,0,0,1,0,차대사람 - 횡단중,보행자보호의무위반,포장 - 건조,맑음,교차로 - 교차로횡단보도내,승용,여,53세,상해없음,보행자,여,48세,경상
1506,2018022500100118,2018년 2월 25일 10시,일요일,경기도 용인시 처인구 고림동,경상사고,0,0,1,0,차대사람 - 기타,안전운전불이행,포장 - 건조,맑음,기타 - 기타,승용,남,25세,상해없음,보행자,남,59세,경상
1507,2018022500100148,2018년 2월 25일 11시,일요일,경기도 고양시 일산서구 대화동,부상신고사고,0,0,0,1,차대사람 - 기타,안전운전불이행,포장 - 건조,맑음,단일로 - 기타,승용,남,56세,상해없음,보행자,남,20세,부상신고
1508,2018022500100155,2018년 2월 25일 12시,일요일,경기도 부천시 심곡동,중상사고,0,1,0,0,차대사람 - 기타,안전운전불이행,포장 - 건조,맑음,단일로 - 기타,승용,남,64세,상해없음,보행자,여,71세,중상
1509,2018022500100170,2018년 2월 25일 12시,일요일,경기도 파주시 탄현면,중상사고,0,1,0,0,차대사람 - 길가장자리구역통행중,안전운전불이행,포장 - 건조,맑음,교차로 - 교차로부근,승용,남,57세,상해없음,보행자,남,27세,중상
1510,2018022500100210,2018년 2월 25일 14시,일요일,경기도 고양시 일산서구 주엽동,경상사고,0,0,1,0,차대사람 - 차도통행중,안전운전불이행,포장 - 건조,맑음,단일로 - 기타,승용,남,44세,상해없음,보행자,여,37세,경상
1511,2018022500100237,2018년 2월 25일 15시,일요일,경기도 파주시 목동동,경상사고,0,0,1,0,차대사람 - 기타,안전운전불이행,포장 - 건조,맑음,주차장 - 주차장,승용,여,51세,상해없음,보행자,남,37세,경상
1512,2018022500100244,2018년 2월 25일 16시,일요일,경기도 수원시 팔달구 지동,경상사고,0,0,1,0,차대사람 - 기타,안전운전불이행,포장 - 건조,맑음,교차로 - 교차로안,화물,여,55세,상해없음,보행자,남,52세,경상
1513,2018022500100245,2018년 2월 25일 16시,일요일,경기도 김포시 고촌읍,경상사고,0,0,1,0,차대사람 - 기타,안전운전불이행,포장 - 건조,맑음,단일로 - 기타,승용,여,49세,상해없음,보행자,남,55세,경상
1514,2018022500100261,2018년 2월 25일 16시,일요일,경기도 포천시 신읍동,경상사고,0,0,1,0,차대사람 - 횡단중,보행자보호의무위반,포장 - 건조,맑음,교차로 - 교차로안,화물,남,67세,상해없음,보행자,여,21세,경상
1515,2018022500100262,2018년 2월 25일 16시,일요일,경기도 고양시 일산서구 덕이동,중상사고,0,1,0,0,차대사람 - 횡단중,안전운전불이행,포장 - 건조,맑음,단일로 - 기타,승용,남,35세,상해없음,보행자,남,72세,중상
1516,2018022500100265,2018년 2월 25일 17시,일요일,경기도 수원시 장안구 연무동,경상사고,0,0,1,0,차대사람 - 길가장자리구역통행중,안전운전불이행,포장 - 건조,맑음,단일로 - 기타,승합,남,53세,상해없음,보행자,여,48세,경상
1517,2018022500100268,2018년 2월 25일 17시,일요일,경기도 성남시 중원구 중앙동,경상사고,0,0,1,0,차대사람 - 기타,안전운전불이행,포장 - 건조,맑음,단일로 - 기타,기타불명,기타불명,미분류,기타불명,보행자,남,11세,경상
1518,2018022500100269,2018년 2월 25일 17시,일요일,경기도 의왕시 오전동,중상사고,0,1,0,0,차대사람 - 기타,기타,포장 - 건조,맑음,단일로 - 기타,승합,남,55세,상해없음,보행자,여,63세,중상
1519,2018022500100288,2018년 2월 25일 18시,일요일,경기도 양평군 서종면,경상사고,0,0,1,0,차대사람 - 기타,안전운전불이행,포장 - 건조,기타,단일로 - 기타,승용,남,63세,상해없음,보행자,남,57세,경상
1520,2018022500100301,2018년 2월 25일 18시,일요일,경기도 파주시 월롱면,중상사고,0,1,0,0,차대사람 - 횡단중,안전운전불이행,포장 - 건조,맑음,교차로 - 교차로안,승용,남,52세,상해없음,보행자,여,61세,중상
1521,2018022500100367,2018년 2월 25일 21시,일요일,경기도 의정부시 호원동,중상사고,0,1,0,0,차대사람 - 횡단중,보행자보호의무위반,포장 - 건조,맑음,교차로 - 교차로안,이륜,남,48세,상해없음,보행자,남,69세,중상
1522,2018022500100375,2018년 2월 25일 22시,일요일,경기도 안산시 상록구 본오동,중상사고,0,1,0,0,차대사람 - 횡단중,중앙선침범,포장 - 건조,맑음,단일로 - 기타,승용,남,22세,상해없음,보행자,여,46세,중상
1523,2018022500100386,2018년 2월 25일 22시,일요일,경기도 포천시 신북면,경상사고,0,0,1,0,차대사람 - 횡단중,신호위반,포장 - 건조,맑음,단일로 - 기타,승용,남,48세,상해없음,보행자,여,61세,경상
1524,2018022500100395,2018년 2월 25일 23시,일요일,경기도 의정부시 신곡동,사망사고,1,0,0,0,차대사람 - 기타,안전운전불이행,포장 - 건조,맑음,교차로 - 교차로안,승용,남,53세,상해없음,보행자,남,45세,사망
1525,2018022600100026,2018년 2월 26일 04시,월요일,경기도 남양주시 별내동,경상사고,0,0,1,0,차대사람 - 기타,안전운전불이행,포장 - 건조,맑음,교차로 - 교차로안,승용,남,30세,상해없음,보행자,남,68세,경상
1526,2018022600100035,2018년 2월 26일 05시,월요일,경기도 화성시 반송동,경상사고,0,0,1,0,차대사람 - 횡단중,불법유턴,포장 - 건조,맑음,교차로 - 교차로부근,기타불명,기타불명,미분류,기타불명,보행자,남,39세,경상
1527,2018022600100051,2018년 2월 26일 06시,월요일,경기도 부천시 심곡본동,경상사고,0,0,1,0,차대사람 - 기타,안전운전불이행,포장 - 기타,맑음,단일로 - 기타,승합,남,44세,상해없음,보행자,남,59세,경상
1528,2018022600100052,2018년 2월 26일 06시,월요일,경기도 화성시 능동,중상사고,0,1,0,0,차대사람 - 보도통행중,신호위반,포장 - 건조,맑음,교차로 - 교차로횡단보도내,승용,남,37세,상해없음,보행자,여,68세,중상
1529,2018022600100070,2018년 2월 26일 07시,월요일,경기도 수원시 권선구 권선동,경상사고,0,0,1,0,차대사람 - 횡단중,보행자보호의무위반,포장 - 건조,맑음,교차로 - 교차로안,승용,여,28세,상해없음,보행자,여,47세,경상
1530,2018022600100093,2018년 2월 26일 08시,월요일,경기도 화성시 병점동,경상사고,0,0,1,0,차대사람 - 횡단중,보행자보호의무위반,포장 - 건조,맑음,교차로 - 교차로횡단보도내,승용,남,39세,상해없음,보행자,여,47세,경상
1531,2018022600100096,2018년 2월 26일 08시,월요일,경기도 안양시 만안구 안양동,경상사고,0,0,1,0,차대사람 - 기타,보행자보호의무위반,포장 - 건조,맑음,교차로 - 교차로횡단보도내,승용,남,65세,상해없음,보행자,여,38세,경상
1532,2018022600100114,2018년 2월 26일 08시,월요일,경기도 양주시 덕계동,경상사고,0,0,1,0,차대사람 - 길가장자리구역통행중,안전운전불이행,포장 - 건조,맑음,주차장 - 주차장,승용,여,58세,상해없음,보행자,여,41세,경상
1533,2018022600100124,2018년 2월 26일 09시,월요일,경기도 수원시 장안구 정자동,경상사고,0,0,1,0,차대사람 - 기타,신호위반,포장 - 건조,맑음,단일로 - 기타,승용,남,29세,상해없음,보행자,남,66세,경상
1534,2018022600100154,2018년 2월 26일 10시,월요일,경기도 광명시 철산동,경상사고,0,0,1,0,차대사람 - 횡단중,신호위반,포장 - 건조,맑음,교차로 - 교차로안,이륜,남,47세,상해없음,보행자,여,28세,경상
1535,2018022600100155,2018년 2월 26일 10시,월요일,경기도 수원시 영통구 매탄동,경상사고,0,0,1,0,차대사람 - 기타,신호위반,포장 - 건조,맑음,교차로 - 교차로횡단보도내,승합,남,61세,상해없음,보행자,남,29세,경상
1536,2018022600100156,2018년 2월 26일 10시,월요일,경기도 군포시 당정동,경상사고,0,0,1,0,차대사람 - 기타,안전운전불이행,포장 - 건조,맑음,교차로 - 교차로횡단보도내,승용,여,38세,상해없음,보행자,남,25세,경상
1537,2018022600100191,2018년 2월 26일 11시,월요일,경기도 안성시 미양면,중상사고,0,1,0,0,차대사람 - 횡단중,안전운전불이행,포장 - 건조,맑음,단일로 - 기타,승용,남,72세,상해없음,보행자,남,60세,중상
1538,2018022600100215,2018년 2월 26일 11시,월요일,경기도 양주시 옥정동,경상사고,0,0,1,0,차대사람 - 횡단중,보행자보호의무위반,포장 - 건조,맑음,교차로 - 교차로안,승합,남,53세,상해없음,보행자,여,35세,경상
1539,2018022600100223,2018년 2월 26일 12시,월요일,경기도 광명시 철산동,경상사고,0,0,1,0,차대사람 - 길가장자리구역통행중,안전운전불이행,포장 - 건조,맑음,단일로 - 기타,승용,남,22세,상해없음,보행자,남,23세,경상
1540,2018022600100321,2018년 2월 26일 14시,월요일,경기도 양주시 만송동,경상사고,0,0,1,0,차대사람 - 기타,안전운전불이행,포장 - 건조,맑음,단일로 - 기타,승용,여,68세,상해없음,보행자,남,53세,경상
1541,2018022600100337,2018년 2월 26일 15시,월요일,경기도 수원시 팔달구 고등동,경상사고,0,0,1,0,차대사람 - 횡단중,안전운전불이행,포장 - 건조,맑음,단일로 - 기타,화물,남,41세,상해없음,보행자,여,8세,경상
1542,2018022600100369,2018년 2월 26일 16시,월요일,경기도 수원시 팔달구 우만동,경상사고,0,0,1,0,차대사람 - 횡단중,보행자보호의무위반,포장 - 건조,맑음,교차로 - 교차로횡단보도내,이륜,남,53세,상해없음,보행자,여,46세,경상
1543,2018022600100370,2018년 2월 26일 16시,월요일,경기도 평택시 평택동,경상사고,0,0,1,0,차대사람 - 기타,안전운전불이행,포장 - 건조,맑음,단일로 - 기타,승용,여,60세,상해없음,보행자,여,15세,경상
1544,2018022600100373,2018년 2월 26일 16시,월요일,경기도 김포시 풍무동,중상사고,0,1,0,0,차대사람 - 횡단중,안전운전불이행,포장 - 건조,맑음,교차로 - 교차로안,화물,남,52세,상해없음,보행자,여,22세,중상
1545,2018022600100407,2018년 2월 26일 17시,월요일,경기도 성남시 수정구 수진동,경상사고,0,0,1,0,차대사람 - 기타,불법유턴,포장 - 건조,맑음,교차로 - 교차로부근,기타불명,기타불명,미분류,기타불명,보행자,여,17세,경상
1546,2018022600100450,2018년 2월 26일 18시,월요일,경기도 부천시 중동,중상사고,0,1,0,0,차대사람 - 기타,신호위반,포장 - 건조,맑음,교차로 - 교차로횡단보도내,화물,남,56세,상해없음,보행자,여,68세,중상
1547,2018022600100499,2018년 2월 26일 19시,월요일,경기도 파주시 와동,경상사고,0,0,1,0,차대사람 - 횡단중,안전운전불이행,포장 - 건조,맑음,교차로 - 교차로부근,이륜,남,37세,상해없음,보행자,여,11세,경상
1548,2018022600100506,2018년 2월 26일 20시,월요일,경기도 화성시 안녕동,부상신고사고,0,0,0,1,차대사람 - 길가장자리구역통행중,안전운전불이행,포장 - 건조,맑음,단일로 - 기타,기타불명,기타불명,미분류,기타불명,보행자,남,24세,부상신고
1549,2018022600100532,2018년 2월 26일 21시,월요일,경기도 군포시 산본동,중상사고,0,1,0,0,차대사람 - 기타,안전운전불이행,포장 - 건조,맑음,기타 - 기타,승용,남,38세,상해없음,보행자,남,28세,중상
1550,2018022600100547,2018년 2월 26일 21시,월요일,경기도 고양시 덕양구 동산동,경상사고,0,0,1,0,차대사람 - 길가장자리구역통행중,안전운전불이행,포장 - 건조,맑음,주차장 - 주차장,승용,여,66세,상해없음,보행자,남,60세,경상
1551,2018022600100552,2018년 2월 26일 22시,월요일,경기도 수원시 장안구 연무동,중상사고,0,1,0,0,차대사람 - 횡단중,안전운전불이행,포장 - 건조,맑음,단일로 - 기타,화물,남,48세,상해없음,보행자,남,47세,중상
1552,2018022600100570,2018년 2월 26일 23시,월요일,경기도 수원시 팔달구 매교동,경상사고,0,0,1,0,차대사람 - 횡단중,안전운전불이행,포장 - 건조,맑음,단일로 - 기타,화물,남,61세,상해없음,보행자,남,56세,경상
1553,2018022700100004,2018년 2월 27일 00시,화요일,경기도 수원시 영통구 매탄동,경상사고,0,0,1,0,차대사람 - 기타,안전운전불이행,포장 - 건조,맑음,교차로 - 교차로안,승용,남,48세,상해없음,보행자,여,45세,경상
1554,2018022700100006,2018년 2월 27일 00시,화요일,경기도 부천시 원종동,경상사고,0,0,1,0,차대사람 - 기타,안전운전불이행,포장 - 건조,맑음,단일로 - 기타,승용,남,30세,기타불명,보행자,남,28세,경상
1555,2018022700100024,2018년 2월 27일 01시,화요일,경기도 부천시 심곡본동,중상사고,0,1,0,0,차대사람 - 차도통행중,안전운전불이행,포장 - 기타,맑음,교차로 - 교차로부근,승용,여,30세,상해없음,보행자,남,52세,중상
1556,2018022700100032,2018년 2월 27일 02시,화요일,경기도 수원시 영통구 매탄동,중상사고,0,1,0,0,차대사람 - 횡단중,신호위반,포장 - 건조,맑음,교차로 - 교차로횡단보도내,승용,남,31세,상해없음,보행자,남,81세,중상
1557,2018022700100112,2018년 2월 27일 09시,화요일,경기도 화성시 장안면,중상사고,0,1,0,0,차대사람 - 차도통행중,안전운전불이행,포장 - 건조,맑음,교차로 - 교차로안,화물,남,65세,상해없음,보행자,여,46세,중상
1558,2018022700100137,2018년 2월 27일 10시,화요일,경기도 평택시 고덕면,사망사고,1,0,0,0,차대사람 - 횡단중,안전운전불이행,포장 - 건조,맑음,교차로 - 교차로횡단보도내,화물,남,43세,상해없음,보행자,남,77세,사망
1559,2018022700100138,2018년 2월 27일 10시,화요일,경기도 김포시 대곶면,중상사고,0,1,0,0,차대사람 - 기타,안전운전불이행,포장 - 건조,맑음,교차로 - 교차로안,화물,남,61세,상해없음,보행자,남,78세,중상
1560,2018022700100166,2018년 2월 27일 11시,화요일,경기도 성남시 수정구 신흥동,중상사고,0,1,0,0,차대사람 - 횡단중,안전운전불이행,포장 - 건조,맑음,단일로 - 기타,승용,여,30세,상해없음,보행자,남,79세,중상
1561,2018022700100265,2018년 2월 27일 14시,화요일,경기도 남양주시 와부읍,경상사고,0,0,1,0,차대사람 - 차도통행중,안전운전불이행,포장 - 건조,맑음,교차로 - 교차로안,승용,여,54세,상해없음,보행자,여,52세,경상
1562,2018022700100275,2018년 2월 27일 15시,화요일,경기도 수원시 영통구 영통동,부상신고사고,0,0,0,1,차대사람 - 차도통행중,안전운전불이행,포장 - 건조,맑음,교차로 - 교차로부근,승용,남,43세,상해없음,보행자,여,80세,부상신고
1563,2018022700100331,2018년 2월 27일 17시,화요일,경기도 안성시 공도읍,경상사고,0,0,1,0,차대사람 - 기타,보행자보호의무위반,포장 - 건조,맑음,단일로 - 기타,승용,여,32세,상해없음,보행자,여,37세,경상
1564,2018022700100334,2018년 2월 27일 17시,화요일,경기도 안산시 상록구 이동,중상사고,0,1,0,0,차대사람 - 횡단중,안전운전불이행,포장 - 건조,맑음,단일로 - 기타,이륜,남,19세,상해없음,보행자,여,82세,중상
1565,2018022700100364,2018년 2월 27일 18시,화요일,경기도 군포시 대야미동,경상사고,0,0,1,0,차대사람 - 기타,보행자보호의무위반,포장 - 건조,맑음,기타 - 기타,승용,남,54세,상해없음,보행자,남,33세,경상
1566,2018022700100365,2018년 2월 27일 18시,화요일,경기도 시흥시 정왕동,중상사고,0,2,0,0,차대사람 - 횡단중,보행자보호의무위반,포장 - 건조,맑음,교차로 - 교차로횡단보도내,승용,남,45세,상해없음,보행자,남,61세,중상
1567,2018022700100366,2018년 2월 27일 18시,화요일,경기도 하남시 신장동,경상사고,0,0,1,0,차대사람 - 기타,안전운전불이행,포장 - 건조,맑음,교차로 - 교차로안,승용,남,69세,상해없음,보행자,여,70세,경상
1568,2018022700100406,2018년 2월 27일 19시,화요일,경기도 광명시 철산동,경상사고,0,0,1,0,차대사람 - 횡단중,안전운전불이행,포장 - 건조,맑음,단일로 - 기타,승용,남,63세,상해없음,보행자,남,45세,경상
1569,2018022700100408,2018년 2월 27일 19시,화요일,경기도 용인시 수지구 풍덕천동,경상사고,0,0,1,0,차대사람 - 횡단중,안전운전불이행,포장 - 건조,맑음,교차로 - 교차로횡단보도내,승용,남,22세,상해없음,보행자,여,22세,경상
1570,2018022700100451,2018년 2월 27일 20시,화요일,경기도 안양시 동안구 평촌동,경상사고,0,0,1,0,차대사람 - 횡단중,보행자보호의무위반,포장 - 건조,맑음,교차로 - 교차로횡단보도내,화물,남,62세,상해없음,보행자,여,61세,경상
1571,2018022700100453,2018년 2월 27일 20시,화요일,경기도 부천시 괴안동,경상사고,0,0,1,0,차대사람 - 기타,안전운전불이행,포장 - 건조,맑음,단일로 - 기타,승용,남,58세,상해없음,보행자,남,51세,경상
1572,2018022700100454,2018년 2월 27일 20시,화요일,경기도 안산시 상록구 부곡동,사망사고,1,0,0,0,차대사람 - 횡단중,보행자보호의무위반,포장 - 건조,맑음,교차로 - 교차로부근,승용,여,44세,상해없음,보행자,여,56세,사망
1573,2018022700100491,2018년 2월 27일 21시,화요일,경기도 수원시 권선구 고색동,경상사고,0,0,1,0,차대사람 - 횡단중,신호위반,포장 - 건조,맑음,교차로 - 교차로안,기타불명,기타불명,미분류,기타불명,보행자,여,34세,경상
1574,2018022700100509,2018년 2월 27일 21시,화요일,경기도 포천시 신읍동,경상사고,0,0,1,0,차대사람 - 횡단중,보행자보호의무위반,포장 - 건조,맑음,단일로 - 기타,승용,여,57세,상해없음,보행자,남,46세,경상
1575,2018022700100523,2018년 2월 27일 22시,화요일,경기도 화성시 병점동,중상사고,0,1,0,0,차대사람 - 기타,안전운전불이행,포장 - 건조,맑음,단일로 - 기타,승용,남,41세,상해없음,보행자,여,23세,중상
1576,2018022700100544,2018년 2월 27일 23시,화요일,경기도 평택시 안중읍,경상사고,0,0,1,0,차대사람 - 기타,안전운전불이행,포장 - 건조,맑음,단일로 - 기타,승용,여,24세,상해없음,보행자,남,42세,경상
1577,2018022700100547,2018년 2월 27일 23시,화요일,경기도 부천시 상동,중상사고,0,1,0,0,차대사람 - 기타,안전운전불이행,포장 - 건조,맑음,교차로 - 교차로부근,승용,여,55세,상해없음,보행자,남,50세,중상
1578,2018022700100549,2018년 2월 27일 23시,화요일,경기도 성남시 분당구 서현동,사망사고,1,0,0,0,차대사람 - 차도통행중,안전운전불이행,포장 - 건조,기타,교차로 - 교차로부근,승용,남,60세,상해없음,보행자,남,71세,사망
1579,2018022700100562,2018년 2월 27일 23시,화요일,경기도 남양주시 진접읍,경상사고,0,0,1,0,차대사람 - 기타,안전운전불이행,포장 - 건조,맑음,단일로 - 기타,승용,남,61세,상해없음,보행자,남,77세,경상
1580,2018022800100003,2018년 2월 28일 00시,수요일,경기도 이천시 부발읍,경상사고,0,0,1,0,차대사람 - 횡단중,안전운전불이행,포장 - 건조,맑음,단일로 - 기타,승용,남,56세,상해없음,보행자,여,25세,경상
1581,2018022800100052,2018년 2월 28일 06시,수요일,경기도 안성시 공도읍,부상신고사고,0,0,0,1,차대사람 - 기타,안전운전불이행,포장 - 건조,맑음,단일로 - 기타,승용,남,50세,상해없음,보행자,남,55세,부상신고
1582,2018022800100054,2018년 2월 28일 06시,수요일,경기도 수원시 권선구 세류동,중상사고,0,1,0,0,차대사람 - 횡단중,안전운전불이행,포장 - 건조,맑음,단일로 - 기타,승용,남,52세,상해없음,보행자,남,64세,중상
1583,2018022800100073,2018년 2월 28일 07시,수요일,경기도 남양주시 화도읍,경상사고,0,0,1,0,차대사람 - 횡단중,안전운전불이행,포장 - 건조,맑음,단일로 - 기타,승용,남,34세,상해없음,보행자,남,52세,경상
1584,2018022800100185,2018년 2월 28일 12시,수요일,경기도 수원시 장안구 파장동,중상사고,0,1,0,0,차대사람 - 횡단중,보행자보호의무위반,포장 - 젖음/습기,비,교차로 - 교차로안,승용,남,36세,상해없음,보행자,여,57세,중상
1585,2018022800100186,2018년 2월 28일 12시,수요일,경기도 평택시 통복동,중상사고,0,1,0,0,차대사람 - 기타,안전거리미확보,포장 - 건조,흐림,교차로 - 교차로부근,화물,남,68세,상해없음,보행자,여,82세,중상
1586,2018022800100210,2018년 2월 28일 12시,수요일,경기도 포천시 소흘읍,부상신고사고,0,0,0,1,차대사람 - 길가장자리구역통행중,안전운전불이행,포장 - 건조,맑음,단일로 - 기타,승용,여,71세,상해없음,보행자,남,24세,부상신고
1587,2018022800100219,2018년 2월 28일 13시,수요일,경기도 화성시 송산동,중상사고,0,1,0,0,차대사람 - 기타,안전운전불이행,포장 - 건조,맑음,교차로 - 교차로횡단보도내,승용,여,43세,상해없음,보행자,남,16세,중상
1588,2018022800100243,2018년 2월 28일 13시,수요일,경기도 구리시 수택동,중상사고,0,1,0,0,차대사람 - 횡단중,보행자보호의무위반,포장 - 젖음/습기,비,교차로 - 교차로횡단보도내,승용,여,31세,상해없음,보행자,여,53세,중상
1589,2018022800100261,2018년 2월 28일 14시,수요일,경기도 하남시 망월동,중상사고,0,1,0,0,차대사람 - 횡단중,기타,포장 - 젖음/습기,비,단일로 - 기타,승용,남,26세,상해없음,보행자,여,12세,중상
1590,2018022800100294,2018년 2월 28일 15시,수요일,경기도 수원시 팔달구 북수동,경상사고,0,0,1,0,차대사람 - 기타,안전운전불이행,포장 - 젖음/습기,비,단일로 - 기타,승용,남,57세,상해없음,보행자,남,16세,경상
1591,2018022800100337,2018년 2월 28일 16시,수요일,경기도 광주시 오포읍,경상사고,0,0,1,0,차대사람 - 횡단중,신호위반,포장 - 젖음/습기,비,단일로 - 기타,승합,남,64세,상해없음,보행자,남,16세,경상
1592,2018022800100341,2018년 2월 28일 16시,수요일,경기도 용인시 수지구 죽전동,중상사고,0,1,0,0,차대사람 - 기타,안전운전불이행,포장 - 젖음/습기,비,단일로 - 기타,승합,여,55세,상해없음,보행자,남,63세,중상
1593,2018022800100381,2018년 2월 28일 17시,수요일,경기도 화성시 능동,경상사고,0,0,1,0,차대사람 - 기타,안전운전불이행,포장 - 건조,맑음,교차로 - 교차로안,기타불명,기타불명,미분류,기타불명,보행자,남,9세,경상