,사고번호,사고일시,요일,시군구,사고내용,사망자수,중상자수,경상자수,부상신고자수,사고유형,법규위반,노면상태,기상상태,도로형태,가해운전자 차종,가해운전자 성별,가해운전자 연령,가해운전자 상해정도,피해운전자 차종,피해운전자 성별,피해운전자 연령,피해운전자 상해정도
1707,2018030300100345,2018년 3월 3일 17시,토요일,경기도 남양주시 진접읍,경상사고,0,0,1,0,차대사람 - 차도통행중,안전운전불이행,포장 - 건조,맑음,단일로 - 지하차도(도로)내,승용,남,45세,상해없음,보행자,남,61세,경상
1708,2018030300100390,2018년 3월 3일 19시,토요일,경기도 안양시 만안구 박달동,중상사고,0,1,0,0,차대사람 - 차도통행중,안전운전불이행,포장 - 건조,맑음,단일로 - 기타,승용,남,28세,상해없음,보행자,남,61세,중상
1709,2018030300100439,2018년 3월 3일 20시,토요일,경기도 의정부시 신곡동,경상사고,0,0,1,0,차대사람 - 횡단중,안전운전불이행,포장 - 건조,맑음,교차로 - 교차로안,기타불명,기타불명,미분류,기타불명,보행자,여,77세,경상
1710,2018030300100467,2018년 3월 3일 22시,토요일,경기도 수원시 권선구 곡반정동,경상사고,0,0,1,0,차대사람 - 길가장자리구역통행중,안전운전불이행,포장 - 건조,맑음,단일로 - 기타,승용,남,62세,상해없음,보행자,남,25세,경상
1711,2018030300100488,2018년 3월 3일 23시,토요일,경기도 수원시 장안구 영화동,중상사고,0,1,0,0,차대사람 - 횡단중,안전운전불이행,포장 - 건조,맑음,단일로 - 기타,승용,남,53세,상해없음,보행자,여,61세,중상
1712,2018030400100010,2018년 3월 4일 00시,일요일,경기도 안산시 상록구 수암동,중상사고,0,1,0,0,차대사람 - 기타,안전운전불이행,포장 - 건조,맑음,단일로 - 기타,승용,남,30세,상해없음,보행자,여,35세,중상
1713,2018030400100023,2018년 3월 4일 01시,일요일,경기도 안산시 단원구 와동,중상사고,0,1,0,0,차대사람 - 기타,신호위반,포장 - 건조,맑음,단일로 - 기타,승용,여,44세,상해없음,보행자,남,30세,중상
1714,2018030400100024,2018년 3월 4일 01시,일요일,경기도 수원시 영통구 매탄동,중상사고,0,1,0,0,차대사람 - 기타,안전운전불이행,포장 - 건조,맑음,단일로 - 기타,승용,여,54세,상해없음,보행자,남,49세,중상
1715,2018030400100025,2018년 3월 4일 01시,일요일,경기도 성남시 중원구 하대원동,사망사고,1,0,1,0,차대사람 - 기타,안전운전불이행,포장 - 건조,흐림,단일로 - 기타,승용,남,42세,상해없음,보행자,남,39세,사망
1716,2018030400100051,2018년 3월 4일 03시,일요일,경기도 안산시 단원구 고잔동,경상사고,0,0,1,0,차대사람 - 보도통행중,기타,포장 - 건조,맑음,기타 - 기타,승용,남,25세,상해없음,보행자,남,27세,경상
1717,2018030400100077,2018년 3월 4일 05시,일요일,경기도 고양시 일산서구 주엽동,중상사고,0,1,0,0,차대사람 - 횡단중,보행자보호의무위반,포장 - 젖음/습기,비,교차로 - 교차로횡단보도내,자전거,여,65세,상해없음,보행자,여,79세,중상
1718,2018030400100079,2018년 3월 4일 06시,일요일,경기도 성남시 분당구 정자동,중상사고,0,1,0,0,차대사람 - 기타,신호위반,포장 - 젖음/습기,비,교차로 - 교차로횡단보도내,이륜,남,17세,상해없음,보행자,남,63세,중상
1719,2018030400100113,2018년 3월 4일 08시,일요일,경기도 의정부시 호원동,경상사고,0,0,1,0,차대사람 - 기타,기타,포장 - 건조,맑음,단일로 - 기타,승합,남,49세,상해없음,보행자,여,48세,경상
1720,2018030400100179,2018년 3월 4일 13시,일요일,경기도 성남시 중원구 성남동,경상사고,0,0,1,0,차대사람 - 기타,안전운전불이행,포장 - 건조,맑음,교차로 - 교차로부근,승용,남,79세,상해없음,보행자,남,81세,경상
1721,2018030400100198,2018년 3월 4일 14시,일요일,경기도 평택시 신장동,경상사고,0,0,1,0,차대사람 - 기타,안전운전불이행,포장 - 건조,맑음,교차로 - 교차로안,승용,남,73세,상해없음,보행자,여,50세,경상
1722,2018030400100209,2018년 3월 4일 14시,일요일,경기도 고양시 덕양구 성사동,경상사고,0,0,1,0,차대사람 - 횡단중,안전운전불이행,포장 - 건조,맑음,단일로 - 기타,기타불명,기타불명,미분류,기타불명,보행자,남,26세,경상
1723,2018030400100277,2018년 3월 4일 18시,일요일,경기도 군포시 당동,중상사고,0,1,0,0,차대사람 - 횡단중,신호위반,포장 - 건조,맑음,교차로 - 교차로부근,이륜,남,36세,상해없음,보행자,남,5세,중상
1724,2018030400100283,2018년 3월 4일 18시,일요일,경기도 안양시 만안구 안양동,경상사고,0,0,1,0,차대사람 - 횡단중,안전운전불이행,포장 - 건조,맑음,단일로 - 기타,기타불명,기타불명,미분류,기타불명,보행자,남,57세,경상
1725,2018030400100304,2018년 3월 4일 19시,일요일,경기도 성남시 수정구 단대동,부상신고사고,0,0,0,1,차대사람 - 기타,안전운전불이행,포장 - 건조,맑음,단일로 - 기타,승용,남,23세,상해없음,보행자,여,24세,부상신고
1726,2018030400100305,2018년 3월 4일 19시,일요일,경기도 용인시 처인구 유방동,중상사고,0,1,0,0,차대사람 - 횡단중,보행자보호의무위반,포장 - 건조,맑음,교차로 - 교차로안,승용,남,49세,상해없음,보행자,남,57세,중상
1727,2018030400100328,2018년 3월 4일 20시,일요일,경기도 평택시 서정동,중상사고,0,1,0,0,차대사람 - 횡단중,안전운전불이행,포장 - 젖음/습기,비,단일로 - 기타,승용,남,61세,상해없음,보행자,남,64세,중상
1728,2018030400100330,2018년 3월 4일 20시,일요일,경기도 김포시 풍무동,중상사고,0,1,0,0,차대사람 - 기타,안전운전불이행,포장 - 젖음/습기,비,교차로 - 교차로부근,승용,남,35세,상해없음,보행자,여,62세,중상
1729,2018030400100331,2018년 3월 4일 20시,일요일,경기도 부천시 소사본동,경상사고,0,0,1,0,차대사람 - 기타,보행자보호의무위반,포장 - 젖음/습기,비,교차로 - 교차로안,화물,남,67세,상해없음,보행자,여,62세,경상
1730,2018030400100371,2018년 3월 4일 21시,일요일,경기도 용인시 처인구 마평동,중상사고,0,1,0,0,차대사람 - 횡단중,신호위반,포장 - 젖음/습기,비,단일로 - 기타,승용,남,29세,상해없음,보행자,남,30세,중상
1731,2018030400100411,2018년 3월 4일 22시,일요일,경기도 시흥시 거모동,경상사고,0,0,1,0,차대사람 - 차도통행중,안전운전불이행,포장 - 젖음/습기,비,단일로 - 기타,화물,남,58세,상해없음,보행자,남,37세,경상
1732,2018030400100436,2018년 3월 4일 22시,일요일,경기도 고양시 일산동구 백석동,경상사고,0,0,1,0,차대사람 - 횡단중,신호위반,포장 - 젖음/습기,비,교차로 - 교차로안,이륜,남,17세,상해없음,보행자,남,35세,경상
1733,2018030400100448,2018년 3월 4일 23시,일요일,경기도 안양시 동안구 관양동,경상사고,0,0,1,0,차대사람 - 기타,안전운전불이행,포장 - 젖음/습기,비,단일로 - 기타,승용,여,69세,상해없음,보행자,여,21세,경상
1734,2018030500100053,2018년 3월 5일 05시,월요일,경기도 평택시 장당동,부상신고사고,0,0,0,1,차대사람 - 횡단중,보행자보호의무위반,포장 - 젖음/습기,비,교차로 - 교차로안,화물,남,55세,상해없음,보행자,남,57세,부상신고
1735,2018030500100054,2018년 3월 5일 05시,월요일,경기도 평택시 통복동,중상사고,0,1,0,0,차대사람 - 횡단중,안전운전불이행,포장 - 젖음/습기,비,단일로 - 기타,승용,여,54세,상해없음,보행자,남,41세,중상
1736,2018030500100057,2018년 3월 5일 05시,월요일,경기도 수원시 권선구 호매실동,경상사고,0,0,1,0,차대사람 - 횡단중,신호위반,포장 - 젖음/습기,비,교차로 - 교차로안,승합,남,53세,상해없음,보행자,남,36세,경상
1737,2018030500100058,2018년 3월 5일 05시,월요일,경기도 용인시 기흥구 마북동,중상사고,0,2,0,0,차대사람 - 횡단중,보행자보호의무위반,포장 - 젖음/습기,비,교차로 - 교차로횡단보도내,화물,남,59세,상해없음,보행자,여,66세,중상
1738,2018030500100094,2018년 3월 5일 07시,월요일,경기도 수원시 권선구 세류동,경상사고,0,0,1,0,차대사람 - 횡단중,신호위반,포장 - 젖음/습기,비,단일로 - 기타,승용,여,21세,상해없음,보행자,여,26세,경상
1739,2018030500100118,2018년 3월 5일 08시,월요일,경기도 시흥시 거모동,경상사고,0,0,1,0,차대사람 - 길가장자리구역통행중,안전운전불이행,포장 - 건조,맑음,단일로 - 기타,이륜,남,21세,상해없음,보행자,남,10세,경상
1740,2018030500100150,2018년 3월 5일 09시,월요일,경기도 부천시 심곡동,경상사고,0,0,1,0,차대사람 - 횡단중,교차로운행방법위반,포장 - 건조,맑음,단일로 - 기타,승용,남,26세,상해없음,보행자,여,65세,경상
1741,2018030500100151,2018년 3월 5일 09시,월요일,경기도 안산시 상록구 일동,경상사고,0,0,1,0,차대사람 - 횡단중,신호위반,포장 - 젖음/습기,비,교차로 - 교차로안,이륜,남,49세,기타불명,보행자,여,22세,경상
1742,2018030500100153,2018년 3월 5일 09시,월요일,경기도 안양시 만안구 안양동,중상사고,0,1,0,0,차대사람 - 횡단중,보행자보호의무위반,포장 - 젖음/습기,비,단일로 - 기타,승합,남,63세,상해없음,보행자,여,57세,중상
1743,2018030500100174,2018년 3월 5일 10시,월요일,경기도 부천시 원종동,중상사고,0,1,0,0,차대사람 - 횡단중,신호위반,포장 - 건조,맑음,교차로 - 교차로횡단보도내,승합,남,30세,상해없음,보행자,여,81세,중상
1744,2018030500100194,2018년 3월 5일 11시,월요일,경기도 김포시 장기동,중상사고,0,1,0,0,차대사람 - 보도통행중,안전운전불이행,포장 - 건조,맑음,교차로 - 교차로횡단보도내,화물,남,40세,상해없음,보행자,남,49세,중상
1745,2018030500100289,2018년 3월 5일 14시,월요일,경기도 하남시 신장동,중상사고,0,1,0,0,차대사람 - 횡단중,안전운전불이행,포장 - 건조,맑음,교차로 - 교차로안,승용,여,32세,상해없음,보행자,여,76세,중상
1746,2018030500100334,2018년 3월 5일 15시,월요일,경기도 남양주시 평내동,경상사고,0,0,1,0,차대사람 - 횡단중,보행자보호의무위반,포장 - 건조,맑음,단일로 - 기타,승용,남,40세,상해없음,보행자,남,11세,경상
1747,2018030500100360,2018년 3월 5일 16시,월요일,경기도 고양시 덕양구 화정동,중상사고,0,1,0,0,차대사람 - 횡단중,보행자보호의무위반,포장 - 기타,맑음,교차로 - 교차로횡단보도내,승용,여,55세,상해없음,보행자,여,75세,중상
1748,2018030500100370,2018년 3월 5일 17시,월요일,경기도 안산시 상록구 본오동,경상사고,0,0,1,0,차대사람 - 기타,안전운전불이행,포장 - 건조,맑음,기타 - 기타,이륜,남,16세,상해없음,보행자,여,65세,경상
1749,2018030500100372,2018년 3월 5일 17시,월요일,경기도 화성시 남양읍,경상사고,0,0,1,0,차대사람 - 기타,안전운전불이행,포장 - 건조,맑음,교차로 - 교차로안,승용,여,73세,상해없음,보행자,남,36세,경상
1750,2018030500100402,2018년 3월 5일 18시,월요일,경기도 안산시 상록구 부곡동,경상사고,0,0,1,0,차대사람 - 길가장자리구역통행중,안전운전불이행,포장 - 건조,맑음,단일로 - 기타,자전거,남,10세,상해없음,보행자,남,4세,경상
1751,2018030500100420,2018년 3월 5일 18시,월요일,경기도 고양시 일산동구 풍동,중상사고,0,1,0,0,차대사람 - 기타,안전운전불이행,포장 - 건조,맑음,교차로 - 교차로부근,자전거,남,29세,상해없음,보행자,여,37세,중상
1752,2018030500100421,2018년 3월 5일 18시,월요일,경기도 양주시 덕정동,부상신고사고,0,0,0,2,차대사람 - 횡단중,안전운전불이행,포장 - 건조,맑음,단일로 - 기타,승용,여,36세,상해없음,보행자,남,13세,부상신고
1753,2018030500100434,2018년 3월 5일 19시,월요일,경기도 용인시 기흥구 중동,경상사고,0,0,1,0,차대사람 - 횡단중,기타,포장 - 건조,맑음,단일로 - 기타,승용,남,43세,상해없음,보행자,남,21세,경상
1754,2018030500100488,2018년 3월 5일 21시,월요일,경기도 수원시 권선구 고색동,경상사고,0,0,1,0,차대사람 - 기타,안전운전불이행,포장 - 건조,맑음,교차로 - 교차로부근,승용,남,47세,상해없음,보행자,남,66세,경상
1755,2018030500100508,2018년 3월 5일 21시,월요일,경기도 고양시 덕양구 삼송동,경상사고,0,0,1,1,차대사람 - 횡단중,보행자보호의무위반,포장 - 건조,맑음,교차로 - 교차로안,이륜,남,16세,상해없음,보행자,남,63세,경상
1756,2018030500100509,2018년 3월 5일 21시,월요일,경기도 포천시 가산면,경상사고,0,0,1,0,차대사람 - 기타,기타,포장 - 건조,맑음,기타 - 기타,승합,남,52세,상해없음,보행자,남,47세,경상
1757,2018030500100532,2018년 3월 5일 23시,월요일,경기도 수원시 장안구 연무동,경상사고,0,0,1,0,차대사람 - 횡단중,신호위반,포장 - 건조,맑음,교차로 - 교차로안,승용,여,41세,상해없음,보행자,남,43세,경상
1758,2018030600100021,2018년 3월 6일 01시,화요일,경기도 수원시 권선구 세류동,중상사고,0,1,0,0,차대사람 - 횡단중,안전운전불이행,포장 - 건조,맑음,교차로 - 교차로횡단보도내,승용,남,35세,상해없음,보행자,남,27세,중상
1759,2018030600100027,2018년 3월 6일 02시,화요일,경기도 부천시 원미동,경상사고,0,0,1,0,차대사람 - 기타,안전운전불이행,포장 - 건조,맑음,단일로 - 기타,화물,남,46세,상해없음,보행자,남,21세,경상
1760,2018030600100038,2018년 3월 6일 03시,화요일,경기도 광명시 소하동,경상사고,0,0,1,0,차대사람 - 보도통행중,신호위반,포장 - 건조,맑음,교차로 - 교차로횡단보도내,승용,남,39세,상해없음,보행자,남,48세,경상
1761,2018030600100060,2018년 3월 6일 06시,화요일,경기도 광명시 철산동,중상사고,0,1,0,0,차대사람 - 보도통행중,보행자보호의무위반,포장 - 건조,맑음,교차로 - 교차로횡단보도내,화물,남,46세,상해없음,보행자,남,70세,중상
1762,2018030600100072,2018년 3월 6일 06시,화요일,경기도 의정부시 녹양동,사망사고,1,0,0,0,차대사람 - 기타,안전운전불이행,포장 - 건조,맑음,단일로 - 기타,승용,남,29세,상해없음,보행자,여,64세,사망
1763,2018030600100107,2018년 3월 6일 08시,화요일,경기도 평택시 서정동,중상사고,0,1,0,0,차대사람 - 횡단중,신호위반,포장 - 건조,맑음,단일로 - 기타,승용,남,74세,상해없음,보행자,여,49세,중상
1764,2018030600100108,2018년 3월 6일 08시,화요일,경기도 평택시 이충동,중상사고,0,1,0,0,차대사람 - 기타,기타,포장 - 건조,맑음,교차로 - 교차로부근,승합,남,54세,상해없음,보행자,여,14세,중상
1765,2018030600100110,2018년 3월 6일 08시,화요일,경기도 부천시 원미동,경상사고,0,0,1,0,차대사람 - 기타,안전운전불이행,포장 - 건조,맑음,교차로 - 교차로부근,화물,남,63세,상해없음,보행자,여,47세,경상
1766,2018030600100132,2018년 3월 6일 08시,화요일,경기도 고양시 일산동구 장항동,경상사고,0,0,1,0,차대사람 - 횡단중,보행자보호의무위반,포장 - 건조,맑음,교차로 - 교차로안,승용,여,49세,상해없음,보행자,여,21세,경상
1767,2018030600100146,2018년 3월 6일 09시,화요일,경기도 부천시 심곡동,경상사고,0,0,1,0,차대사람 - 기타,안전운전불이행,포장 - 건조,맑음,단일로 - 기타,승용,여,34세,상해없음,보행자,남,82세,경상
1768,2018030600100199,2018년 3월 6일 11시,화요일,경기도 포천시 신읍동,경상사고,0,0,1,0,차대사람 - 기타,안전운전불이행,포장 - 건조,맑음,주차장 - 주차장,승용,남,80세,상해없음,보행자,여,65세,경상
1769,2018030600100232,2018년 3월 6일 13시,화요일,경기도 안산시 단원구 선부동,경상사고,0,0,1,0,차대사람 - 기타,안전운전불이행,포장 - 건조,맑음,교차로 - 교차로안,승용,여,39세,상해없음,보행자,여,70세,경상
1770,2018030600100233,2018년 3월 6일 13시,화요일,경기도 성남시 중원구 도촌동,경상사고,0,0,1,0,차대사람 - 기타,안전운전불이행,포장 - 건조,맑음,단일로 - 기타,승합,남,52세,상해없음,보행자,여,61세,경상
1771,2018030600100270,2018년 3월 6일 14시,화요일,경기도 고양시 일산서구 탄현동,중상사고,0,1,0,0,차대사람 - 횡단중,보행자보호의무위반,포장 - 건조,맑음,교차로 - 교차로횡단보도내,승용,여,36세,상해없음,보행자,남,7세,중상
1772,2018030600100315,2018년 3월 6일 16시,화요일,경기도 부천시 도당동,중상사고,0,1,0,0,차대사람 - 횡단중,안전운전불이행,포장 - 건조,맑음,단일로 - 기타,승용,여,41세,상해없음,보행자,여,71세,중상
1773,2018030600100341,2018년 3월 6일 17시,화요일,경기도 화성시 능동,경상사고,0,0,1,0,차대사람 - 횡단중,보행자보호의무위반,포장 - 건조,맑음,교차로 - 교차로횡단보도내,승합,남,55세,상해없음,보행자,남,30세,경상
1774,2018030600100382,2018년 3월 6일 18시,화요일,경기도 평택시 합정동,경상사고,0,0,1,0,차대사람 - 횡단중,안전운전불이행,포장 - 건조,맑음,단일로 - 기타,승용,여,47세,상해없음,보행자,여,66세,경상
1775,2018030600100384,2018년 3월 6일 18시,화요일,경기도 수원시 권선구 권선동,부상신고사고,0,0,0,1,차대사람 - 차도통행중,안전운전불이행,포장 - 건조,맑음,단일로 - 기타,기타불명,기타불명,미분류,기타불명,보행자,남,24세,부상신고
1776,2018030600100412,2018년 3월 6일 18시,화요일,경기도 파주시 월롱면,중상사고,0,1,0,0,차대사람 - 길가장자리구역통행중,안전운전불이행,포장 - 건조,맑음,교차로 - 교차로부근,승용,여,65세,상해없음,보행자,여,35세,중상
1777,2018030600100422,2018년 3월 6일 19시,화요일,경기도 부천시 원종동,중상사고,0,1,0,0,차대사람 - 기타,안전운전불이행,포장 - 건조,맑음,단일로 - 기타,승합,남,34세,상해없음,보행자,여,24세,중상
1778,2018030600100448,2018년 3월 6일 19시,화요일,경기도 고양시 덕양구 화정동,경상사고,0,0,1,0,차대사람 - 횡단중,안전운전불이행,포장 - 건조,맑음,교차로 - 교차로횡단보도내,승용,남,59세,상해없음,보행자,남,9세,경상
1779,2018030600100454,2018년 3월 6일 20시,화요일,경기도 광주시 곤지암읍,중상사고,0,1,0,0,차대사람 - 횡단중,안전운전불이행,포장 - 건조,맑음,단일로 - 기타,기타불명,기타불명,미분류,기타불명,보행자,남,82세,중상
1780,2018030600100456,2018년 3월 6일 20시,화요일,경기도 과천시 별양동,경상사고,0,0,1,0,차대사람 - 횡단중,안전운전불이행,포장 - 건조,맑음,단일로 - 기타,승용,남,55세,상해없음,보행자,남,12세,경상
1781,2018030600100470,2018년 3월 6일 21시,화요일,경기도 광명시 철산동,부상신고사고,0,0,0,1,차대사람 - 횡단중,안전운전불이행,포장 - 건조,맑음,교차로 - 교차로횡단보도내,승용,남,61세,상해없음,보행자,남,32세,부상신고
1782,2018030600100489,2018년 3월 6일 21시,화요일,경기도 가평군 청평면,경상사고,0,0,1,0,차대사람 - 횡단중,보행자보호의무위반,포장 - 건조,맑음,교차로 - 교차로부근,승용,여,19세,상해없음,보행자,여,86세,경상
1783,2018030600100495,2018년 3월 6일 22시,화요일,경기도 수원시 팔달구 구천동,중상사고,0,1,0,0,차대사람 - 횡단중,안전운전불이행,포장 - 건조,맑음,교차로 - 교차로부근,승용,남,33세,상해없음,보행자,남,54세,중상
1784,2018030600100496,2018년 3월 6일 22시,화요일,경기도 화성시 반송동,중상사고,0,1,0,0,차대사람 - 보도통행중,신호위반,포장 - 건조,맑음,교차로 - 교차로안,승용,여,47세,상해없음,보행자,남,18세,중상
1785,2018030600100514,2018년 3월 6일 23시,화요일,경기도 시흥시 정왕동,경상사고,0,0,1,0,차대사람 - 기타,안전운전불이행,포장 - 건조,맑음,단일로 - 기타,승용,남,62세,상해없음,보행자,남,33세,경상
1786,2018030600100521,2018년 3월 6일 23시,화요일,경기도 구리시 교문동,경상사고,0,0,2,0,차대사람 - 보도통행중,기타,포장 - 건조,맑음,단일로 - 기타,자전거,여,46세,경상,보행자,여,64세,경상
1787,2018030700100009,2018년 3월 7일 00시,수요일,경기도 안양시 만안구 안양동,중상사고,0,1,0,0,차대사람 - 횡단중,안전운전불이행,포장 - 건조,맑음,교차로 - 교차로횡단보도내,승용,남,55세,상해없음,보행자,여,18세,중상
1788,2018030700100057,2018년 3월 7일 06시,수요일,경기도 성남시 분당구 야탑동,중상사고,0,1,1,0,차대사람 - 기타,신호위반,포장 - 건조,맑음,단일로 - 기타,승합,남,49세,상해없음,보행자,여,71세,중상
1789,2018030700100075,2018년 3월 7일 07시,수요일,경기도 군포시 산본동,경상사고,0,0,1,0,차대사람 - 횡단중,안전운전불이행,포장 - 건조,맑음,교차로 - 교차로안,승용,남,29세,상해없음,보행자,여,73세,경상
1790,2018030700100076,2018년 3월 7일 07시,수요일,경기도 성남시 중원구 상대원동,경상사고,0,0,1,0,차대사람 - 횡단중,신호위반,포장 - 건조,맑음,교차로 - 교차로안,화물,남,52세,상해없음,보행자,여,15세,경상
1791,2018030700100094,2018년 3월 7일 08시,수요일,경기도 오산시 내삼미동,경상사고,0,0,1,0,차대사람 - 기타,기타,포장 - 건조,맑음,단일로 - 기타,승용,남,56세,상해없음,보행자,남,53세,경상
1792,2018030700100149,2018년 3월 7일 10시,수요일,경기도 광명시 광명동,경상사고,0,0,1,0,차대사람 - 차도통행중,안전운전불이행,포장 - 건조,맑음,단일로 - 기타,화물,남,60세,상해없음,보행자,남,51세,경상
1793,2018030700100176,2018년 3월 7일 11시,수요일,경기도 용인시 기흥구 영덕동,경상사고,0,0,1,0,차대사람 - 횡단중,보행자보호의무위반,포장 - 건조,맑음,교차로 - 교차로횡단보도내,승합,남,55세,상해없음,보행자,여,57세,경상
1794,2018030700100177,2018년 3월 7일 11시,수요일,경기도 수원시 팔달구 인계동,경상사고,0,0,1,0,차대사람 - 길가장자리구역통행중,안전운전불이행,포장 - 건조,맑음,교차로 - 교차로부근,승용,여,28세,상해없음,보행자,남,37세,경상
1795,2018030700100198,2018년 3월 7일 12시,수요일,경기도 광명시 광명동,경상사고,0,0,1,0,차대사람 - 보도통행중,기타,포장 - 건조,맑음,단일로 - 기타,화물,남,53세,상해없음,보행자,남,32세,경상
1796,2018030700100261,2018년 3월 7일 15시,수요일,경기도 화성시 진안동,경상사고,0,0,1,0,차대사람 - 차도통행중,안전운전불이행,포장 - 건조,맑음,교차로 - 교차로부근,승용,남,58세,상해없음,보행자,남,71세,경상
1797,2018030700100315,2018년 3월 7일 17시,수요일,경기도 부천시 괴안동,중상사고,0,1,1,0,차대사람 - 횡단중,보행자보호의무위반,포장 - 기타,맑음,교차로 - 교차로부근,승용,남,48세,상해없음,보행자,여,57세,중상
1798,2018030700100316,2018년 3월 7일 17시,수요일,경기도 화성시 동탄면,중상사고,0,1,0,0,차대사람 - 횡단중,신호위반,포장 - 건조,맑음,교차로 - 교차로횡단보도내,승합,남,53세,상해없음,보행자,남,7세,중상
1799,2018030700100317,2018년 3월 7일 17시,수요일,경기도 부천시 고강동,부상신고사고,0,0,0,1,차대사람 - 기타,안전운전불이행,포장 - 건조,맑음,교차로 - 교차로부근,승용,여,52세,상해없음,보행자,여,38세,부상신고
1800,2018030700100341,2018년 3월 7일 18시,수요일,경기도 부천시 심곡본동,경상사고,0,0,1,0,차대사람 - 기타,안전운전불이행,포장 - 기타,맑음,단일로 - 기타,승용,남,28세,상해없음,보행자,남,57세,경상
1801,2018030700100383,2018년 3월 7일 19시,수요일,경기도 안산시 단원구 원곡동,경상사고,0,0,1,0,차대사람 - 기타,안전운전불이행,포장 - 건조,맑음,교차로 - 교차로부근,승용,남,39세,상해없음,보행자,남,45세,경상
1802,2018030700100386,2018년 3월 7일 19시,수요일,경기도 화성시 팔탄면,사망사고,1,0,0,0,차대사람 - 횡단중,안전운전불이행,포장 - 건조,흐림,단일로 - 기타,승용,남,27세,상해없음,보행자,남,52세,사망
1803,2018030700100455,2018년 3월 7일 21시,수요일,경기도 오산시 궐동,경상사고,0,0,1,0,차대사람 - 차도통행중,안전운전불이행,포장 - 젖음/습기,비,교차로 - 교차로부근,승용,여,37세,상해없음,보행자,남,24세,경상
1804,2018030700100457,2018년 3월 7일 21시,수요일,경기도 광명시 광명동,중상사고,0,1,0,0,차대사람 - 차도통행중,안전운전불이행,포장 - 젖음/습기,비,단일로 - 기타,승용,남,57세,상해없음,보행자,남,78세,중상
1805,2018030700100503,2018년 3월 7일 22시,수요일,경기도 안양시 동안구 호계동,중상사고,0,1,0,0,차대사람 - 횡단중,안전운전불이행,포장 - 젖음/습기,비,단일로 - 기타,승용,여,56세,상해없음,보행자,남,48세,중상
1806,2018030700100504,2018년 3월 7일 22시,수요일,경기도 광주시 회덕동,중상사고,0,2,0,0,차대사람 - 기타,중앙선침범,포장 - 젖음/습기,비,단일로 - 기타,승용,남,55세,상해없음,보행자,남,58세,중상
1807,2018030700100506,2018년 3월 7일 22시,수요일,경기도 화성시 반월동,사망사고,1,0,0,0,차대사람 - 횡단중,안전운전불이행,포장 - 건조,맑음,단일로 - 기타,승합,남,53세,상해없음,보행자,남,44세,사망
1808,2018030700100510,2018년 3월 7일 22시,수요일,경기도 수원시 권선구 당수동,중상사고,0,1,0,0,차대사람 - 기타,안전운전불이행,포장 - 건조,맑음,단일로 - 기타,승용,남,60세,상해없음,보행자,여,23세,중상
1809,2018030700100542,2018년 3월 7일 23시,수요일,경기도 광주시 곤지암읍,경상사고,0,0,1,0,차대사람 - 기타,안전운전불이행,포장 - 젖음/습기,비,단일로 - 기타,승용,남,54세,상해없음,보행자,여,41세,경상
1810,2018030700100543,2018년 3월 7일 23시,수요일,경기도 김포시 통진읍,부상신고사고,0,0,0,1,차대사람 - 횡단중,안전운전불이행,포장 - 젖음/습기,비,교차로 - 교차로안,승용,남,44세,상해없음,보행자,남,63세,부상신고
1811,2018030700100544,2018년 3월 7일 23시,수요일,경기도 광명시 광명동,중상사고,0,1,0,0,차대사람 - 차도통행중,안전운전불이행,포장 - 젖음/습기,맑음,교차로 - 교차로안,승용,여,34세,상해없음,보행자,여,39세,중상
1812,2018030700100545,2018년 3월 7일 23시,수요일,경기도 수원시 권선구 구운동,중상사고,0,1,0,0,차대사람 - 횡단중,안전운전불이행,포장 - 젖음/습기,흐림,단일로 - 기타,승용,남,41세,상해없음,보행자,남,60세,중상
1813,2018030700100569,2018년 3월 7일 23시,수요일,경기도 동두천시 지행동,경상사고,0,0,1,0,차대사람 - 횡단중,신호위반,포장 - 젖음/습기,비,교차로 - 교차로횡단보도내,화물,남,36세,상해없음,보행자,여,50세,경상
1814,2018030800100014,2018년 3월 8일 00시,목요일,경기도 부천시 오정동,경상사고,0,0,1,0,차대사람 - 횡단중,안전운전불이행,포장 - 젖음/습기,비,교차로 - 교차로부근,승용,여,46세,상해없음,보행자,여,37세,경상
1815,2018030800100030,2018년 3월 8일 01시,목요일,경기도 부천시 괴안동,중상사고,0,1,0,0,차대사람 - 보도통행중,안전운전불이행,포장 - 기타,비,교차로 - 교차로안,승용,남,61세,상해없음,보행자,남,42세,중상
1816,2018030800100086,2018년 3월 8일 05시,목요일,경기도 양주시 광사동,경상사고,0,0,1,0,차대사람 - 차도통행중,안전운전불이행,포장 - 젖음/습기,비,단일로 - 기타,승용,남,48세,상해없음,보행자,남,43세,경상
1817,2018030800100093,2018년 3월 8일 06시,목요일,경기도 부천시 중동,경상사고,0,0,1,0,차대사람 - 횡단중,보행자보호의무위반,포장 - 건조,맑음,교차로 - 교차로안,화물,남,52세,상해없음,보행자,여,50세,경상
1818,2018030800100094,2018년 3월 8일 06시,목요일,경기도 수원시 권선구 고색동,중상사고,0,1,0,0,차대사람 - 차도통행중,안전운전불이행,비포장 - 젖음/습기,비,단일로 - 기타,승용,남,28세,상해없음,보행자,여,82세,중상
1819,2018030800100114,2018년 3월 8일 07시,목요일,경기도 수원시 영통구 영통동,경상사고,0,0,1,0,차대사람 - 횡단중,신호위반,포장 - 젖음/습기,비,교차로 - 교차로부근,승용,여,51세,상해없음,보행자,여,41세,경상
1820,2018030800100117,2018년 3월 8일 07시,목요일,경기도 성남시 분당구 구미동,경상사고,0,0,1,0,차대사람 - 횡단중,안전운전불이행,포장 - 젖음/습기,눈,단일로 - 기타,승용,남,58세,상해없음,보행자,남,80세,경상