,사고번호,사고일시,요일,시군구,사고내용,사망자수,중상자수,경상자수,부상신고자수,사고유형,법규위반,노면상태,기상상태,도로형태,가해운전자 차종,가해운전자 성별,가해운전자 연령,가해운전자 상해정도,피해운전자 차종,피해운전자 성별,피해운전자 연령,피해운전자 상해정도
1821,2018030800100135,2018년 3월 8일 07시,목요일,경기도 구리시 갈매동,경상사고,0,0,1,0,차대사람 - 횡단중,중앙선침범,포장 - 젖음/습기,비,기타 - 기타,승용,남,54세,상해없음,보행자,여,29세,경상
1822,2018030800100229,2018년 3월 8일 11시,목요일,경기도 성남시 분당구 정자동,부상신고사고,0,0,0,1,차대사람 - 기타,기타,포장 - 건조,맑음,단일로 - 기타,승합,남,46세,상해없음,보행자,여,74세,부상신고
1823,2018030800100248,2018년 3월 8일 12시,목요일,경기도 안양시 동안구 호계동,중상사고,0,1,0,0,차대사람 - 차도통행중,교차로운행방법위반,포장 - 건조,맑음,교차로 - 교차로부근,화물,남,62세,상해없음,보행자,남,90세 이상,중상
1824,2018030800100250,2018년 3월 8일 12시,목요일,경기도 시흥시 정왕동,경상사고,0,0,1,0,차대사람 - 기타,안전운전불이행,포장 - 건조,맑음,단일로 - 기타,승용,남,47세,상해없음,보행자,남,45세,경상
1825,2018030800100267,2018년 3월 8일 12시,목요일,경기도 가평군 가평읍,경상사고,0,0,1,0,차대사람 - 기타,안전운전불이행,포장 - 기타,맑음,단일로 - 기타,승용,여,63세,상해없음,보행자,남,53세,경상
1826,2018030800100293,2018년 3월 8일 13시,목요일,경기도 파주시 야당동,중상사고,0,1,0,0,차대사람 - 횡단중,안전운전불이행,포장 - 건조,맑음,단일로 - 기타,승용,여,39세,상해없음,보행자,남,9세,중상
1827,2018030800100305,2018년 3월 8일 14시,목요일,경기도 부천시 심곡본동,중상사고,0,1,0,0,차대사람 - 기타,안전운전불이행,포장 - 건조,맑음,단일로 - 기타,화물,남,56세,상해없음,보행자,여,72세,중상
1828,2018030800100325,2018년 3월 8일 15시,목요일,경기도 성남시 분당구 서현동,경상사고,0,0,1,0,차대사람 - 횡단중,보행자보호의무위반,포장 - 젖음/습기,비,교차로 - 교차로횡단보도내,승용,남,39세,상해없음,보행자,남,57세,경상
1829,2018030800100326,2018년 3월 8일 15시,목요일,경기도 시흥시 정왕동,중상사고,0,1,0,0,차대사람 - 횡단중,보행자보호의무위반,포장 - 건조,맑음,교차로 - 교차로횡단보도내,승용,남,64세,상해없음,보행자,남,9세,중상
1830,2018030800100369,2018년 3월 8일 17시,목요일,경기도 안산시 단원구 선부동,경상사고,0,0,1,0,차대사람 - 횡단중,보행자보호의무위반,포장 - 건조,맑음,교차로 - 교차로횡단보도내,기타불명,기타불명,미분류,기타불명,보행자,여,17세,경상
1831,2018030800100385,2018년 3월 8일 17시,목요일,경기도 고양시 덕양구 성사동,경상사고,0,0,1,0,차대사람 - 보도통행중,안전운전불이행,포장 - 건조,맑음,단일로 - 기타,승용,여,57세,상해없음,보행자,남,25세,경상
1832,2018030800100391,2018년 3월 8일 18시,목요일,경기도 화성시 팔탄면,경상사고,0,0,1,0,차대사람 - 기타,안전운전불이행,포장 - 건조,맑음,기타 - 기타,승용,남,56세,상해없음,보행자,남,44세,경상
1833,2018030800100410,2018년 3월 8일 18시,목요일,경기도 고양시 덕양구 성사동,경상사고,0,0,1,0,차대사람 - 보도통행중,안전운전불이행,포장 - 건조,맑음,교차로 - 교차로안,승합,남,48세,상해없음,보행자,남,62세,경상
1834,2018030800100417,2018년 3월 8일 19시,목요일,경기도 용인시 처인구 유방동,경상사고,0,0,1,0,차대사람 - 기타,안전운전불이행,포장 - 건조,맑음,기타 - 기타,화물,남,56세,상해없음,보행자,남,69세,경상
1835,2018030800100441,2018년 3월 8일 19시,목요일,경기도 의정부시 호원동,경상사고,0,0,2,0,차대사람 - 횡단중,안전운전불이행,포장 - 건조,맑음,교차로 - 교차로부근,화물,남,54세,상해없음,보행자,여,15세,경상
1836,2018030800100453,2018년 3월 8일 20시,목요일,경기도 오산시 오산동,경상사고,0,0,1,0,차대사람 - 기타,안전운전불이행,포장 - 건조,맑음,단일로 - 기타,승용,남,34세,상해없음,보행자,남,33세,경상
1837,2018030800100477,2018년 3월 8일 21시,목요일,경기도 수원시 장안구 연무동,경상사고,0,0,1,0,차대사람 - 기타,안전운전불이행,포장 - 건조,맑음,교차로 - 교차로부근,화물,남,31세,기타불명,보행자,남,34세,경상
1838,2018030800100480,2018년 3월 8일 21시,목요일,경기도 광주시 초월읍,중상사고,0,1,0,0,차대사람 - 기타,신호위반,포장 - 건조,맑음,교차로 - 교차로부근,기타불명,기타불명,미분류,기타불명,보행자,여,61세,중상
1839,2018030800100500,2018년 3월 8일 22시,목요일,경기도 수원시 장안구 영화동,중상사고,0,1,0,0,차대사람 - 기타,안전운전불이행,포장 - 건조,맑음,단일로 - 기타,승용,남,29세,상해없음,보행자,남,41세,중상
1840,2018030800100501,2018년 3월 8일 22시,목요일,경기도 이천시 신둔면,중상사고,0,1,0,0,차대사람 - 길가장자리구역통행중,안전운전불이행,포장 - 건조,맑음,단일로 - 기타,기타불명,기타불명,미분류,기타불명,보행자,남,21세,중상
1841,2018030800100502,2018년 3월 8일 22시,목요일,경기도 용인시 기흥구 상갈동,중상사고,0,1,0,0,차대사람 - 보도통행중,안전운전불이행,포장 - 건조,맑음,단일로 - 기타,승용,여,49세,상해없음,보행자,남,66세,중상
1842,2018030800100528,2018년 3월 8일 23시,목요일,경기도 수원시 팔달구 우만동,경상사고,0,0,1,0,차대사람 - 횡단중,안전운전불이행,포장 - 건조,맑음,교차로 - 교차로횡단보도내,승용,남,58세,상해없음,보행자,여,18세,경상
1843,2018030900100008,2018년 3월 9일 00시,금요일,경기도 시흥시 정왕동,부상신고사고,0,0,0,2,차대사람 - 횡단중,신호위반,포장 - 건조,맑음,교차로 - 교차로횡단보도내,이륜,남,66세,상해없음,보행자,남,40세,부상신고
1844,2018030900100046,2018년 3월 9일 05시,금요일,경기도 성남시 중원구 중앙동,부상신고사고,0,0,0,1,차대사람 - 길가장자리구역통행중,안전운전불이행,포장 - 건조,맑음,단일로 - 기타,승용,남,49세,상해없음,보행자,남,30세,부상신고
1845,2018030900100115,2018년 3월 9일 08시,금요일,경기도 광명시 소하동,경상사고,0,0,2,1,차대사람 - 횡단중,신호위반,포장 - 건조,맑음,단일로 - 기타,승용,남,72세,상해없음,보행자,남,15세,경상
1846,2018030900100149,2018년 3월 9일 10시,금요일,경기도 안양시 만안구 안양동,사망사고,1,0,0,0,차대사람 - 차도통행중,안전운전불이행,포장 - 건조,맑음,교차로 - 교차로부근,화물,남,44세,상해없음,보행자,여,75세,사망
1847,2018030900100214,2018년 3월 9일 13시,금요일,경기도 양주시 광적면,경상사고,0,0,1,0,차대사람 - 보도통행중,안전운전불이행,포장 - 건조,맑음,단일로 - 기타,승용,여,58세,상해없음,보행자,여,89세,경상
1848,2018030900100225,2018년 3월 9일 14시,금요일,경기도 용인시 기흥구 보정동,부상신고사고,0,0,0,1,차대사람 - 횡단중,보행자보호의무위반,포장 - 건조,맑음,단일로 - 기타,승용,남,67세,상해없음,보행자,남,8세,부상신고
1849,2018030900100272,2018년 3월 9일 15시,금요일,경기도 고양시 덕양구 토당동,경상사고,0,0,1,0,차대사람 - 길가장자리구역통행중,안전운전불이행,포장 - 건조,맑음,단일로 - 기타,승용,여,35세,상해없음,보행자,남,49세,경상
1850,2018030900100280,2018년 3월 9일 16시,금요일,경기도 오산시 원동,부상신고사고,0,0,0,1,차대사람 - 횡단중,안전운전불이행,포장 - 건조,맑음,교차로 - 교차로부근,승용,남,31세,상해없음,보행자,남,26세,부상신고
1851,2018030900100306,2018년 3월 9일 17시,금요일,경기도 평택시 통복동,중상사고,0,1,0,0,차대사람 - 기타,안전운전불이행,포장 - 건조,맑음,단일로 - 기타,승합,남,61세,상해없음,보행자,남,68세,중상
1852,2018030900100307,2018년 3월 9일 17시,금요일,경기도 부천시 심곡동,경상사고,0,0,1,0,차대사람 - 기타,기타,포장 - 건조,맑음,단일로 - 기타,승용,여,48세,상해없음,보행자,여,49세,경상
1853,2018030900100338,2018년 3월 9일 18시,금요일,경기도 수원시 영통구 영통동,경상사고,0,0,1,0,차대사람 - 기타,안전운전불이행,포장 - 건조,맑음,기타 - 기타,승용,여,49세,상해없음,보행자,남,54세,경상
1854,2018030900100360,2018년 3월 9일 18시,금요일,경기도 남양주시 와부읍,중상사고,0,1,3,1,차대사람 - 차도통행중,안전운전불이행,비포장 - 건조,맑음,단일로 - 지하차도(도로)내,승합,남,32세,상해없음,보행자,남,9세,경상
1855,2018030900100361,2018년 3월 9일 18시,금요일,경기도 양주시 덕계동,경상사고,0,0,1,0,차대사람 - 기타,안전운전불이행,포장 - 건조,맑음,교차로 - 교차로부근,화물,남,49세,상해없음,보행자,남,11세,경상
1856,2018030900100372,2018년 3월 9일 19시,금요일,경기도 수원시 팔달구 중동,중상사고,0,1,0,0,차대사람 - 기타,중앙선침범,포장 - 건조,흐림,단일로 - 기타,승용,남,42세,상해없음,보행자,남,52세,중상
1857,2018030900100373,2018년 3월 9일 19시,금요일,경기도 수원시 팔달구 화서동,경상사고,0,0,1,0,차대사람 - 횡단중,안전운전불이행,포장 - 건조,맑음,교차로 - 교차로안,승용,남,37세,상해없음,보행자,여,21세,경상
1858,2018030900100430,2018년 3월 9일 20시,금요일,경기도 고양시 덕양구 성사동,부상신고사고,0,0,0,1,차대사람 - 기타,기타,포장 - 건조,맑음,단일로 - 기타,승합,남,66세,상해없음,보행자,여,79세,부상신고
1859,2018030900100431,2018년 3월 9일 20시,금요일,경기도 남양주시 화도읍,경상사고,0,0,1,0,차대사람 - 횡단중,보행자보호의무위반,포장 - 건조,맑음,교차로 - 교차로횡단보도내,승용,여,47세,상해없음,보행자,여,19세,경상
1860,2018030900100440,2018년 3월 9일 21시,금요일,경기도 이천시 부발읍,중상사고,0,1,0,0,차대사람 - 횡단중,신호위반,포장 - 건조,맑음,교차로 - 교차로안,이륜,남,21세,기타불명,보행자,남,62세,중상
1861,2018030900100441,2018년 3월 9일 21시,금요일,경기도 부천시 상동,중상사고,0,1,0,0,차대사람 - 횡단중,안전운전불이행,포장 - 건조,맑음,교차로 - 교차로부근,승용,남,41세,상해없음,보행자,여,51세,중상
1862,2018030900100443,2018년 3월 9일 21시,금요일,경기도 시흥시 정왕동,중상사고,0,1,0,0,차대사람 - 횡단중,신호위반,포장 - 건조,맑음,단일로 - 기타,이륜,남,34세,상해없음,보행자,남,46세,중상
1863,2018030900100486,2018년 3월 9일 22시,금요일,경기도 수원시 영통구 원천동,중상사고,0,1,0,0,차대사람 - 횡단중,보행자보호의무위반,포장 - 건조,맑음,교차로 - 교차로횡단보도내,기타불명,기타불명,미분류,기타불명,보행자,남,24세,중상
1864,2018030900100514,2018년 3월 9일 23시,금요일,경기도 안양시 동안구 관양동,중상사고,0,1,0,0,차대사람 - 횡단중,신호위반,포장 - 건조,맑음,교차로 - 교차로안,화물,남,59세,상해없음,보행자,남,53세,중상
1865,2018030900100517,2018년 3월 9일 23시,금요일,경기도 광주시 곤지암읍,중상사고,0,1,0,0,차대사람 - 횡단중,안전운전불이행,포장 - 건조,맑음,단일로 - 기타,원동기,남,41세,상해없음,보행자,여,22세,중상
1866,2018030900100518,2018년 3월 9일 23시,금요일,경기도 성남시 분당구 서현동,경상사고,0,0,1,0,차대사람 - 기타,안전운전불이행,포장 - 건조,맑음,단일로 - 기타,이륜,남,17세,상해없음,보행자,남,57세,경상
1867,2018031000100006,2018년 3월 10일 00시,토요일,경기도 부천시 심곡본동,경상사고,0,0,1,0,차대사람 - 기타,안전운전불이행,포장 - 건조,맑음,단일로 - 기타,승용,남,30세,상해없음,보행자,남,34세,경상
1868,2018031000100042,2018년 3월 10일 01시,토요일,경기도 양주시 광사동,경상사고,0,0,1,0,차대사람 - 보도통행중,기타,포장 - 건조,맑음,기타 - 기타,승용,남,49세,상해없음,보행자,남,26세,경상
1869,2018031000100053,2018년 3월 10일 02시,토요일,경기도 오산시 궐동,경상사고,0,0,1,0,차대사람 - 횡단중,보행자보호의무위반,포장 - 건조,맑음,교차로 - 교차로횡단보도내,승용,남,38세,상해없음,보행자,남,38세,경상
1870,2018031000100054,2018년 3월 10일 02시,토요일,경기도 성남시 분당구 삼평동,중상사고,0,1,0,0,차대사람 - 횡단중,보행자보호의무위반,포장 - 건조,맑음,교차로 - 교차로안,승용,남,70세,상해없음,보행자,여,51세,중상
1871,2018031000100068,2018년 3월 10일 03시,토요일,경기도 김포시 통진읍,중상사고,0,1,0,0,차대사람 - 기타,보행자보호의무위반,포장 - 건조,맑음,교차로 - 교차로안,승용,여,42세,상해없음,보행자,남,50세,중상
1872,2018031000100069,2018년 3월 10일 03시,토요일,경기도 부천시 중동,경상사고,0,0,1,0,차대사람 - 기타,안전운전불이행,포장 - 건조,맑음,교차로 - 교차로안,승합,남,34세,상해없음,보행자,남,36세,경상
1873,2018031000100144,2018년 3월 10일 09시,토요일,경기도 수원시 권선구 탑동,경상사고,0,0,1,0,차대사람 - 기타,안전운전불이행,포장 - 건조,맑음,단일로 - 기타,승용,남,74세,상해없음,보행자,여,58세,경상
1874,2018031000100190,2018년 3월 10일 11시,토요일,경기도 안양시 동안구 비산동,경상사고,0,0,1,0,차대사람 - 기타,신호위반,포장 - 건조,맑음,교차로 - 교차로횡단보도내,이륜,남,62세,상해없음,보행자,남,11세,경상
1875,2018031000100203,2018년 3월 10일 11시,토요일,경기도 포천시 일동면,중상사고,0,1,0,0,차대사람 - 기타,안전운전불이행,포장 - 건조,맑음,단일로 - 기타,승용,남,62세,상해없음,보행자,남,52세,중상
1876,2018031000100218,2018년 3월 10일 12시,토요일,경기도 안산시 단원구 고잔동,경상사고,0,0,1,0,차대사람 - 횡단중,보행자보호의무위반,포장 - 건조,맑음,교차로 - 교차로안,승용,여,50세,상해없음,보행자,여,27세,경상
1877,2018031000100219,2018년 3월 10일 12시,토요일,경기도 수원시 영통구 매탄동,중상사고,0,1,0,0,차대사람 - 길가장자리구역통행중,안전운전불이행,포장 - 건조,맑음,단일로 - 기타,승용,남,37세,상해없음,보행자,여,79세,중상
1878,2018031000100269,2018년 3월 10일 13시,토요일,경기도 남양주시 화도읍,경상사고,0,0,1,0,차대사람 - 기타,안전운전불이행,포장 - 건조,맑음,단일로 - 기타,기타불명,기타불명,미분류,기타불명,보행자,여,66세,경상
1879,2018031000100281,2018년 3월 10일 14시,토요일,경기도 김포시 사우동,경상사고,0,0,1,0,차대사람 - 횡단중,보행자보호의무위반,포장 - 건조,맑음,교차로 - 교차로안,승용,여,47세,상해없음,보행자,남,50세,경상
1880,2018031000100312,2018년 3월 10일 15시,토요일,경기도 평택시 통복동,중상사고,0,1,0,0,차대사람 - 차도통행중,안전운전불이행,포장 - 건조,맑음,단일로 - 기타,승용,남,51세,상해없음,보행자,남,81세,중상
1881,2018031000100346,2018년 3월 10일 16시,토요일,경기도 부천시 중동,중상사고,0,1,0,0,차대사람 - 차도통행중,안전운전불이행,포장 - 건조,맑음,교차로 - 교차로안,승용,여,54세,상해없음,보행자,여,73세,중상
1882,2018031000100364,2018년 3월 10일 16시,토요일,경기도 의정부시 호원동,중상사고,0,1,0,0,차대사람 - 길가장자리구역통행중,안전운전불이행,포장 - 건조,맑음,단일로 - 기타,승용,여,28세,상해없음,보행자,남,22세,중상
1883,2018031000100375,2018년 3월 10일 17시,토요일,경기도 평택시 서정동,경상사고,0,0,1,0,차대사람 - 차도통행중,신호위반,포장 - 건조,맑음,교차로 - 교차로안,승용,남,45세,상해없음,보행자,여,84세,경상
1884,2018031100100002,2018년 3월 11일 00시,일요일,경기도 수원시 장안구 영화동,경상사고,0,0,1,0,차대사람 - 기타,안전운전불이행,포장 - 건조,맑음,단일로 - 기타,승용,남,53세,상해없음,보행자,남,57세,경상
1885,2018031100100004,2018년 3월 11일 00시,일요일,경기도 성남시 중원구 성남동,경상사고,0,0,1,0,차대사람 - 기타,안전운전불이행,포장 - 건조,맑음,단일로 - 기타,기타불명,기타불명,미분류,기타불명,보행자,남,35세,경상
1886,2018031100100010,2018년 3월 11일 00시,일요일,경기도 고양시 일산서구 대화동,경상사고,0,0,1,0,차대사람 - 횡단중,안전운전불이행,포장 - 건조,맑음,단일로 - 기타,승용,남,60세,상해없음,보행자,남,54세,경상
1887,2018031100100067,2018년 3월 11일 05시,일요일,경기도 양주시 산북동,경상사고,0,0,1,0,차대사람 - 기타,안전운전불이행,포장 - 건조,맑음,단일로 - 기타,승합,남,50세,상해없음,보행자,남,45세,경상
1888,2018031100100071,2018년 3월 11일 06시,일요일,경기도 성남시 수정구 복정동,경상사고,0,0,1,0,차대사람 - 차도통행중,안전운전불이행,포장 - 건조,맑음,단일로 - 기타,승용,여,53세,상해없음,보행자,여,21세,경상
1889,2018031100100072,2018년 3월 11일 06시,일요일,경기도 수원시 팔달구 인계동,경상사고,0,0,1,0,차대사람 - 기타,안전운전불이행,포장 - 건조,맑음,단일로 - 기타,승용,남,33세,상해없음,보행자,여,20세,경상
1890,2018031100100159,2018년 3월 11일 12시,일요일,경기도 화성시 봉담읍,중상사고,0,1,0,0,차대사람 - 횡단중,안전운전불이행,포장 - 건조,맑음,단일로 - 기타,승용,남,52세,상해없음,보행자,남,55세,중상
1891,2018031100100176,2018년 3월 11일 12시,일요일,경기도 의정부시 호원동,중상사고,0,1,0,0,차대사람 - 보도통행중,안전운전불이행,포장 - 건조,맑음,기타 - 기타,승용,남,74세,상해없음,보행자,남,78세,중상
1892,2018031100100178,2018년 3월 11일 12시,일요일,경기도 동두천시 지행동,경상사고,0,0,1,0,차대사람 - 횡단중,보행자보호의무위반,포장 - 건조,맑음,단일로 - 기타,승용,여,44세,상해없음,보행자,남,56세,경상
1893,2018031100100182,2018년 3월 11일 13시,일요일,경기도 수원시 장안구 영화동,중상사고,0,1,0,0,차대사람 - 기타,안전운전불이행,포장 - 건조,맑음,교차로 - 교차로안,승합,남,35세,상해없음,보행자,여,76세,중상
1894,2018031100100218,2018년 3월 11일 15시,일요일,경기도 수원시 팔달구 팔달로3가,중상사고,0,1,4,1,차대사람 - 기타,안전운전불이행,포장 - 건조,맑음,단일로 - 기타,승용,남,28세,상해없음,보행자,여,33세,중상
1895,2018031100100221,2018년 3월 11일 15시,일요일,경기도 하남시 덕풍동,경상사고,0,0,1,0,차대사람 - 횡단중,안전운전불이행,포장 - 건조,맑음,기타 - 기타,승용,남,68세,상해없음,보행자,여,54세,경상
1896,2018031100100246,2018년 3월 11일 15시,일요일,경기도 남양주시 조안면,중상사고,0,1,0,0,차대사람 - 기타,안전운전불이행,포장 - 건조,맑음,교차로 - 교차로안,기타불명,기타불명,미분류,기타불명,보행자,남,26세,중상
1897,2018031100100281,2018년 3월 11일 16시,일요일,경기도 고양시 일산동구 중산동,경상사고,0,0,1,0,차대사람 - 차도통행중,기타,포장 - 건조,맑음,주차장 - 주차장,승용,남,34세,상해없음,보행자,남,45세,경상
1898,2018031100100370,2018년 3월 11일 20시,일요일,경기도 여주시 홍문동,경상사고,0,0,1,0,차대사람 - 기타,안전운전불이행,포장 - 건조,맑음,단일로 - 기타,승용,남,49세,상해없음,보행자,남,19세,경상
1899,2018031100100372,2018년 3월 11일 20시,일요일,경기도 광명시 광명동,경상사고,0,0,1,0,차대사람 - 길가장자리구역통행중,안전운전불이행,포장 - 건조,기타,단일로 - 기타,기타불명,기타불명,미분류,기타불명,보행자,남,10세,경상
1900,2018031100100396,2018년 3월 11일 21시,일요일,경기도 평택시 평택동,중상사고,0,1,0,0,차대사람 - 횡단중,보행자보호의무위반,포장 - 건조,맑음,단일로 - 기타,기타불명,기타불명,미분류,기타불명,보행자,남,59세,중상
1901,2018031200100004,2018년 3월 12일 00시,월요일,경기도 안산시 상록구 본오동,중상사고,0,1,0,0,차대사람 - 횡단중,신호위반,포장 - 건조,맑음,교차로 - 교차로횡단보도내,이륜,남,16세,상해없음,보행자,남,45세,중상
1902,2018031200100129,2018년 3월 12일 09시,월요일,경기도 성남시 중원구 은행동,중상사고,0,1,0,0,차대사람 - 기타,안전운전불이행,포장 - 건조,맑음,교차로 - 교차로안,승합,남,68세,상해없음,보행자,여,61세,중상
1903,2018031200100197,2018년 3월 12일 11시,월요일,경기도 파주시 금촌동,중상사고,0,1,0,0,차대사람 - 보도통행중,보행자보호의무위반,포장 - 건조,맑음,교차로 - 교차로횡단보도내,승합,남,71세,상해없음,보행자,여,78세,중상
1904,2018031200100208,2018년 3월 12일 12시,월요일,경기도 용인시 기흥구 농서동,경상사고,0,0,1,0,차대사람 - 길가장자리구역통행중,안전운전불이행,포장 - 건조,맑음,단일로 - 기타,승용,여,24세,상해없음,보행자,남,42세,경상
1905,2018031200100209,2018년 3월 12일 12시,월요일,경기도 과천시 과천동,중상사고,0,1,0,0,차대사람 - 기타,안전운전불이행,포장 - 건조,맑음,단일로 - 기타,승용,여,55세,상해없음,보행자,남,42세,중상
1906,2018031200100275,2018년 3월 12일 14시,월요일,경기도 시흥시 정왕동,경상사고,0,0,1,0,차대사람 - 기타,안전운전불이행,포장 - 건조,맑음,교차로 - 교차로안,화물,남,37세,상해없음,보행자,여,73세,경상
1907,2018031200100278,2018년 3월 12일 14시,월요일,경기도 화성시 향남읍,경상사고,0,0,1,0,차대사람 - 기타,안전운전불이행,포장 - 건조,맑음,기타 - 기타,승용,남,46세,기타불명,보행자,남,55세,경상
1908,2018031200100292,2018년 3월 12일 14시,월요일,경기도 의정부시 호원동,경상사고,0,0,1,0,차대사람 - 기타,안전운전불이행,포장 - 건조,맑음,교차로 - 교차로부근,화물,남,46세,상해없음,보행자,여,73세,경상
1909,2018031200100330,2018년 3월 12일 16시,월요일,경기도 김포시 북변동,중상사고,0,2,0,0,차대사람 - 횡단중,안전운전불이행,포장 - 기타,맑음,단일로 - 기타,화물,남,56세,상해없음,보행자,여,56세,중상
1910,2018031200100333,2018년 3월 12일 16시,월요일,경기도 수원시 권선구 탑동,중상사고,0,1,0,0,차대사람 - 기타,안전운전불이행,포장 - 건조,맑음,교차로 - 교차로부근,승용,남,48세,상해없음,보행자,여,36세,중상
1911,2018031200100412,2018년 3월 12일 18시,월요일,경기도 수원시 장안구 정자동,경상사고,0,0,1,0,차대사람 - 기타,중앙선침범,포장 - 건조,맑음,단일로 - 기타,승용,남,22세,상해없음,보행자,여,44세,경상
1912,2018031200100509,2018년 3월 12일 21시,월요일,경기도 김포시 통진읍,경상사고,0,0,2,0,차대사람 - 횡단중,안전운전불이행,포장 - 건조,맑음,기타 - 기타,승용,여,30세,상해없음,보행자,남,21세,경상
1913,2018031200100510,2018년 3월 12일 21시,월요일,경기도 부천시 원종동,경상사고,0,0,1,0,차대사람 - 보도통행중,안전운전불이행,포장 - 건조,맑음,주차장 - 주차장,승용,남,42세,상해없음,보행자,남,17세,경상
1914,2018031200100529,2018년 3월 12일 22시,월요일,경기도 안산시 상록구 일동,경상사고,0,0,1,0,차대사람 - 기타,안전운전불이행,포장 - 건조,맑음,단일로 - 기타,승용,남,33세,상해없음,보행자,여,22세,경상
1915,2018031300100032,2018년 3월 13일 04시,화요일,경기도 수원시 권선구 호매실동,중상사고,0,1,0,0,차대사람 - 기타,안전운전불이행,포장 - 건조,맑음,단일로 - 기타,승용,남,20세,상해없음,보행자,남,19세,중상
1916,2018031300100075,2018년 3월 13일 07시,화요일,경기도 고양시 일산서구 탄현동,중상사고,0,1,0,0,차대사람 - 기타,안전운전불이행,포장 - 건조,맑음,단일로 - 기타,화물,남,38세,상해없음,보행자,남,64세,중상
1917,2018031300100081,2018년 3월 13일 08시,화요일,경기도 안양시 동안구 호계동,중상사고,0,1,0,0,차대사람 - 기타,기타,포장 - 건조,맑음,교차로 - 교차로부근,승합,남,50세,상해없음,보행자,여,61세,중상
1918,2018031300100086,2018년 3월 13일 08시,화요일,경기도 안산시 단원구 신길동,경상사고,0,0,1,0,차대사람 - 횡단중,안전운전불이행,포장 - 건조,맑음,단일로 - 기타,이륜,남,65세,기타불명,보행자,남,43세,경상
1919,2018031300100090,2018년 3월 13일 08시,화요일,경기도 부천시 원종동,경상사고,0,0,1,0,차대사람 - 횡단중,안전운전불이행,포장 - 건조,맑음,단일로 - 기타,이륜,남,54세,상해없음,보행자,남,7세,경상
1920,2018031300100127,2018년 3월 13일 09시,화요일,경기도 광명시 하안동,부상신고사고,0,0,0,1,차대사람 - 횡단중,안전운전불이행,포장 - 건조,맑음,교차로 - 교차로횡단보도내,화물,남,46세,상해없음,보행자,여,18세,부상신고
1921,2018031300100175,2018년 3월 13일 11시,화요일,경기도 여주시 창동,경상사고,0,0,1,0,차대사람 - 횡단중,보행자보호의무위반,포장 - 건조,맑음,단일로 - 고가도로위,화물,남,35세,상해없음,보행자,남,70세,경상
1922,2018031300100176,2018년 3월 13일 11시,화요일,경기도 화성시 남양읍,중상사고,0,1,0,0,차대사람 - 횡단중,안전운전불이행,포장 - 기타,맑음,교차로 - 교차로안,승용,남,53세,상해없음,보행자,여,23세,중상
1923,2018031300100205,2018년 3월 13일 12시,화요일,경기도 용인시 처인구 포곡읍,중상사고,0,1,0,0,차대사람 - 횡단중,보행자보호의무위반,포장 - 건조,맑음,단일로 - 기타,승용,여,36세,상해없음,보행자,여,6세,중상
1924,2018031300100206,2018년 3월 13일 12시,화요일,경기도 양평군 양서면,부상신고사고,0,0,0,1,차대사람 - 횡단중,보행자보호의무위반,포장 - 건조,맑음,교차로 - 교차로안,승용,남,60세,상해없음,보행자,남,80세,부상신고
1925,2018031300100219,2018년 3월 13일 12시,화요일,경기도 남양주시 평내동,경상사고,0,0,1,0,차대사람 - 횡단중,안전운전불이행,포장 - 건조,맑음,교차로 - 교차로안,승용,남,68세,상해없음,보행자,여,19세,경상
1926,2018031300100282,2018년 3월 13일 15시,화요일,경기도 광주시 곤지암읍,중상사고,0,1,0,0,차대사람 - 기타,안전운전불이행,비포장 - 건조,맑음,기타 - 기타,화물,남,50세,상해없음,보행자,남,63세,중상
1927,2018031300100285,2018년 3월 13일 15시,화요일,경기도 성남시 분당구 야탑동,경상사고,0,0,1,0,차대사람 - 보도통행중,기타,포장 - 건조,맑음,단일로 - 기타,자전거,남,18세,상해없음,보행자,여,56세,경상
1928,2018031300100326,2018년 3월 13일 16시,화요일,경기도 시흥시 대야동,경상사고,0,0,1,0,차대사람 - 길가장자리구역통행중,안전운전불이행,포장 - 건조,맑음,단일로 - 기타,승용,남,77세,상해없음,보행자,여,35세,경상
1929,2018031300100327,2018년 3월 13일 16시,화요일,경기도 안산시 상록구 본오동,중상사고,0,1,0,0,차대사람 - 길가장자리구역통행중,기타,포장 - 건조,맑음,단일로 - 기타,승용,여,35세,상해없음,보행자,남,3세,중상
1930,2018031300100355,2018년 3월 13일 16시,화요일,경기도 의정부시 의정부동,중상사고,0,1,0,0,차대사람 - 기타,기타,포장 - 건조,맑음,교차로 - 교차로부근,승합,남,58세,상해없음,보행자,여,51세,중상
1931,2018031300100366,2018년 3월 13일 17시,화요일,경기도 광주시 오포읍,경상사고,0,0,1,0,차대사람 - 횡단중,보행자보호의무위반,포장 - 건조,맑음,교차로 - 교차로횡단보도내,이륜,남,34세,상해없음,보행자,여,10세,경상
1932,2018031300100405,2018년 3월 13일 18시,화요일,경기도 평택시 평택동,중상사고,0,1,0,0,차대사람 - 기타,안전운전불이행,포장 - 건조,맑음,교차로 - 교차로안,이륜,남,20세,상해없음,보행자,여,17세,중상
1933,2018031300100432,2018년 3월 13일 18시,화요일,경기도 포천시 설운동,경상사고,0,0,1,0,차대사람 - 기타,안전운전불이행,포장 - 건조,맑음,단일로 - 기타,승용,여,49세,상해없음,보행자,여,33세,경상