,사고번호,사고일시,요일,시군구,사고내용,사망자수,중상자수,경상자수,부상신고자수,사고유형,법규위반,노면상태,기상상태,도로형태,가해운전자 차종,가해운전자 성별,가해운전자 연령,가해운전자 상해정도,피해운전자 차종,피해운전자 성별,피해운전자 연령,피해운전자 상해정도
2160,2018032100100193,2018년 3월 21일 11시,수요일,경기도 안양시 동안구 평촌동,경상사고,0,0,1,0,차대사람 - 기타,안전운전불이행,포장 - 건조,맑음,단일로 - 기타,승합,남,42세,상해없음,보행자,남,34세,경상
2161,2018032100100194,2018년 3월 21일 11시,수요일,경기도 여주시 창동,경상사고,0,0,1,0,차대사람 - 보도통행중,안전운전불이행,포장 - 건조,맑음,단일로 - 기타,승용,남,58세,상해없음,보행자,여,79세,경상
2162,2018032100100196,2018년 3월 21일 11시,수요일,경기도 안산시 상록구 본오동,중상사고,0,1,0,0,차대사람 - 보도통행중,기타,포장 - 젖음/습기,비,단일로 - 기타,화물,남,36세,상해없음,보행자,여,84세,중상
2163,2018032100100197,2018년 3월 21일 11시,수요일,경기도 용인시 수지구 상현동,중상사고,0,1,0,0,차대사람 - 기타,안전운전불이행,포장 - 젖음/습기,눈,기타 - 기타,승용,여,41세,상해없음,보행자,남,66세,중상
2164,2018032100100225,2018년 3월 21일 13시,수요일,경기도 평택시 안중읍,중상사고,0,1,0,0,차대사람 - 횡단중,보행자보호의무위반,포장 - 건조,맑음,교차로 - 교차로횡단보도내,승용,남,66세,상해없음,보행자,남,13세,중상
2165,2018032100100255,2018년 3월 21일 14시,수요일,경기도 김포시 통진읍,경상사고,0,0,1,0,차대사람 - 기타,안전운전불이행,포장 - 건조,맑음,단일로 - 기타,승용,남,73세,상해없음,보행자,남,6세,경상
2166,2018032100100256,2018년 3월 21일 14시,수요일,경기도 안산시 단원구 선부동,경상사고,0,0,1,0,차대사람 - 기타,안전운전불이행,포장 - 건조,맑음,기타 - 기타,자전거,남,12세,상해없음,보행자,여,60세,경상
2167,2018032100100257,2018년 3월 21일 14시,수요일,경기도 수원시 영통구 이의동,경상사고,0,0,1,0,차대사람 - 횡단중,보행자보호의무위반,포장 - 젖음/습기,비,교차로 - 교차로횡단보도내,승용,남,59세,상해없음,보행자,여,22세,경상
2168,2018032100100277,2018년 3월 21일 14시,수요일,경기도 의정부시 금오동,중상사고,0,1,0,0,차대사람 - 횡단중,안전운전불이행,포장 - 건조,맑음,단일로 - 기타,승용,남,37세,상해없음,보행자,여,80세,중상
2169,2018032100100309,2018년 3월 21일 15시,수요일,경기도 양주시 회정동,중상사고,0,1,0,0,차대사람 - 횡단중,안전운전불이행,포장 - 건조,맑음,단일로 - 지하차도(도로)내,승용,여,42세,상해없음,보행자,여,81세,중상
2170,2018032100100326,2018년 3월 21일 16시,수요일,경기도 화성시 매송면,경상사고,0,0,1,0,차대사람 - 기타,안전운전불이행,포장 - 젖음/습기,흐림,단일로 - 기타,승용,남,68세,상해없음,보행자,여,82세,경상
2171,2018032100100343,2018년 3월 21일 16시,수요일,경기도 고양시 덕양구 성사동,중상사고,0,1,0,0,차대사람 - 차도통행중,안전운전불이행,포장 - 기타,맑음,단일로 - 기타,화물,남,71세,상해없음,보행자,여,76세,중상
2172,2018032100100346,2018년 3월 21일 16시,수요일,경기도 파주시 다율동,사망사고,1,0,0,0,차대사람 - 횡단중,안전운전불이행,포장 - 젖음/습기,눈,단일로 - 기타,승용,여,37세,상해없음,보행자,여,77세,사망
2173,2018032100100386,2018년 3월 21일 18시,수요일,경기도 수원시 장안구 파장동,중상사고,0,1,0,0,차대사람 - 횡단중,신호위반,포장 - 젖음/습기,비,교차로 - 교차로안,화물,남,78세,상해없음,보행자,여,16세,중상
2174,2018032100100389,2018년 3월 21일 18시,수요일,경기도 용인시 처인구 마평동,중상사고,0,1,0,0,차대사람 - 기타,중앙선침범,포장 - 젖음/습기,비,단일로 - 기타,화물,남,55세,상해없음,보행자,여,55세,중상
2175,2018032100100410,2018년 3월 21일 18시,수요일,경기도 남양주시 와부읍,경상사고,0,0,1,0,차대사람 - 기타,보행자보호의무위반,포장 - 건조,맑음,교차로 - 교차로안,승용,여,52세,상해없음,보행자,남,55세,경상
2176,2018032100100416,2018년 3월 21일 19시,수요일,경기도 안성시 당왕동,중상사고,0,1,1,0,차대사람 - 기타,보행자보호의무위반,포장 - 젖음/습기,눈,단일로 - 기타,이륜,남,55세,상해없음,보행자,남,22세,경상
2177,2018032100100417,2018년 3월 21일 19시,수요일,경기도 화성시 반송동,경상사고,0,0,1,0,차대사람 - 기타,안전운전불이행,포장 - 젖음/습기,비,교차로 - 교차로횡단보도내,승용,남,45세,상해없음,보행자,여,12세,경상
2178,2018032100100419,2018년 3월 21일 19시,수요일,경기도 광명시 하안동,중상사고,0,1,0,0,차대사람 - 횡단중,안전운전불이행,포장 - 젖음/습기,비,단일로 - 기타,이륜,남,19세,상해없음,보행자,여,46세,중상
2179,2018032100100420,2018년 3월 21일 19시,수요일,경기도 시흥시 거모동,중상사고,0,1,0,0,차대사람 - 횡단중,보행자보호의무위반,포장 - 젖음/습기,비,교차로 - 교차로부근,승용,남,60세,상해없음,보행자,남,56세,중상
2180,2018032100100421,2018년 3월 21일 19시,수요일,경기도 안산시 상록구 이동,중상사고,0,1,0,0,차대사람 - 기타,안전운전불이행,포장 - 젖음/습기,맑음,교차로 - 교차로안,이륜,남,47세,기타불명,보행자,여,45세,중상
2181,2018032100100426,2018년 3월 21일 19시,수요일,경기도 화성시 남양읍,중상사고,0,1,0,0,차대사람 - 보도통행중,안전운전불이행,포장 - 젖음/습기,눈,교차로 - 교차로안,승용,남,61세,상해없음,보행자,여,75세,중상
2182,2018032100100427,2018년 3월 21일 19시,수요일,경기도 안양시 만안구 박달동,중상사고,0,1,0,0,차대사람 - 횡단중,안전운전불이행,포장 - 젖음/습기,눈,교차로 - 교차로안,승용,남,26세,상해없음,보행자,여,68세,중상
2183,2018032100100468,2018년 3월 21일 20시,수요일,경기도 이천시 증포동,부상신고사고,0,0,0,1,차대사람 - 횡단중,안전거리미확보,포장 - 젖음/습기,비,교차로 - 교차로안,기타불명,기타불명,미분류,기타불명,보행자,남,16세,부상신고
2184,2018032100100471,2018년 3월 21일 20시,수요일,경기도 오산시 오산동,중상사고,0,1,0,0,차대사람 - 횡단중,안전운전불이행,포장 - 젖음/습기,흐림,교차로 - 교차로부근,승합,남,52세,상해없음,보행자,여,55세,중상
2185,2018032100100472,2018년 3월 21일 20시,수요일,경기도 화성시 반월동,중상사고,0,1,0,0,차대사람 - 횡단중,신호위반,포장 - 젖음/습기,눈,교차로 - 교차로횡단보도내,승용,남,38세,상해없음,보행자,남,46세,중상
2186,2018032100100473,2018년 3월 21일 20시,수요일,경기도 안산시 단원구 성곡동,경상사고,0,0,1,0,차대사람 - 기타,신호위반,포장 - 건조,맑음,교차로 - 교차로횡단보도내,승용,남,47세,상해없음,보행자,남,52세,경상
2187,2018032100100474,2018년 3월 21일 20시,수요일,경기도 성남시 중원구 은행동,경상사고,0,0,1,0,차대사람 - 길가장자리구역통행중,안전운전불이행,포장 - 젖음/습기,비,교차로 - 교차로부근,승용,남,42세,상해없음,보행자,여,38세,경상
2188,2018032100100475,2018년 3월 21일 20시,수요일,경기도 성남시 분당구 금곡동,중상사고,0,1,0,0,차대사람 - 차도통행중,안전운전불이행,포장 - 젖음/습기,눈,교차로 - 교차로부근,승용,여,50세,상해없음,보행자,남,72세,중상
2189,2018032100100491,2018년 3월 21일 20시,수요일,경기도 양주시 덕계동,중상사고,0,1,0,0,차대사람 - 차도통행중,안전운전불이행,포장 - 건조,기타,교차로 - 교차로부근,화물,남,58세,상해없음,보행자,여,67세,중상
2190,2018032100100499,2018년 3월 21일 21시,수요일,경기도 평택시 서정동,부상신고사고,0,0,0,1,차대사람 - 횡단중,안전운전불이행,포장 - 젖음/습기,눈,교차로 - 교차로안,기타불명,기타불명,미분류,기타불명,보행자,여,19세,부상신고
2191,2018032100100501,2018년 3월 21일 21시,수요일,경기도 용인시 기흥구 영덕동,중상사고,0,1,0,0,차대사람 - 횡단중,신호위반,포장 - 젖음/습기,눈,교차로 - 교차로안,이륜,남,23세,상해없음,보행자,남,75세,중상
2192,2018032100100505,2018년 3월 21일 21시,수요일,경기도 안산시 단원구 선부동,경상사고,0,0,2,0,차대사람 - 횡단중,보행자보호의무위반,포장 - 젖음/습기,맑음,교차로 - 교차로부근,승용,남,19세,상해없음,보행자,남,54세,경상
2193,2018032100100519,2018년 3월 21일 21시,수요일,경기도 고양시 덕양구 화전동,중상사고,0,1,0,0,차대사람 - 차도통행중,안전운전불이행,포장 - 건조,맑음,단일로 - 기타,승용,남,29세,상해없음,보행자,남,57세,중상
2194,2018032100100528,2018년 3월 21일 22시,수요일,경기도 수원시 권선구 권선동,중상사고,0,1,0,0,차대사람 - 횡단중,안전운전불이행,포장 - 건조,맑음,교차로 - 교차로안,승용,남,57세,상해없음,보행자,남,64세,중상
2195,2018032200100006,2018년 3월 22일 00시,목요일,경기도 성남시 중원구 성남동,중상사고,0,1,0,0,차대사람 - 차도통행중,안전운전불이행,포장 - 건조,맑음,단일로 - 기타,승용,남,58세,상해없음,보행자,남,23세,중상
2196,2018032200100025,2018년 3월 22일 02시,목요일,경기도 수원시 영통구 영통동,사망사고,1,0,0,0,차대사람 - 차도통행중,안전운전불이행,포장 - 건조,맑음,단일로 - 기타,승용,남,29세,상해없음,보행자,남,40세,사망
2197,2018032200100032,2018년 3월 22일 03시,목요일,경기도 화성시 향남읍,중상사고,0,1,0,0,차대사람 - 기타,안전운전불이행,포장 - 기타,흐림,기타 - 기타,승용,여,36세,상해없음,보행자,남,43세,중상
2198,2018032200100045,2018년 3월 22일 05시,목요일,경기도 안산시 단원구 선부동,경상사고,0,0,1,0,차대사람 - 기타,안전운전불이행,포장 - 건조,맑음,단일로 - 기타,기타불명,기타불명,미분류,기타불명,보행자,여,54세,경상
2199,2018032200100053,2018년 3월 22일 05시,목요일,경기도 파주시 월롱면,중상사고,0,1,0,0,차대사람 - 횡단중,안전운전불이행,포장 - 건조,맑음,단일로 - 기타,승용,여,49세,상해없음,보행자,남,77세,중상
2200,2018032200100059,2018년 3월 22일 06시,목요일,경기도 용인시 기흥구 신갈동,중상사고,0,1,0,0,차대사람 - 보도통행중,안전운전불이행,포장 - 건조,맑음,교차로 - 교차로부근,화물,남,64세,상해없음,보행자,남,60세,중상
2201,2018032200100132,2018년 3월 22일 08시,목요일,경기도 이천시 부발읍,경상사고,0,0,1,0,차대사람 - 기타,안전운전불이행,비포장 - 건조,맑음,교차로 - 교차로안,화물,남,71세,상해없음,보행자,남,17세,경상
2202,2018032200100141,2018년 3월 22일 08시,목요일,경기도 화성시 향남읍,경상사고,0,0,1,0,차대사람 - 차도통행중,안전운전불이행,포장 - 건조,맑음,단일로 - 기타,승용,남,68세,상해없음,보행자,여,57세,경상
2203,2018032200100177,2018년 3월 22일 09시,목요일,경기도 여주시 하동,중상사고,0,1,0,0,차대사람 - 기타,안전운전불이행,포장 - 건조,맑음,기타 - 기타,승용,남,56세,상해없음,보행자,여,1세,중상
2204,2018032200100205,2018년 3월 22일 10시,목요일,경기도 용인시 처인구 삼가동,중상사고,0,1,0,0,차대사람 - 횡단중,보행자보호의무위반,포장 - 건조,맑음,교차로 - 교차로횡단보도내,승합,여,50세,상해없음,보행자,남,83세,중상
2205,2018032200100206,2018년 3월 22일 10시,목요일,경기도 성남시 중원구 성남동,사망사고,1,0,0,0,차대사람 - 기타,안전운전불이행,포장 - 건조,맑음,단일로 - 기타,승합,남,59세,상해없음,보행자,남,63세,사망
2206,2018032200100235,2018년 3월 22일 11시,목요일,경기도 부천시 심곡동,중상사고,0,1,0,0,차대사람 - 기타,안전운전불이행,포장 - 건조,맑음,교차로 - 교차로부근,승합,남,45세,상해없음,보행자,여,53세,중상
2207,2018032200100287,2018년 3월 22일 13시,목요일,경기도 평택시 장당동,중상사고,0,1,0,0,차대사람 - 횡단중,보행자보호의무위반,포장 - 건조,맑음,교차로 - 교차로안,승용,여,55세,상해없음,보행자,여,52세,중상
2208,2018032200100290,2018년 3월 22일 13시,목요일,경기도 성남시 중원구 성남동,중상사고,0,1,0,0,차대사람 - 기타,안전운전불이행,포장 - 건조,맑음,단일로 - 기타,이륜,남,52세,상해없음,보행자,여,57세,중상
2209,2018032200100316,2018년 3월 22일 14시,목요일,경기도 수원시 팔달구 인계동,경상사고,0,0,1,0,차대사람 - 차도통행중,안전운전불이행,포장 - 건조,맑음,단일로 - 기타,승용,여,42세,상해없음,보행자,남,48세,경상
2210,2018032200100317,2018년 3월 22일 14시,목요일,경기도 군포시 금정동,경상사고,0,0,1,0,차대사람 - 횡단중,보행자보호의무위반,포장 - 건조,맑음,단일로 - 기타,화물,남,23세,상해없음,보행자,여,35세,경상
2211,2018032200100337,2018년 3월 22일 15시,목요일,경기도 수원시 영통구 신동,중상사고,0,1,0,0,차대사람 - 횡단중,보행자보호의무위반,포장 - 건조,맑음,교차로 - 교차로횡단보도내,승용,남,47세,상해없음,보행자,여,6세,중상
2212,2018032200100388,2018년 3월 22일 16시,목요일,경기도 의정부시 의정부동,경상사고,0,0,1,0,차대사람 - 기타,안전운전불이행,포장 - 건조,맑음,교차로 - 교차로안,승용,남,63세,상해없음,보행자,남,66세,경상
2213,2018032200100392,2018년 3월 22일 17시,목요일,경기도 평택시 평택동,경상사고,0,0,1,0,차대사람 - 횡단중,보행자보호의무위반,포장 - 건조,맑음,교차로 - 교차로횡단보도내,승용,여,50세,상해없음,보행자,남,16세,경상
2214,2018032200100395,2018년 3월 22일 17시,목요일,경기도 시흥시 매화동,경상사고,0,0,1,0,차대사람 - 횡단중,기타,포장 - 건조,맑음,단일로 - 기타,승용,남,53세,상해없음,보행자,남,4세,경상
2215,2018032200100443,2018년 3월 22일 18시,목요일,경기도 성남시 중원구 상대원동,경상사고,0,0,1,0,차대사람 - 기타,안전운전불이행,포장 - 건조,맑음,교차로 - 교차로부근,승용,남,43세,상해없음,보행자,남,57세,경상
2216,2018032200100447,2018년 3월 22일 18시,목요일,경기도 안양시 만안구 안양동,중상사고,0,1,0,0,차대사람 - 횡단중,보행자보호의무위반,포장 - 건조,맑음,교차로 - 교차로횡단보도내,승합,남,57세,상해없음,보행자,남,21세,중상
2217,2018032200100517,2018년 3월 22일 20시,목요일,경기도 김포시 북변동,중상사고,0,1,0,0,차대사람 - 기타,기타,포장 - 건조,맑음,단일로 - 기타,승합,남,46세,상해없음,보행자,여,71세,중상
2218,2018032200100518,2018년 3월 22일 20시,목요일,경기도 오산시 궐동,중상사고,0,1,0,0,차대사람 - 기타,보행자보호의무위반,포장 - 건조,맑음,단일로 - 기타,승용,남,30세,상해없음,보행자,남,44세,중상
2219,2018032200100536,2018년 3월 22일 21시,목요일,경기도 수원시 장안구 조원동,경상사고,0,0,1,0,차대사람 - 횡단중,안전운전불이행,포장 - 건조,맑음,단일로 - 기타,승용,남,71세,상해없음,보행자,여,4세,경상
2220,2018032200100561,2018년 3월 22일 22시,목요일,경기도 성남시 분당구 백현동,중상사고,0,1,0,0,차대사람 - 횡단중,안전운전불이행,포장 - 건조,맑음,교차로 - 교차로횡단보도내,승용,남,43세,상해없음,보행자,남,57세,중상
2221,2018032200100597,2018년 3월 22일 23시,목요일,경기도 안산시 단원구 선부동,부상신고사고,0,0,0,1,차대사람 - 횡단중,안전운전불이행,포장 - 건조,맑음,기타 - 기타,승용,남,33세,상해없음,보행자,남,24세,부상신고
2222,2018032200100610,2018년 3월 22일 23시,목요일,경기도 포천시 소흘읍,경상사고,0,0,1,0,차대사람 - 기타,안전운전불이행,포장 - 건조,맑음,주차장 - 주차장,승용,여,63세,상해없음,보행자,남,20세,경상
2223,2018032300100042,2018년 3월 23일 05시,금요일,경기도 화성시 반송동,중상사고,0,1,0,0,차대사람 - 횡단중,안전운전불이행,포장 - 건조,맑음,단일로 - 기타,승용,남,55세,상해없음,보행자,남,20세,중상
2224,2018032300100047,2018년 3월 23일 05시,금요일,경기도 양주시 고읍동,사망사고,1,0,0,0,차대사람 - 횡단중,안전운전불이행,포장 - 건조,맑음,교차로 - 교차로부근,승용,남,43세,상해없음,보행자,남,56세,사망
2225,2018032300100054,2018년 3월 23일 06시,금요일,경기도 평택시 장당동,중상사고,0,1,0,0,차대사람 - 횡단중,보행자보호의무위반,포장 - 건조,맑음,교차로 - 교차로횡단보도내,화물,남,56세,상해없음,보행자,남,25세,중상
2226,2018032300100106,2018년 3월 23일 08시,금요일,경기도 부천시 송내동,경상사고,0,0,1,0,차대사람 - 기타,안전운전불이행,포장 - 건조,맑음,단일로 - 기타,승용,남,66세,상해없음,보행자,여,26세,경상
2227,2018032300100107,2018년 3월 23일 08시,금요일,경기도 오산시 오산동,중상사고,0,2,0,0,차대사람 - 횡단중,보행자보호의무위반,포장 - 건조,맑음,교차로 - 교차로횡단보도내,화물,남,75세,상해없음,보행자,여,41세,중상
2228,2018032300100223,2018년 3월 23일 12시,금요일,경기도 수원시 장안구 영화동,사망사고,1,0,0,0,차대사람 - 기타,안전운전불이행,포장 - 건조,맑음,교차로 - 교차로안,승합,남,26세,상해없음,보행자,여,81세,사망
2229,2018032300100270,2018년 3월 23일 14시,금요일,경기도 용인시 기흥구 공세동,부상신고사고,0,0,0,1,차대사람 - 횡단중,보행자보호의무위반,포장 - 건조,맑음,교차로 - 교차로횡단보도내,승용,여,35세,상해없음,보행자,남,8세,부상신고
2230,2018032300100275,2018년 3월 23일 14시,금요일,경기도 수원시 권선구 세류동,부상신고사고,0,0,0,1,차대사람 - 기타,안전운전불이행,포장 - 건조,맑음,단일로 - 기타,기타불명,기타불명,미분류,기타불명,보행자,남,45세,부상신고
2231,2018032300100303,2018년 3월 23일 15시,금요일,경기도 광명시 철산동,중상사고,0,1,0,0,차대사람 - 차도통행중,안전운전불이행,포장 - 건조,맑음,단일로 - 기타,승용,남,79세,상해없음,보행자,여,46세,중상
2232,2018032300100340,2018년 3월 23일 16시,금요일,경기도 김포시 사우동,경상사고,0,0,1,0,차대사람 - 기타,안전운전불이행,포장 - 건조,맑음,기타 - 기타,승합,남,39세,상해없음,보행자,여,21세,경상
2233,2018032300100345,2018년 3월 23일 16시,금요일,경기도 용인시 기흥구 보정동,중상사고,0,1,0,0,차대사람 - 기타,보행자보호의무위반,포장 - 건조,맑음,교차로 - 교차로안,승용,여,46세,상해없음,보행자,남,12세,중상
2234,2018032300100372,2018년 3월 23일 16시,금요일,경기도 고양시 덕양구 행신동,부상신고사고,0,0,0,1,차대사람 - 보도통행중,안전운전불이행,포장 - 건조,맑음,교차로 - 교차로안,승용,남,61세,상해없음,보행자,남,19세,부상신고
2235,2018032300100390,2018년 3월 23일 17시,금요일,경기도 용인시 기흥구 보라동,부상신고사고,0,0,0,1,차대사람 - 보도통행중,기타,포장 - 건조,맑음,기타 - 기타,특수,남,32세,상해없음,보행자,남,36세,부상신고
2236,2018032300100395,2018년 3월 23일 17시,금요일,경기도 부천시 오정동,경상사고,0,0,1,0,차대사람 - 횡단중,보행자보호의무위반,포장 - 건조,맑음,단일로 - 기타,이륜,남,17세,상해없음,보행자,남,13세,경상
2237,2018032300100396,2018년 3월 23일 17시,금요일,경기도 부천시 여월동,경상사고,0,0,1,0,차대사람 - 길가장자리구역통행중,안전운전불이행,포장 - 건조,맑음,단일로 - 기타,승용,여,49세,상해없음,보행자,남,17세,경상
2238,2018032300100463,2018년 3월 23일 18시,금요일,경기도 동두천시 생연동,중상사고,0,1,0,0,차대사람 - 차도통행중,안전운전불이행,포장 - 건조,맑음,교차로 - 교차로안,화물,남,57세,상해없음,보행자,여,89세,중상
2239,2018032300100474,2018년 3월 23일 19시,금요일,경기도 안성시 일죽면,사망사고,1,0,0,0,차대사람 - 차도통행중,안전운전불이행,포장 - 건조,맑음,단일로 - 기타,승용,남,65세,상해없음,보행자,남,65세,사망
2240,2018032300100477,2018년 3월 23일 19시,금요일,경기도 부천시 송내동,부상신고사고,0,0,0,1,차대사람 - 기타,기타,포장 - 건조,맑음,교차로 - 교차로부근,승합,남,59세,상해없음,보행자,여,72세,부상신고
2241,2018032300100502,2018년 3월 23일 19시,금요일,경기도 고양시 덕양구 성사동,경상사고,0,0,1,0,차대사람 - 보도통행중,안전운전불이행,포장 - 건조,맑음,단일로 - 기타,승용,여,54세,상해없음,보행자,남,32세,경상
2242,2018032300100504,2018년 3월 23일 19시,금요일,경기도 남양주시 별내동,경상사고,0,0,1,0,차대사람 - 횡단중,안전운전불이행,포장 - 건조,맑음,기타 - 기타,이륜,남,43세,상해없음,보행자,남,7세,경상
2243,2018032300100512,2018년 3월 23일 20시,금요일,경기도 평택시 서정동,부상신고사고,0,0,0,1,차대사람 - 기타,안전운전불이행,포장 - 건조,맑음,단일로 - 기타,승합,남,53세,상해없음,보행자,여,64세,부상신고
2244,2018032300100515,2018년 3월 23일 20시,금요일,경기도 부천시 상동,중상사고,0,1,0,0,차대사람 - 기타,안전운전불이행,포장 - 건조,맑음,단일로 - 기타,승용,남,40세,상해없음,보행자,여,63세,중상
2245,2018032300100516,2018년 3월 23일 20시,금요일,경기도 안산시 단원구 고잔동,경상사고,0,0,1,0,차대사람 - 기타,안전운전불이행,포장 - 건조,맑음,단일로 - 기타,승용,남,69세,상해없음,보행자,남,45세,경상
2246,2018032300100520,2018년 3월 23일 20시,금요일,경기도 안양시 만안구 안양동,중상사고,0,1,0,0,차대사람 - 횡단중,보행자보호의무위반,포장 - 건조,맑음,교차로 - 교차로횡단보도내,승용,남,36세,상해없음,보행자,여,68세,중상
2247,2018032300100545,2018년 3월 23일 21시,금요일,경기도 광주시 삼동,사망사고,1,0,0,0,차대사람 - 횡단중,안전운전불이행,포장 - 건조,맑음,단일로 - 기타,승용,여,35세,상해없음,보행자,여,61세,사망
2248,2018032300100548,2018년 3월 23일 21시,금요일,경기도 안산시 단원구 원곡동,경상사고,0,0,1,0,차대사람 - 기타,안전운전불이행,포장 - 건조,맑음,단일로 - 기타,승용,남,52세,상해없음,보행자,남,52세,경상
2249,2018032300100549,2018년 3월 23일 21시,금요일,경기도 수원시 팔달구 인계동,경상사고,0,0,1,0,차대사람 - 기타,안전운전불이행,포장 - 건조,맑음,단일로 - 기타,승용,남,50세,상해없음,보행자,여,29세,경상
2250,2018032300100579,2018년 3월 23일 22시,금요일,경기도 평택시 안중읍,경상사고,0,0,1,0,차대사람 - 횡단중,보행자보호의무위반,포장 - 건조,맑음,교차로 - 교차로부근,자전거,남,14세,상해없음,보행자,여,49세,경상
2251,2018032300100580,2018년 3월 23일 22시,금요일,경기도 부천시 상동,중상사고,0,1,0,0,차대사람 - 차도통행중,안전운전불이행,포장 - 건조,맑음,교차로 - 교차로부근,승용,남,69세,상해없음,보행자,여,41세,중상
2252,2018032300100581,2018년 3월 23일 22시,금요일,경기도 부천시 상동,경상사고,0,0,1,0,차대사람 - 기타,안전운전불이행,포장 - 건조,맑음,단일로 - 기타,자전거,남,41세,상해없음,보행자,여,31세,경상
2253,2018032300100582,2018년 3월 23일 22시,금요일,경기도 광명시 하안동,부상신고사고,0,0,0,1,차대사람 - 횡단중,안전운전불이행,포장 - 건조,맑음,단일로 - 기타,승용,남,58세,상해없음,보행자,남,18세,부상신고
2254,2018032300100584,2018년 3월 23일 22시,금요일,경기도 성남시 분당구 수내동,중상사고,0,2,0,0,차대사람 - 기타,안전운전불이행,포장 - 건조,맑음,교차로 - 교차로부근,승용,여,39세,상해없음,보행자,여,63세,중상
2255,2018032300100594,2018년 3월 23일 22시,금요일,경기도 양주시 광적면,중상사고,0,1,0,0,차대사람 - 횡단중,보행자보호의무위반,포장 - 건조,맑음,교차로 - 교차로횡단보도내,승용,남,36세,상해없음,보행자,여,36세,중상
2256,2018032400100004,2018년 3월 24일 00시,토요일,경기도 안양시 동안구 평촌동,중상사고,0,1,0,0,차대사람 - 횡단중,안전운전불이행,포장 - 건조,맑음,단일로 - 기타,승용,남,59세,상해없음,보행자,남,48세,중상
2257,2018032400100015,2018년 3월 24일 00시,토요일,경기도 고양시 일산동구 장항동,경상사고,0,0,1,0,차대사람 - 횡단중,보행자보호의무위반,포장 - 건조,맑음,단일로 - 기타,승용,남,49세,상해없음,보행자,남,51세,경상
2258,2018032400100068,2018년 3월 24일 04시,토요일,경기도 부천시 소사본동,사망사고,1,0,0,0,차대사람 - 횡단중,안전운전불이행,포장 - 건조,맑음,기타 - 기타,승용,남,32세,상해없음,보행자,여,74세,사망
2259,2018032400100124,2018년 3월 24일 09시,토요일,경기도 안양시 동안구 비산동,중상사고,0,1,0,0,차대사람 - 횡단중,신호위반,포장 - 건조,맑음,단일로 - 기타,승용,남,63세,상해없음,보행자,남,88세,중상
2260,2018032400100146,2018년 3월 24일 10시,토요일,경기도 수원시 장안구 율전동,경상사고,0,0,1,0,차대사람 - 기타,안전운전불이행,포장 - 건조,맑음,기타 - 기타,기타불명,기타불명,미분류,기타불명,보행자,남,22세,경상
2261,2018032400100149,2018년 3월 24일 10시,토요일,경기도 이천시 창전동,경상사고,0,0,1,0,차대사람 - 기타,보행자보호의무위반,포장 - 건조,맑음,단일로 - 기타,화물,남,44세,상해없음,보행자,여,30세,경상
2262,2018032400100152,2018년 3월 24일 10시,토요일,경기도 광명시 광명동,부상신고사고,0,0,0,1,차대사람 - 차도통행중,안전운전불이행,포장 - 건조,맑음,단일로 - 기타,승용,여,35세,상해없음,보행자,여,79세,부상신고
2263,2018032400100278,2018년 3월 24일 14시,토요일,경기도 용인시 수지구 신봉동,중상사고,0,1,0,0,차대사람 - 횡단중,안전운전불이행,포장 - 건조,맑음,교차로 - 교차로안,승용,남,35세,상해없음,보행자,여,13세,중상
2264,2018032400100292,2018년 3월 24일 14시,토요일,경기도 연천군 전곡읍,중상사고,0,1,0,0,차대사람 - 기타,안전운전불이행,포장 - 건조,맑음,단일로 - 기타,화물,남,71세,상해없음,보행자,여,74세,중상
2265,2018032400100302,2018년 3월 24일 15시,토요일,경기도 부천시 심곡본동,중상사고,0,1,0,0,차대사람 - 기타,안전운전불이행,포장 - 건조,맑음,단일로 - 기타,승합,남,51세,상해없음,보행자,여,50세,중상
2266,2018032400100334,2018년 3월 24일 16시,토요일,경기도 안성시 공도읍,경상사고,0,0,1,0,차대사람 - 기타,보행자보호의무위반,포장 - 건조,맑음,교차로 - 교차로횡단보도내,승용,남,30세,상해없음,보행자,여,11세,경상
2267,2018032400100364,2018년 3월 24일 17시,토요일,경기도 광주시 오포읍,중상사고,0,1,0,0,차대사람 - 횡단중,안전운전불이행,포장 - 건조,맑음,단일로 - 기타,이륜,남,52세,상해없음,보행자,여,8세,중상
2268,2018032400100369,2018년 3월 24일 17시,토요일,경기도 수원시 권선구 탑동,경상사고,0,0,1,0,차대사람 - 기타,안전운전불이행,포장 - 건조,맑음,단일로 - 기타,승용,남,74세,상해없음,보행자,남,39세,경상
2269,2018032400100434,2018년 3월 24일 19시,토요일,경기도 성남시 수정구 수진동,중상사고,0,1,0,0,차대사람 - 횡단중,안전운전불이행,포장 - 건조,맑음,기타 - 기타,이륜,남,52세,상해없음,보행자,남,60세,중상
2270,2018032400100508,2018년 3월 24일 21시,토요일,경기도 용인시 기흥구 상갈동,중상사고,0,2,0,0,차대사람 - 횡단중,안전운전불이행,포장 - 건조,맑음,단일로 - 기타,이륜,남,17세,중상,보행자,남,60세,중상
2271,2018032400100539,2018년 3월 24일 23시,토요일,경기도 시흥시 신천동,중상사고,0,1,1,0,차대사람 - 기타,안전운전불이행,포장 - 건조,맑음,단일로 - 기타,승합,남,51세,상해없음,보행자,남,58세,중상
2272,2018032500100023,2018년 3월 25일 01시,일요일,경기도 파주시 탄현면,경상사고,0,0,1,0,차대사람 - 기타,안전운전불이행,포장 - 건조,맑음,교차로 - 교차로부근,승용,남,52세,상해없음,보행자,남,29세,경상