,사고번호,사고일시,요일,시군구,사고내용,사망자수,중상자수,경상자수,부상신고자수,사고유형,법규위반,노면상태,기상상태,도로형태,가해운전자 차종,가해운전자 성별,가해운전자 연령,가해운전자 상해정도,피해운전자 차종,피해운전자 성별,피해운전자 연령,피해운전자 상해정도
2273,2018032500100061,2018년 3월 25일 06시,일요일,경기도 가평군 청평면,중상사고,0,1,0,0,차대사람 - 기타,안전운전불이행,포장 - 기타,안개,단일로 - 기타,승용,남,47세,상해없음,보행자,남,20세,중상
2274,2018032500100144,2018년 3월 25일 12시,일요일,경기도 오산시 오산동,부상신고사고,0,0,0,1,차대사람 - 횡단중,안전운전불이행,포장 - 건조,맑음,교차로 - 교차로횡단보도내,이륜,남,16세,기타불명,보행자,여,34세,부상신고
2275,2018032500100145,2018년 3월 25일 12시,일요일,경기도 화성시 병점동,중상사고,0,1,0,0,차대사람 - 횡단중,안전운전불이행,포장 - 건조,맑음,교차로 - 교차로안,승용,여,64세,상해없음,보행자,여,52세,중상
2276,2018032500100168,2018년 3월 25일 13시,일요일,경기도 성남시 수정구 단대동,경상사고,0,0,1,0,차대사람 - 횡단중,안전운전불이행,포장 - 건조,맑음,단일로 - 기타,승용,여,48세,상해없음,보행자,남,9세,경상
2277,2018032500100191,2018년 3월 25일 14시,일요일,경기도 안산시 단원구 초지동,중상사고,0,1,0,0,차대사람 - 기타,안전운전불이행,포장 - 건조,맑음,단일로 - 기타,승용,남,49세,상해없음,보행자,남,62세,중상
2278,2018032500100207,2018년 3월 25일 14시,일요일,경기도 양주시 덕정동,경상사고,0,0,1,0,차대사람 - 길가장자리구역통행중,안전운전불이행,포장 - 건조,맑음,기타 - 기타,기타불명,기타불명,미분류,기타불명,보행자,남,21세,경상
2279,2018032500100275,2018년 3월 25일 17시,일요일,경기도 성남시 수정구 수진동,중상사고,0,1,0,0,차대사람 - 기타,안전운전불이행,포장 - 건조,맑음,단일로 - 기타,승용,남,36세,상해없음,보행자,여,56세,중상
2280,2018032500100299,2018년 3월 25일 17시,일요일,경기도 남양주시 퇴계원면,경상사고,0,0,1,0,차대사람 - 기타,보행자보호의무위반,포장 - 건조,맑음,교차로 - 교차로횡단보도내,화물,남,58세,상해없음,보행자,여,8세,경상
2281,2018032500100323,2018년 3월 25일 18시,일요일,경기도 남양주시 별내동,경상사고,0,0,1,0,차대사람 - 기타,안전운전불이행,포장 - 건조,맑음,기타 - 기타,승용,여,60세,상해없음,보행자,남,12세,경상
2282,2018032500100324,2018년 3월 25일 18시,일요일,경기도 양주시 덕계동,경상사고,0,0,1,0,차대사람 - 차도통행중,안전운전불이행,포장 - 건조,맑음,단일로 - 기타,승용,남,26세,상해없음,보행자,남,9세,경상
2283,2018032500100368,2018년 3월 25일 20시,일요일,경기도 화성시 서신면,중상사고,0,1,0,0,차대사람 - 길가장자리구역통행중,안전운전불이행,포장 - 기타,안개,단일로 - 기타,승용,남,58세,상해없음,보행자,남,58세,중상
2284,2018032600100014,2018년 3월 26일 02시,월요일,경기도 부천시 역곡동,경상사고,0,0,1,0,차대사람 - 횡단중,안전운전불이행,포장 - 건조,맑음,단일로 - 기타,승용,남,67세,상해없음,보행자,남,57세,경상
2285,2018032600100113,2018년 3월 26일 08시,월요일,경기도 남양주시 화도읍,경상사고,0,0,1,0,차대사람 - 기타,안전운전불이행,포장 - 건조,맑음,교차로 - 교차로부근,승용,여,52세,상해없음,보행자,남,13세,경상
2286,2018032600100125,2018년 3월 26일 09시,월요일,경기도 하남시 상사창동,중상사고,0,1,0,1,차대사람 - 기타,안전운전불이행,포장 - 건조,맑음,주차장 - 주차장,화물,남,28세,부상신고,보행자,여,25세,중상
2287,2018032600100143,2018년 3월 26일 10시,월요일,경기도 수원시 팔달구 우만동,중상사고,0,1,0,0,차대사람 - 기타,안전운전불이행,포장 - 건조,맑음,주차장 - 주차장,승합,남,57세,상해없음,보행자,여,70세,중상
2288,2018032600100184,2018년 3월 26일 11시,월요일,경기도 안성시 낙원동,중상사고,0,1,0,0,차대사람 - 기타,안전운전불이행,포장 - 건조,맑음,단일로 - 기타,승용,남,73세,상해없음,보행자,여,81세,중상
2289,2018032600100202,2018년 3월 26일 11시,월요일,경기도 고양시 덕양구 화정동,경상사고,0,0,1,0,차대사람 - 보도통행중,안전운전불이행,포장 - 건조,맑음,단일로 - 기타,승용,남,53세,상해없음,보행자,남,38세,경상
2290,2018032600100203,2018년 3월 26일 11시,월요일,경기도 구리시 수택동,경상사고,0,0,1,0,차대사람 - 차도통행중,교차로운행방법위반,포장 - 건조,맑음,교차로 - 교차로안,승용,남,58세,상해없음,보행자,여,90세 이상,경상
2291,2018032600100212,2018년 3월 26일 12시,월요일,경기도 수원시 장안구 파장동,중상사고,0,1,0,0,차대사람 - 기타,안전운전불이행,포장 - 건조,맑음,교차로 - 교차로안,승용,남,65세,상해없음,보행자,여,77세,중상
2292,2018032600100231,2018년 3월 26일 12시,월요일,경기도 고양시 덕양구 원흥동,경상사고,0,0,1,0,차대사람 - 차도통행중,안전운전불이행,포장 - 건조,맑음,단일로 - 기타,승용,여,46세,상해없음,보행자,여,52세,경상
2293,2018032600100241,2018년 3월 26일 13시,월요일,경기도 이천시 관고동,경상사고,0,0,1,0,차대사람 - 횡단중,보행자보호의무위반,포장 - 건조,맑음,단일로 - 기타,화물,남,42세,상해없음,보행자,남,74세,경상
2294,2018032600100298,2018년 3월 26일 15시,월요일,경기도 이천시 창전동,경상사고,0,0,1,0,차대사람 - 기타,안전운전불이행,포장 - 건조,맑음,단일로 - 기타,승용,여,49세,상해없음,보행자,남,28세,경상
2295,2018032600100301,2018년 3월 26일 15시,월요일,경기도 화성시 송산면,경상사고,0,0,1,0,차대사람 - 기타,안전운전불이행,포장 - 건조,맑음,단일로 - 기타,기타불명,기타불명,미분류,기타불명,보행자,남,56세,경상
2296,2018032600100368,2018년 3월 26일 16시,월요일,경기도 양주시 옥정동,경상사고,0,0,1,0,차대사람 - 횡단중,보행자보호의무위반,포장 - 건조,맑음,교차로 - 교차로횡단보도내,기타불명,기타불명,미분류,기타불명,보행자,여,11세,경상
2297,2018032600100386,2018년 3월 26일 17시,월요일,경기도 광주시 오포읍,경상사고,0,0,1,0,차대사람 - 기타,안전운전불이행,포장 - 건조,맑음,단일로 - 기타,화물,남,39세,상해없음,보행자,남,47세,경상
2298,2018032600100387,2018년 3월 26일 17시,월요일,경기도 화성시 목동,경상사고,0,0,1,0,차대사람 - 기타,안전운전불이행,포장 - 건조,맑음,단일로 - 기타,승합,남,61세,상해없음,보행자,여,55세,경상
2299,2018032600100427,2018년 3월 26일 18시,월요일,경기도 이천시 창전동,경상사고,0,0,1,0,차대사람 - 기타,안전운전불이행,포장 - 건조,맑음,기타 - 기타,승용,여,37세,상해없음,보행자,남,57세,경상
2300,2018032600100430,2018년 3월 26일 18시,월요일,경기도 안산시 단원구 초지동,경상사고,0,0,1,0,차대사람 - 기타,안전운전불이행,포장 - 건조,맑음,교차로 - 교차로부근,승용,남,51세,상해없음,보행자,여,55세,경상
2301,2018032600100469,2018년 3월 26일 19시,월요일,경기도 성남시 분당구 구미동,중상사고,0,1,0,0,차대사람 - 기타,안전운전불이행,포장 - 건조,맑음,교차로 - 교차로부근,승합,남,47세,상해없음,보행자,여,75세,중상
2302,2018032600100518,2018년 3월 26일 20시,월요일,경기도 파주시 문산읍,중상사고,0,1,0,0,차대사람 - 횡단중,안전운전불이행,포장 - 건조,맑음,단일로 - 기타,승합,남,25세,상해없음,보행자,남,48세,중상
2303,2018032600100557,2018년 3월 26일 22시,월요일,경기도 시흥시 월곶동,경상사고,0,0,1,0,차대사람 - 보도통행중,안전운전불이행,포장 - 건조,맑음,교차로 - 교차로부근,승용,남,69세,상해없음,보행자,여,30세,경상
2304,2018032600100572,2018년 3월 26일 22시,월요일,경기도 동두천시 지행동,부상신고사고,0,0,0,1,차대사람 - 보도통행중,안전운전불이행,포장 - 건조,맑음,교차로 - 교차로안,승합,남,43세,상해없음,보행자,여,17세,부상신고
2305,2018032700100003,2018년 3월 27일 00시,화요일,경기도 화성시 오산동,경상사고,0,0,1,0,차대사람 - 기타,신호위반,포장 - 건조,맑음,교차로 - 교차로안,승합,남,56세,상해없음,보행자,여,22세,경상
2306,2018032700100034,2018년 3월 27일 05시,화요일,경기도 광주시 초월읍,경상사고,0,0,2,0,차대사람 - 기타,안전운전불이행,포장 - 건조,흐림,교차로 - 교차로부근,승용,남,27세,상해없음,보행자,여,55세,경상
2307,2018032700100056,2018년 3월 27일 07시,화요일,경기도 수원시 팔달구 우만동,중상사고,0,1,0,0,차대사람 - 횡단중,안전운전불이행,포장 - 건조,맑음,교차로 - 교차로횡단보도내,기타불명,기타불명,미분류,기타불명,보행자,여,64세,중상
2308,2018032700100057,2018년 3월 27일 07시,화요일,경기도 안양시 동안구 호계동,경상사고,0,0,1,0,차대사람 - 횡단중,보행자보호의무위반,포장 - 건조,맑음,교차로 - 교차로횡단보도내,화물,남,49세,상해없음,보행자,남,76세,경상
2309,2018032700100074,2018년 3월 27일 07시,화요일,경기도 구리시 토평동,경상사고,0,0,1,0,차대사람 - 보도통행중,신호위반,포장 - 건조,맑음,교차로 - 교차로횡단보도내,화물,남,63세,상해없음,보행자,여,18세,경상
2310,2018032700100075,2018년 3월 27일 07시,화요일,경기도 포천시 설운동,중상사고,0,1,0,0,차대사람 - 횡단중,안전운전불이행,포장 - 건조,맑음,교차로 - 교차로안,승용,남,49세,상해없음,보행자,남,13세,중상
2311,2018032700100083,2018년 3월 27일 08시,화요일,경기도 군포시 당동,경상사고,0,0,1,0,차대사람 - 기타,안전운전불이행,포장 - 건조,맑음,단일로 - 기타,승용,남,35세,상해없음,보행자,여,8세,경상
2312,2018032700100148,2018년 3월 27일 09시,화요일,경기도 남양주시 진건읍,중상사고,0,1,0,0,차대사람 - 횡단중,안전운전불이행,포장 - 건조,맑음,단일로 - 기타,승용,남,36세,상해없음,보행자,남,80세,중상
2313,2018032700100190,2018년 3월 27일 11시,화요일,경기도 시흥시 하중동,중상사고,0,1,0,0,차대사람 - 차도통행중,안전운전불이행,포장 - 건조,맑음,단일로 - 기타,승용,여,53세,상해없음,보행자,남,80세,중상
2314,2018032700100208,2018년 3월 27일 12시,화요일,경기도 이천시 창전동,경상사고,0,0,1,0,차대사람 - 기타,안전운전불이행,포장 - 건조,맑음,단일로 - 기타,승용,여,45세,상해없음,보행자,남,7세,경상
2315,2018032700100228,2018년 3월 27일 13시,화요일,경기도 평택시 비전동,경상사고,0,0,1,0,차대사람 - 횡단중,안전운전불이행,포장 - 건조,맑음,단일로 - 기타,승용,남,34세,상해없음,보행자,여,35세,경상
2316,2018032700100231,2018년 3월 27일 13시,화요일,경기도 오산시 원동,중상사고,0,1,0,0,차대사람 - 기타,안전운전불이행,포장 - 건조,맑음,기타 - 기타,승용,여,44세,상해없음,보행자,여,36세,중상
2317,2018032700100233,2018년 3월 27일 13시,화요일,경기도 성남시 분당구 수내동,중상사고,0,1,0,0,차대사람 - 횡단중,보행자보호의무위반,포장 - 건조,맑음,기타 - 기타,승용,남,33세,상해없음,보행자,여,89세,중상
2318,2018032700100234,2018년 3월 27일 13시,화요일,경기도 시흥시 포동,중상사고,0,1,0,0,차대사람 - 기타,안전운전불이행,포장 - 건조,맑음,교차로 - 교차로안,승용,여,47세,상해없음,보행자,여,77세,중상
2319,2018032700100256,2018년 3월 27일 14시,화요일,경기도 수원시 장안구 정자동,중상사고,0,1,0,0,차대사람 - 횡단중,신호위반,포장 - 건조,맑음,교차로 - 교차로횡단보도내,특수,남,58세,상해없음,보행자,여,10세,중상
2320,2018032700100258,2018년 3월 27일 14시,화요일,경기도 광주시 오포읍,경상사고,0,0,1,0,차대사람 - 기타,안전운전불이행,포장 - 건조,맑음,단일로 - 기타,기타불명,기타불명,미분류,기타불명,보행자,여,21세,경상
2321,2018032700100288,2018년 3월 27일 15시,화요일,경기도 이천시 중리동,경상사고,0,0,1,0,차대사람 - 차도통행중,안전운전불이행,포장 - 건조,맑음,단일로 - 기타,승용,남,60세,상해없음,보행자,여,60세,경상
2322,2018032700100319,2018년 3월 27일 16시,화요일,경기도 부천시 송내동,경상사고,0,0,1,0,차대사람 - 횡단중,보행자보호의무위반,포장 - 건조,맑음,단일로 - 기타,승용,남,56세,상해없음,보행자,남,12세,경상
2323,2018032700100320,2018년 3월 27일 16시,화요일,경기도 화성시 정남면,경상사고,0,0,1,0,차대사람 - 횡단중,안전운전불이행,포장 - 건조,맑음,교차로 - 교차로부근,승용,남,55세,상해없음,보행자,남,5세,경상
2324,2018032700100322,2018년 3월 27일 16시,화요일,경기도 성남시 분당구 야탑동,경상사고,0,0,1,0,차대사람 - 횡단중,안전운전불이행,포장 - 건조,맑음,교차로 - 교차로부근,승용,여,53세,상해없음,보행자,남,65세,경상
2325,2018032700100323,2018년 3월 27일 16시,화요일,경기도 수원시 권선구 호매실동,경상사고,0,0,1,0,차대사람 - 기타,안전운전불이행,포장 - 건조,맑음,교차로 - 교차로부근,승합,남,48세,상해없음,보행자,여,30세,경상
2326,2018032700100341,2018년 3월 27일 16시,화요일,경기도 남양주시 화도읍,중상사고,0,1,0,0,차대사람 - 횡단중,보행자보호의무위반,포장 - 건조,맑음,단일로 - 기타,승용,여,44세,상해없음,보행자,여,7세,중상
2327,2018032700100342,2018년 3월 27일 16시,화요일,경기도 파주시 금촌동,경상사고,0,0,1,0,차대사람 - 보도통행중,안전운전불이행,포장 - 건조,맑음,교차로 - 교차로안,승용,남,62세,기타불명,보행자,여,19세,경상
2328,2018032700100389,2018년 3월 27일 18시,화요일,경기도 안산시 단원구 선부동,경상사고,0,0,1,0,차대사람 - 차도통행중,안전운전불이행,포장 - 건조,맑음,기타 - 기타,승용,남,25세,상해없음,보행자,여,11세,경상
2329,2018032700100409,2018년 3월 27일 19시,화요일,경기도 성남시 수정구 창곡동,경상사고,0,0,1,0,차대사람 - 기타,안전운전불이행,포장 - 건조,맑음,단일로 - 기타,기타불명,기타불명,미분류,기타불명,보행자,여,52세,경상
2330,2018032700100449,2018년 3월 27일 20시,화요일,경기도 평택시 포승읍,중상사고,0,1,1,0,차대사람 - 횡단중,교차로운행방법위반,포장 - 건조,맑음,교차로 - 교차로안,승용,남,27세,상해없음,보행자,남,46세,경상
2331,2018032700100467,2018년 3월 27일 20시,화요일,경기도 구리시 인창동,중상사고,0,1,0,0,차대사람 - 기타,안전운전불이행,포장 - 건조,맑음,단일로 - 기타,자전거,남,40세,상해없음,보행자,남,62세,중상
2332,2018032700100477,2018년 3월 27일 21시,화요일,경기도 수원시 권선구 금곡동,중상사고,0,1,0,0,차대사람 - 차도통행중,안전운전불이행,포장 - 건조,맑음,교차로 - 교차로안,승용,남,54세,상해없음,보행자,여,80세,중상
2333,2018032700100495,2018년 3월 27일 21시,화요일,경기도 남양주시 와부읍,경상사고,0,0,1,0,차대사람 - 기타,안전운전불이행,포장 - 건조,맑음,기타 - 기타,승용,남,73세,상해없음,보행자,여,58세,경상
2334,2018032700100496,2018년 3월 27일 21시,화요일,경기도 양주시 덕정동,경상사고,0,0,1,0,차대사람 - 차도통행중,안전운전불이행,포장 - 건조,맑음,단일로 - 기타,승합,남,66세,상해없음,보행자,남,63세,경상
2335,2018032700100536,2018년 3월 27일 23시,화요일,경기도 남양주시 삼패동,사망사고,1,0,0,0,차대사람 - 횡단중,안전운전불이행,포장 - 건조,맑음,교차로 - 교차로안,승용,남,79세,상해없음,보행자,남,54세,사망
2336,2018032800100015,2018년 3월 28일 01시,수요일,경기도 광명시 철산동,경상사고,0,0,1,0,차대사람 - 기타,안전운전불이행,포장 - 건조,맑음,단일로 - 기타,승용,남,66세,상해없음,보행자,남,41세,경상
2337,2018032800100069,2018년 3월 28일 07시,수요일,경기도 용인시 수지구 죽전동,경상사고,0,0,1,0,차대사람 - 횡단중,신호위반,포장 - 건조,맑음,교차로 - 교차로횡단보도내,승용,남,26세,상해없음,보행자,여,14세,경상
2338,2018032800100100,2018년 3월 28일 08시,수요일,경기도 김포시 양촌읍,중상사고,0,1,0,0,차대사람 - 횡단중,신호위반,포장 - 건조,맑음,교차로 - 교차로안,승용,여,45세,상해없음,보행자,여,51세,중상
2339,2018032800100121,2018년 3월 28일 08시,수요일,경기도 남양주시 호평동,경상사고,0,0,1,0,차대사람 - 횡단중,보행자보호의무위반,포장 - 건조,맑음,교차로 - 교차로횡단보도내,기타불명,기타불명,미분류,기타불명,보행자,남,13세,상해없음
2340,2018032800100123,2018년 3월 28일 08시,수요일,경기도 고양시 일산서구 탄현동,중상사고,0,1,0,0,차대사람 - 횡단중,신호위반,포장 - 건조,맑음,교차로 - 교차로횡단보도내,승용,여,55세,상해없음,보행자,여,9세,중상
2341,2018032800100127,2018년 3월 28일 09시,수요일,경기도 안양시 동안구 평촌동,경상사고,0,0,1,0,차대사람 - 횡단중,보행자보호의무위반,포장 - 건조,맑음,교차로 - 교차로횡단보도내,승용,여,39세,상해없음,보행자,여,72세,경상
2342,2018032800100130,2018년 3월 28일 09시,수요일,경기도 의왕시 오전동,중상사고,0,1,0,0,차대사람 - 기타,안전운전불이행,포장 - 건조,맑음,단일로 - 기타,화물,남,56세,상해없음,보행자,남,67세,중상
2343,2018032800100162,2018년 3월 28일 10시,수요일,경기도 수원시 팔달구 지동,중상사고,0,1,0,0,차대사람 - 횡단중,중앙선침범,포장 - 건조,맑음,단일로 - 기타,승용,여,27세,상해없음,보행자,여,79세,중상
2344,2018032800100163,2018년 3월 28일 10시,수요일,경기도 용인시 처인구 이동읍,중상사고,0,1,0,0,차대사람 - 횡단중,안전운전불이행,포장 - 건조,맑음,단일로 - 기타,화물,남,59세,상해없음,보행자,여,75세,중상
2345,2018032800100164,2018년 3월 28일 10시,수요일,경기도 부천시 중동,경상사고,0,0,1,0,차대사람 - 기타,안전운전불이행,포장 - 건조,맑음,미분류 - 미분류,자전거,여,60세,상해없음,보행자,여,63세,경상
2346,2018032800100191,2018년 3월 28일 11시,수요일,경기도 성남시 수정구 복정동,경상사고,0,0,1,0,차대사람 - 기타,안전운전불이행,포장 - 건조,맑음,단일로 - 기타,승용,남,36세,상해없음,보행자,남,25세,경상
2347,2018032800100204,2018년 3월 28일 11시,수요일,경기도 고양시 덕양구 토당동,경상사고,0,0,1,0,차대사람 - 차도통행중,안전운전불이행,포장 - 건조,맑음,단일로 - 기타,승용,여,60세,상해없음,보행자,여,41세,경상
2348,2018032800100225,2018년 3월 28일 12시,수요일,경기도 고양시 덕양구 행주내동,경상사고,0,0,1,0,차대사람 - 횡단중,안전운전불이행,포장 - 건조,맑음,단일로 - 기타,승용,남,65세,상해없음,보행자,남,25세,경상
2349,2018032800100248,2018년 3월 28일 13시,수요일,경기도 수원시 팔달구 인계동,중상사고,0,1,0,0,차대사람 - 횡단중,신호위반,포장 - 건조,맑음,단일로 - 기타,승용,남,62세,상해없음,보행자,여,26세,중상
2350,2018032800100282,2018년 3월 28일 14시,수요일,경기도 평택시 서정동,부상신고사고,0,0,0,1,차대사람 - 기타,안전운전불이행,포장 - 건조,맑음,단일로 - 기타,화물,남,57세,상해없음,보행자,여,54세,부상신고
2351,2018032800100283,2018년 3월 28일 14시,수요일,경기도 안양시 동안구 비산동,경상사고,0,0,1,0,차대사람 - 기타,보행자보호의무위반,포장 - 건조,맑음,교차로 - 교차로횡단보도내,승합,여,50세,상해없음,보행자,여,56세,경상
2352,2018032800100284,2018년 3월 28일 14시,수요일,경기도 부천시 괴안동,경상사고,0,0,1,0,차대사람 - 기타,안전운전불이행,포장 - 건조,맑음,단일로 - 기타,승용,남,34세,상해없음,보행자,여,79세,경상
2353,2018032800100287,2018년 3월 28일 14시,수요일,경기도 수원시 권선구 서둔동,중상사고,0,1,0,0,차대사람 - 횡단중,안전운전불이행,포장 - 건조,맑음,단일로 - 기타,승용,남,40세,상해없음,보행자,남,6세,중상
2354,2018032800100310,2018년 3월 28일 14시,수요일,경기도 동두천시 지행동,경상사고,0,0,1,0,차대사람 - 차도통행중,안전운전불이행,포장 - 건조,맑음,단일로 - 기타,승용,남,26세,상해없음,보행자,여,31세,경상
2355,2018032800100324,2018년 3월 28일 15시,수요일,경기도 화성시 팔탄면,사망사고,1,0,0,0,차대사람 - 기타,안전운전불이행,포장 - 건조,맑음,교차로 - 교차로부근,건설기계,남,62세,상해없음,보행자,여,63세,사망
2356,2018032800100347,2018년 3월 28일 15시,수요일,경기도 고양시 일산서구 덕이동,중상사고,0,1,0,0,차대사람 - 횡단중,안전운전불이행,포장 - 건조,맑음,교차로 - 교차로횡단보도내,화물,남,36세,상해없음,보행자,여,88세,중상
2357,2018032800100402,2018년 3월 28일 17시,수요일,경기도 평택시 지산동,경상사고,0,0,1,0,차대사람 - 기타,안전운전불이행,포장 - 건조,맑음,교차로 - 교차로안,화물,남,65세,상해없음,보행자,여,30세,경상
2358,2018032800100410,2018년 3월 28일 17시,수요일,경기도 안양시 만안구 박달동,부상신고사고,0,0,0,1,차대사람 - 기타,안전운전불이행,포장 - 건조,맑음,교차로 - 교차로부근,승용,남,60세,상해없음,보행자,남,47세,부상신고
2359,2018032800100430,2018년 3월 28일 17시,수요일,경기도 고양시 덕양구 토당동,부상신고사고,0,0,0,2,차대사람 - 기타,안전운전불이행,포장 - 건조,맑음,단일로 - 기타,승용,남,71세,부상신고,보행자,남,49세,부상신고
2360,2018032800100499,2018년 3월 28일 19시,수요일,경기도 고양시 일산서구 덕이동,경상사고,0,0,2,0,차대사람 - 기타,안전운전불이행,포장 - 건조,맑음,교차로 - 교차로부근,승용,남,56세,상해없음,보행자,여,62세,경상
2361,2018032800100511,2018년 3월 28일 20시,수요일,경기도 평택시 진위면,사망사고,1,0,0,0,차대사람 - 차도통행중,안전운전불이행,포장 - 건조,맑음,단일로 - 기타,승용,남,25세,상해없음,보행자,남,22세,사망
2362,2018032800100533,2018년 3월 28일 20시,수요일,경기도 구리시 인창동,경상사고,0,0,1,0,차대사람 - 기타,안전운전불이행,포장 - 건조,맑음,교차로 - 교차로안,승용,여,49세,상해없음,보행자,여,57세,경상
2363,2018032800100535,2018년 3월 28일 20시,수요일,경기도 고양시 일산서구 대화동,경상사고,0,0,1,0,차대사람 - 횡단중,보행자보호의무위반,포장 - 건조,맑음,교차로 - 교차로횡단보도내,승용,남,25세,상해없음,보행자,남,71세,경상
2364,2018032800100537,2018년 3월 28일 21시,수요일,경기도 성남시 수정구 신흥동,중상사고,0,1,0,0,차대사람 - 기타,안전운전불이행,포장 - 건조,맑음,단일로 - 기타,승용,남,24세,상해없음,보행자,남,36세,중상
2365,2018032800100556,2018년 3월 28일 21시,수요일,경기도 의정부시 용현동,경상사고,0,0,1,0,차대사람 - 횡단중,안전운전불이행,포장 - 건조,맑음,교차로 - 교차로횡단보도내,이륜,남,24세,상해없음,보행자,남,57세,경상
2366,2018032800100587,2018년 3월 28일 23시,수요일,경기도 안양시 동안구 관양동,경상사고,0,0,1,0,차대사람 - 차도통행중,안전운전불이행,포장 - 건조,맑음,교차로 - 교차로안,기타불명,기타불명,미분류,기타불명,보행자,남,28세,경상
2367,2018032800100601,2018년 3월 28일 23시,수요일,경기도 고양시 일산동구 장항동,경상사고,0,0,1,0,차대사람 - 횡단중,안전운전불이행,포장 - 건조,맑음,교차로 - 교차로횡단보도내,승용,남,37세,상해없음,보행자,남,64세,경상
2368,2018032900100008,2018년 3월 29일 00시,목요일,경기도 부천시 중동,중상사고,0,1,2,0,차대사람 - 기타,안전운전불이행,포장 - 건조,맑음,단일로 - 기타,승용,남,45세,상해없음,보행자,남,55세,중상
2369,2018032900100018,2018년 3월 29일 00시,목요일,경기도 남양주시 도농동,부상신고사고,0,0,0,1,차대사람 - 보도통행중,안전운전불이행,포장 - 건조,맑음,교차로 - 교차로횡단보도내,화물,남,64세,상해없음,보행자,여,17세,부상신고
2370,2018032900100026,2018년 3월 29일 01시,목요일,경기도 오산시 양산동,경상사고,0,0,1,0,차대사람 - 기타,안전운전불이행,포장 - 건조,맑음,단일로 - 기타,자전거,남,43세,상해없음,보행자,여,74세,경상
2371,2018032900100059,2018년 3월 29일 05시,목요일,경기도 김포시 장기동,중상사고,0,1,0,0,차대사람 - 기타,안전운전불이행,포장 - 기타,맑음,단일로 - 기타,승용,여,60세,상해없음,보행자,여,60세,중상
2372,2018032900100102,2018년 3월 29일 08시,목요일,경기도 광주시 오포읍,경상사고,0,0,1,0,차대사람 - 보도통행중,기타,포장 - 건조,맑음,단일로 - 기타,이륜,남,35세,상해없음,보행자,남,22세,경상
2373,2018032900100103,2018년 3월 29일 08시,목요일,경기도 용인시 처인구 김량장동,경상사고,0,0,1,0,차대사람 - 기타,안전운전불이행,포장 - 건조,맑음,기타 - 기타,승합,남,38세,상해없음,보행자,남,55세,경상
2374,2018032900100167,2018년 3월 29일 09시,목요일,경기도 고양시 덕양구 주교동,중상사고,0,1,0,0,차대사람 - 길가장자리구역통행중,안전운전불이행,포장 - 건조,맑음,단일로 - 기타,승용,남,56세,상해없음,보행자,여,79세,중상
2375,2018032900100180,2018년 3월 29일 10시,목요일,경기도 성남시 수정구 태평동,중상사고,0,1,0,0,차대사람 - 기타,안전운전불이행,포장 - 건조,맑음,단일로 - 기타,승합,남,63세,상해없음,보행자,여,88세,중상
2376,2018032900100225,2018년 3월 29일 11시,목요일,경기도 남양주시 진접읍,경상사고,0,0,1,0,차대사람 - 횡단중,중앙선침범,포장 - 건조,맑음,교차로 - 교차로부근,화물,남,55세,상해없음,보행자,여,40세,경상
2377,2018032900100237,2018년 3월 29일 12시,목요일,경기도 수원시 팔달구 우만동,경상사고,0,0,1,0,차대사람 - 횡단중,안전운전불이행,포장 - 건조,맑음,단일로 - 기타,승용,남,59세,상해없음,보행자,남,24세,경상
2378,2018032900100240,2018년 3월 29일 12시,목요일,경기도 수원시 권선구 금곡동,경상사고,0,0,1,0,차대사람 - 기타,안전운전불이행,포장 - 건조,맑음,단일로 - 기타,승용,여,32세,상해없음,보행자,여,70세,경상
2379,2018032900100259,2018년 3월 29일 13시,목요일,경기도 이천시 장호원읍,경상사고,0,0,1,0,차대사람 - 기타,안전운전불이행,포장 - 건조,맑음,단일로 - 기타,화물,남,82세,상해없음,보행자,남,66세,경상
2380,2018032900100261,2018년 3월 29일 13시,목요일,경기도 성남시 중원구 중앙동,경상사고,0,0,1,0,차대사람 - 길가장자리구역통행중,안전운전불이행,포장 - 건조,맑음,단일로 - 기타,승용,남,44세,상해없음,보행자,남,51세,경상
2381,2018032900100264,2018년 3월 29일 13시,목요일,경기도 화성시 향남읍,경상사고,0,0,1,0,차대사람 - 차도통행중,안전운전불이행,포장 - 건조,맑음,단일로 - 기타,승용,여,42세,상해없음,보행자,남,8세,경상
2382,2018032900100358,2018년 3월 29일 16시,목요일,경기도 안성시 죽산면,중상사고,0,1,0,0,차대사람 - 보도통행중,보행자보호의무위반,포장 - 건조,맑음,교차로 - 교차로횡단보도내,승용,여,46세,상해없음,보행자,여,83세,중상
2383,2018032900100434,2018년 3월 29일 18시,목요일,경기도 안성시 공도읍,중상사고,0,1,0,0,차대사람 - 기타,안전운전불이행,포장 - 건조,맑음,단일로 - 기타,승용,남,43세,상해없음,보행자,남,60세,중상
2384,2018032900100439,2018년 3월 29일 18시,목요일,경기도 화성시 향남읍,경상사고,0,0,1,0,차대사람 - 보도통행중,안전운전불이행,포장 - 건조,맑음,기타 - 기타,화물,남,57세,상해없음,보행자,남,17세,경상
2385,2018032900100508,2018년 3월 29일 20시,목요일,경기도 성남시 수정구 태평동,경상사고,0,0,1,0,차대사람 - 기타,안전운전불이행,포장 - 건조,맑음,단일로 - 기타,화물,남,63세,상해없음,보행자,남,53세,경상