,사고번호,사고일시,요일,시군구,사고내용,사망자수,중상자수,경상자수,부상신고자수,사고유형,법규위반,노면상태,기상상태,도로형태,가해운전자 차종,가해운전자 성별,가해운전자 연령,가해운전자 상해정도,피해운전자 차종,피해운전자 성별,피해운전자 연령,피해운전자 상해정도
2386,2018032900100511,2018년 3월 29일 20시,목요일,경기도 평택시 칠괴동,경상사고,0,0,1,0,차대사람 - 기타,안전운전불이행,포장 - 건조,맑음,단일로 - 기타,승용,남,56세,상해없음,보행자,남,56세,경상
2387,2018032900100512,2018년 3월 29일 20시,목요일,경기도 이천시 창전동,경상사고,0,0,1,0,차대사람 - 기타,안전운전불이행,포장 - 건조,맑음,단일로 - 기타,승용,여,50세,상해없음,보행자,남,47세,경상
2388,2018032900100532,2018년 3월 29일 20시,목요일,경기도 고양시 일산동구 마두동,경상사고,0,0,1,0,차대사람 - 차도통행중,안전운전불이행,포장 - 건조,맑음,단일로 - 기타,승용,남,67세,상해없음,보행자,남,41세,경상
2389,2018032900100602,2018년 3월 29일 22시,목요일,경기도 구리시 수택동,경상사고,0,0,1,0,차대사람 - 기타,안전운전불이행,포장 - 건조,맑음,단일로 - 기타,승용,남,50세,상해없음,보행자,여,68세,경상
2390,2018032900100612,2018년 3월 29일 23시,목요일,경기도 안양시 동안구 호계동,경상사고,0,0,1,0,차대사람 - 기타,안전운전불이행,포장 - 건조,맑음,주차장 - 주차장,승용,남,54세,상해없음,보행자,남,24세,경상
2391,2018033000100065,2018년 3월 30일 05시,금요일,경기도 부천시 중동,중상사고,0,1,0,0,차대사람 - 길가장자리구역통행중,신호위반,포장 - 건조,맑음,단일로 - 기타,기타불명,기타불명,미분류,기타불명,보행자,남,58세,중상
2392,2018033000100069,2018년 3월 30일 05시,금요일,경기도 남양주시 금곡동,중상사고,0,1,0,0,차대사람 - 기타,신호위반,포장 - 건조,맑음,교차로 - 교차로안,승용,남,49세,상해없음,보행자,여,64세,중상
2393,2018033000100083,2018년 3월 30일 07시,금요일,경기도 평택시 합정동,중상사고,0,1,0,0,차대사람 - 횡단중,보행자보호의무위반,포장 - 건조,맑음,교차로 - 교차로횡단보도내,화물,남,65세,상해없음,보행자,여,70세,중상
2394,2018033000100116,2018년 3월 30일 08시,금요일,경기도 안산시 상록구 본오동,중상사고,0,1,0,0,차대사람 - 기타,안전운전불이행,포장 - 건조,맑음,단일로 - 기타,화물,남,57세,상해없음,보행자,여,29세,중상
2395,2018033000100148,2018년 3월 30일 09시,금요일,경기도 수원시 팔달구 교동,중상사고,0,1,0,0,차대사람 - 횡단중,안전운전불이행,포장 - 건조,맑음,단일로 - 기타,승용,남,63세,상해없음,보행자,여,71세,중상
2396,2018033000100172,2018년 3월 30일 10시,금요일,경기도 부천시 심곡동,중상사고,0,1,0,0,차대사람 - 횡단중,보행자보호의무위반,포장 - 건조,맑음,단일로 - 기타,승용,남,65세,상해없음,보행자,여,59세,중상
2397,2018033000100173,2018년 3월 30일 10시,금요일,경기도 성남시 중원구 성남동,중상사고,0,1,0,0,차대사람 - 기타,안전운전불이행,포장 - 건조,맑음,교차로 - 교차로부근,화물,남,54세,상해없음,보행자,남,77세,중상
2398,2018033000100204,2018년 3월 30일 11시,금요일,경기도 수원시 장안구 영화동,경상사고,0,0,1,0,차대사람 - 횡단중,신호위반,포장 - 건조,맑음,교차로 - 교차로횡단보도내,승용,남,51세,상해없음,보행자,남,38세,경상
2399,2018033000100252,2018년 3월 30일 12시,금요일,경기도 고양시 일산동구 장항동,경상사고,0,0,1,0,차대사람 - 횡단중,안전운전불이행,포장 - 건조,맑음,교차로 - 교차로부근,승용,여,56세,상해없음,보행자,여,58세,경상
2400,2018033000100263,2018년 3월 30일 13시,금요일,경기도 성남시 분당구 정자동,경상사고,0,0,1,1,차대사람 - 차도통행중,안전운전불이행,포장 - 건조,맑음,단일로 - 기타,이륜,남,47세,경상,보행자,남,58세,부상신고
2401,2018033000100304,2018년 3월 30일 14시,금요일,경기도 과천시 주암동,부상신고사고,0,0,0,1,차대사람 - 길가장자리구역통행중,안전운전불이행,포장 - 건조,맑음,단일로 - 기타,승용,여,63세,상해없음,보행자,여,26세,부상신고
2402,2018033000100305,2018년 3월 30일 14시,금요일,경기도 군포시 산본동,중상사고,0,1,0,0,차대사람 - 기타,안전운전불이행,포장 - 건조,맑음,단일로 - 기타,화물,남,60세,상해없음,보행자,여,71세,중상
2403,2018033000100336,2018년 3월 30일 15시,금요일,경기도 성남시 중원구 상대원동,부상신고사고,0,0,0,1,차대사람 - 횡단중,안전운전불이행,포장 - 건조,맑음,교차로 - 교차로안,승용,여,37세,상해없음,보행자,남,9세,부상신고
2404,2018033000100369,2018년 3월 30일 16시,금요일,경기도 평택시 이충동,경상사고,0,0,1,0,차대사람 - 횡단중,보행자보호의무위반,포장 - 건조,맑음,교차로 - 교차로횡단보도내,이륜,남,19세,상해없음,보행자,여,45세,경상
2405,2018033000100371,2018년 3월 30일 16시,금요일,경기도 화성시 병점동,중상사고,0,1,0,0,차대사람 - 횡단중,보행자보호의무위반,포장 - 건조,맑음,교차로 - 교차로횡단보도내,승용,여,32세,상해없음,보행자,여,6세,중상
2406,2018033000100372,2018년 3월 30일 16시,금요일,경기도 화성시 청계동,경상사고,0,0,1,0,차대사람 - 기타,기타,포장 - 건조,맑음,교차로 - 교차로부근,자전거,남,8세,기타불명,보행자,여,5세,경상
2407,2018033000100416,2018년 3월 30일 17시,금요일,경기도 안양시 동안구 비산동,경상사고,0,0,1,0,차대사람 - 기타,기타,포장 - 건조,맑음,단일로 - 기타,승합,남,36세,상해없음,보행자,여,64세,경상
2408,2018033000100447,2018년 3월 30일 17시,금요일,경기도 의정부시 민락동,부상신고사고,0,0,0,1,차대사람 - 횡단중,중앙선침범,포장 - 건조,맑음,단일로 - 기타,승합,남,62세,상해없음,보행자,여,20세,부상신고
2409,2018033000100448,2018년 3월 30일 17시,금요일,경기도 남양주시 평내동,경상사고,0,0,2,0,차대사람 - 횡단중,안전운전불이행,포장 - 건조,맑음,단일로 - 기타,승용,여,47세,상해없음,보행자,여,37세,경상
2410,2018033000100449,2018년 3월 30일 17시,금요일,경기도 양주시 삼숭동,부상신고사고,0,0,0,1,차대사람 - 기타,기타,포장 - 건조,맑음,단일로 - 기타,승합,남,39세,기타불명,보행자,남,66세,부상신고
2411,2018033000100460,2018년 3월 30일 18시,금요일,경기도 평택시 서정동,부상신고사고,0,0,0,1,차대사람 - 보도통행중,기타,포장 - 건조,맑음,단일로 - 기타,이륜,남,46세,상해없음,보행자,남,39세,부상신고
2412,2018033000100461,2018년 3월 30일 18시,금요일,경기도 평택시 이충동,경상사고,0,0,1,0,차대사람 - 횡단중,보행자보호의무위반,포장 - 건조,맑음,교차로 - 교차로부근,승용,여,56세,상해없음,보행자,남,63세,경상
2413,2018033000100462,2018년 3월 30일 18시,금요일,경기도 이천시 부발읍,중상사고,0,1,0,0,차대사람 - 횡단중,보행자보호의무위반,포장 - 건조,맑음,교차로 - 교차로부근,승합,남,42세,상해없음,보행자,남,10세,중상
2414,2018033000100463,2018년 3월 30일 18시,금요일,경기도 광주시 탄벌동,경상사고,0,0,1,0,차대사람 - 횡단중,보행자보호의무위반,포장 - 건조,맑음,교차로 - 교차로안,승용,여,53세,상해없음,보행자,여,9세,경상
2415,2018033000100469,2018년 3월 30일 18시,금요일,경기도 부천시 중동,경상사고,0,0,1,0,차대사람 - 횡단중,보행자보호의무위반,포장 - 건조,맑음,교차로 - 교차로부근,화물,남,37세,상해없음,보행자,남,11세,경상
2416,2018033000100501,2018년 3월 30일 18시,금요일,경기도 고양시 일산동구 중산동,경상사고,0,0,1,0,차대사람 - 횡단중,보행자보호의무위반,포장 - 건조,맑음,교차로 - 교차로횡단보도내,승합,여,49세,상해없음,보행자,여,44세,경상
2417,2018033000100511,2018년 3월 30일 19시,금요일,경기도 수원시 영통구 영통동,중상사고,0,1,0,0,차대사람 - 횡단중,안전운전불이행,포장 - 건조,맑음,교차로 - 교차로횡단보도내,승합,남,49세,상해없음,보행자,남,44세,중상
2418,2018033000100550,2018년 3월 30일 20시,금요일,경기도 광주시 곤지암읍,중상사고,0,1,0,0,차대사람 - 횡단중,보행자보호의무위반,포장 - 건조,맑음,교차로 - 교차로안,승용,여,64세,상해없음,보행자,여,65세,중상
2419,2018033000100586,2018년 3월 30일 21시,금요일,경기도 김포시 사우동,경상사고,0,0,1,0,차대사람 - 기타,안전운전불이행,포장 - 건조,맑음,기타 - 기타,승합,남,65세,상해없음,보행자,여,48세,경상
2420,2018033000100638,2018년 3월 30일 23시,금요일,경기도 평택시 안중읍,중상사고,0,1,0,0,차대사람 - 횡단중,안전운전불이행,포장 - 건조,맑음,단일로 - 기타,승용,여,56세,상해없음,보행자,남,25세,중상
2421,2018033000100652,2018년 3월 30일 23시,금요일,경기도 포천시 설운동,사망사고,1,0,0,0,차대사람 - 횡단중,안전운전불이행,포장 - 건조,맑음,단일로 - 기타,화물,남,60세,상해없음,보행자,여,80세,사망
2422,2018033100100011,2018년 3월 31일 00시,토요일,경기도 부천시 심곡동,경상사고,0,0,1,0,차대사람 - 횡단중,안전운전불이행,포장 - 건조,맑음,단일로 - 기타,승용,남,48세,상해없음,보행자,남,65세,경상
2423,2018033100100014,2018년 3월 31일 00시,토요일,경기도 부천시 원종동,경상사고,0,0,1,0,차대사람 - 횡단중,안전운전불이행,포장 - 건조,맑음,단일로 - 기타,이륜,남,19세,상해없음,보행자,남,40세,경상
2424,2018033100100113,2018년 3월 31일 08시,토요일,경기도 김포시 풍무동,중상사고,0,1,0,0,차대사람 - 기타,신호위반,포장 - 건조,맑음,교차로 - 교차로부근,이륜,남,18세,상해없음,보행자,여,73세,중상
2425,2018033100100114,2018년 3월 31일 08시,토요일,경기도 수원시 팔달구 인계동,경상사고,0,0,1,0,차대사람 - 기타,안전운전불이행,포장 - 건조,맑음,주차장 - 주차장,승용,남,25세,상해없음,보행자,남,23세,경상
2426,2018033100100133,2018년 3월 31일 09시,토요일,경기도 광주시 오포읍,중상사고,0,1,0,0,차대사람 - 횡단중,보행자보호의무위반,포장 - 건조,맑음,기타 - 기타,화물,남,45세,상해없음,보행자,남,81세,중상
2427,2018033100100134,2018년 3월 31일 09시,토요일,경기도 용인시 처인구 남사면,중상사고,0,1,0,0,차대사람 - 기타,안전운전불이행,포장 - 건조,맑음,단일로 - 기타,건설기계,남,53세,상해없음,보행자,남,33세,중상
2428,2018033100100149,2018년 3월 31일 09시,토요일,경기도 의정부시 금오동,경상사고,0,0,2,0,차대사람 - 길가장자리구역통행중,안전운전불이행,포장 - 건조,맑음,단일로 - 기타,승용,여,61세,상해없음,보행자,남,55세,경상
2429,2018033100100185,2018년 3월 31일 11시,토요일,경기도 평택시 평택동,경상사고,0,0,1,0,차대사람 - 기타,기타,포장 - 건조,맑음,교차로 - 교차로안,승용,여,62세,상해없음,보행자,남,63세,경상
2430,2018033100100237,2018년 3월 31일 12시,토요일,경기도 고양시 덕양구 행주내동,경상사고,0,0,1,0,차대사람 - 길가장자리구역통행중,안전운전불이행,포장 - 건조,맑음,단일로 - 기타,승용,여,49세,상해없음,보행자,여,5세,경상
2431,2018033100100246,2018년 3월 31일 13시,토요일,경기도 평택시 통복동,중상사고,0,1,0,0,차대사람 - 길가장자리구역통행중,안전운전불이행,포장 - 건조,맑음,단일로 - 기타,승용,남,62세,상해없음,보행자,여,57세,중상
2432,2018033100100247,2018년 3월 31일 13시,토요일,경기도 김포시 구래동,경상사고,0,0,1,0,차대사람 - 기타,안전운전불이행,포장 - 건조,맑음,단일로 - 기타,승용,남,66세,상해없음,보행자,남,54세,경상
2433,2018033100100253,2018년 3월 31일 13시,토요일,경기도 안산시 상록구 월피동,경상사고,0,0,1,0,차대사람 - 기타,안전운전불이행,포장 - 건조,맑음,교차로 - 교차로안,승용,남,26세,상해없음,보행자,여,71세,경상
2434,2018033100100319,2018년 3월 31일 14시,토요일,경기도 고양시 일산동구 백석동,경상사고,0,0,1,0,차대사람 - 기타,불법유턴,포장 - 건조,맑음,기타 - 기타,승용,남,41세,상해없음,보행자,여,52세,경상
2435,2018033100100320,2018년 3월 31일 14시,토요일,경기도 파주시 탄현면,경상사고,0,0,3,0,차대사람 - 기타,안전운전불이행,포장 - 건조,맑음,교차로 - 교차로부근,승용,남,58세,경상,보행자,남,43세,경상
2436,2018033100100333,2018년 3월 31일 15시,토요일,경기도 안양시 만안구 안양동,부상신고사고,0,0,0,1,차대사람 - 길가장자리구역통행중,안전운전불이행,포장 - 건조,맑음,단일로 - 기타,승용,남,24세,상해없음,보행자,여,49세,부상신고
2437,2018033100100396,2018년 3월 31일 16시,토요일,경기도 의정부시 의정부동,경상사고,0,0,1,0,차대사람 - 횡단중,안전운전불이행,포장 - 건조,맑음,교차로 - 교차로부근,승용,남,26세,상해없음,보행자,남,51세,경상
2438,2018033100100443,2018년 3월 31일 18시,토요일,경기도 부천시 심곡동,경상사고,0,0,1,0,차대사람 - 기타,안전운전불이행,포장 - 건조,맑음,단일로 - 기타,승용,남,32세,상해없음,보행자,남,39세,경상
2439,2018033100100444,2018년 3월 31일 18시,토요일,경기도 시흥시 대야동,경상사고,0,0,1,0,차대사람 - 기타,안전운전불이행,포장 - 건조,맑음,단일로 - 기타,승합,남,57세,상해없음,보행자,남,24세,경상
2440,2018033100100467,2018년 3월 31일 18시,토요일,경기도 파주시 야당동,중상사고,0,1,0,0,차대사람 - 기타,신호위반,포장 - 건조,맑음,교차로 - 교차로횡단보도내,이륜,남,47세,상해없음,보행자,남,5세,중상
2441,2018033100100477,2018년 3월 31일 19시,토요일,경기도 평택시 평택동,경상사고,0,0,1,0,차대사람 - 횡단중,보행자보호의무위반,포장 - 건조,흐림,단일로 - 기타,승용,여,55세,상해없음,보행자,남,17세,경상
2442,2018033100100478,2018년 3월 31일 19시,토요일,경기도 평택시 서정동,경상사고,0,0,1,0,차대사람 - 횡단중,안전운전불이행,포장 - 건조,맑음,단일로 - 기타,승용,남,34세,상해없음,보행자,남,60세,경상
2443,2018033100100482,2018년 3월 31일 19시,토요일,경기도 수원시 영통구 매탄동,경상사고,0,0,1,0,차대사람 - 기타,안전운전불이행,포장 - 건조,맑음,단일로 - 기타,승용,남,75세,상해없음,보행자,여,47세,경상
2444,2018033100100540,2018년 3월 31일 21시,토요일,경기도 김포시 통진읍,경상사고,0,0,1,0,차대사람 - 기타,안전운전불이행,포장 - 건조,맑음,기타 - 기타,승용,여,38세,상해없음,보행자,여,42세,경상
2445,2018033100100542,2018년 3월 31일 21시,토요일,경기도 수원시 팔달구 인계동,중상사고,0,1,0,0,차대사람 - 기타,기타,포장 - 건조,맑음,단일로 - 기타,승용,남,22세,상해없음,보행자,남,26세,중상
2446,2018033100100570,2018년 3월 31일 22시,토요일,경기도 안성시 공도읍,경상사고,0,0,1,0,차대사람 - 횡단중,신호위반,포장 - 건조,맑음,교차로 - 교차로안,이륜,남,17세,상해없음,보행자,여,58세,경상
2447,2018040100100010,2018년 4월 1일 00시,일요일,경기도 과천시 과천동,중상사고,0,1,0,0,차대사람 - 보도통행중,안전거리미확보,포장 - 건조,맑음,단일로 - 기타,승용,남,32세,상해없음,보행자,남,61세,중상
2448,2018040100100050,2018년 4월 1일 02시,일요일,경기도 성남시 중원구 상대원동,중상사고,0,1,1,0,차대사람 - 기타,안전운전불이행,포장 - 건조,맑음,교차로 - 교차로안,승용,남,61세,상해없음,보행자,여,19세,경상
2449,2018040100100139,2018년 4월 1일 10시,일요일,경기도 부천시 원종동,경상사고,0,0,1,0,차대사람 - 기타,안전운전불이행,포장 - 건조,맑음,교차로 - 교차로안,화물,남,46세,상해없음,보행자,여,16세,경상
2450,2018040100100153,2018년 4월 1일 10시,일요일,경기도 의정부시 민락동,중상사고,0,1,0,0,차대사람 - 횡단중,안전운전불이행,포장 - 건조,맑음,단일로 - 기타,화물,남,57세,상해없음,보행자,여,57세,중상
2451,2018040100100155,2018년 4월 1일 10시,일요일,경기도 남양주시 조안면,경상사고,0,0,1,1,차대사람 - 기타,안전운전불이행,포장 - 건조,맑음,기타 - 기타,자전거,남,49세,경상,보행자,남,5세,부상신고
2452,2018040100100163,2018년 4월 1일 11시,일요일,경기도 부천시 중동,중상사고,0,1,0,0,차대사람 - 횡단중,보행자보호의무위반,포장 - 건조,맑음,교차로 - 교차로횡단보도내,승합,남,51세,상해없음,보행자,여,51세,중상
2453,2018040100100195,2018년 4월 1일 12시,일요일,경기도 고양시 일산동구 중산동,경상사고,0,0,1,0,차대사람 - 길가장자리구역통행중,안전운전불이행,포장 - 건조,맑음,단일로 - 기타,이륜,남,16세,상해없음,보행자,여,27세,경상
2454,2018040100100205,2018년 4월 1일 13시,일요일,경기도 성남시 분당구 구미동,경상사고,0,0,1,0,차대사람 - 차도통행중,안전운전불이행,포장 - 건조,흐림,단일로 - 기타,승용,남,30세,상해없음,보행자,여,51세,경상
2455,2018040100100207,2018년 4월 1일 13시,일요일,경기도 의왕시 오전동,부상신고사고,0,0,0,1,차대사람 - 횡단중,안전운전불이행,포장 - 건조,맑음,단일로 - 기타,승용,남,61세,상해없음,보행자,남,9세,부상신고
2456,2018040100100235,2018년 4월 1일 14시,일요일,경기도 성남시 중원구 성남동,중상사고,0,1,0,0,차대사람 - 기타,안전운전불이행,포장 - 건조,맑음,단일로 - 기타,승용,남,70세,상해없음,보행자,여,53세,중상
2457,2018040100100262,2018년 4월 1일 15시,일요일,경기도 오산시 궐동,중상사고,0,1,0,0,차대사람 - 기타,기타,포장 - 건조,맑음,단일로 - 기타,승합,남,54세,상해없음,보행자,남,64세,중상
2458,2018040100100263,2018년 4월 1일 15시,일요일,경기도 시흥시 신천동,경상사고,0,0,1,0,차대사람 - 기타,안전운전불이행,포장 - 건조,맑음,교차로 - 교차로부근,승용,남,33세,상해없음,보행자,남,6세,경상
2459,2018040100100277,2018년 4월 1일 15시,일요일,경기도 파주시 광탄면,경상사고,0,0,1,0,차대사람 - 기타,안전운전불이행,포장 - 건조,맑음,단일로 - 기타,승용,기타불명,미분류,기타불명,보행자,여,69세,경상
2460,2018040100100289,2018년 4월 1일 16시,일요일,경기도 시흥시 정왕동,경상사고,0,0,1,0,차대사람 - 기타,안전운전불이행,포장 - 건조,맑음,기타 - 기타,승용,여,46세,상해없음,보행자,여,51세,경상
2461,2018040100100309,2018년 4월 1일 16시,일요일,경기도 남양주시 오남읍,중상사고,0,1,0,0,차대사람 - 기타,안전운전불이행,포장 - 건조,맑음,단일로 - 기타,승용,남,43세,상해없음,보행자,여,55세,중상
2462,2018040100100311,2018년 4월 1일 17시,일요일,경기도 수원시 장안구 조원동,경상사고,0,0,1,0,차대사람 - 기타,안전운전불이행,포장 - 건조,맑음,단일로 - 기타,승용,남,49세,상해없음,보행자,여,75세,경상
2463,2018040100100312,2018년 4월 1일 17시,일요일,경기도 이천시 관고동,중상사고,0,1,0,0,차대사람 - 기타,보행자보호의무위반,포장 - 건조,맑음,교차로 - 교차로안,화물,남,62세,상해없음,보행자,여,77세,중상
2464,2018040100100367,2018년 4월 1일 19시,일요일,경기도 수원시 권선구 권선동,경상사고,0,0,1,0,차대사람 - 기타,안전운전불이행,포장 - 건조,맑음,기타 - 기타,승용,여,70세,상해없음,보행자,남,62세,경상
2465,2018040100100370,2018년 4월 1일 19시,일요일,경기도 용인시 수지구 풍덕천동,중상사고,0,1,0,0,차대사람 - 차도통행중,안전운전불이행,포장 - 건조,맑음,교차로 - 교차로안,화물,남,43세,상해없음,보행자,남,64세,중상
2466,2018040100100396,2018년 4월 1일 20시,일요일,경기도 수원시 팔달구 영동,경상사고,0,0,1,0,차대사람 - 기타,기타,포장 - 건조,맑음,단일로 - 기타,기타불명,기타불명,미분류,기타불명,보행자,남,65세,경상
2467,2018040100100397,2018년 4월 1일 20시,일요일,경기도 평택시 서탄면,중상사고,0,1,0,0,차대사람 - 기타,안전운전불이행,포장 - 건조,맑음,단일로 - 기타,화물,남,38세,상해없음,보행자,남,85세,중상
2468,2018040100100398,2018년 4월 1일 20시,일요일,경기도 안성시 공도읍,경상사고,0,0,1,0,차대사람 - 횡단중,보행자보호의무위반,포장 - 건조,맑음,교차로 - 교차로안,승용,남,57세,상해없음,보행자,남,45세,경상
2469,2018040100100416,2018년 4월 1일 20시,일요일,경기도 남양주시 와부읍,경상사고,0,0,1,0,차대사람 - 기타,안전운전불이행,포장 - 건조,맑음,교차로 - 교차로안,승용,여,55세,상해없음,보행자,여,52세,경상
2470,2018040100100422,2018년 4월 1일 21시,일요일,경기도 부천시 송내동,부상신고사고,0,0,0,1,차대사람 - 차도통행중,기타,포장 - 건조,맑음,단일로 - 기타,화물,남,42세,상해없음,보행자,남,69세,부상신고
2471,2018040100100425,2018년 4월 1일 21시,일요일,경기도 성남시 중원구 중앙동,경상사고,0,0,1,0,차대사람 - 횡단중,안전운전불이행,포장 - 건조,맑음,단일로 - 기타,승용,남,59세,상해없음,보행자,남,51세,경상
2472,2018040100100427,2018년 4월 1일 21시,일요일,경기도 안양시 만안구 안양동,경상사고,0,0,1,0,차대사람 - 기타,보행자보호의무위반,포장 - 건조,맑음,교차로 - 교차로횡단보도내,승용,남,50세,상해없음,보행자,남,59세,경상
2473,2018040200100049,2018년 4월 2일 05시,월요일,경기도 파주시 문산읍,사망사고,1,0,0,0,차대사람 - 횡단중,안전운전불이행,포장 - 건조,맑음,단일로 - 기타,승용,남,64세,상해없음,보행자,남,83세,사망
2474,2018040200100064,2018년 4월 2일 06시,월요일,경기도 포천시 어룡동,중상사고,0,1,0,0,차대사람 - 보도통행중,신호위반,포장 - 건조,맑음,교차로 - 교차로안,승용,남,64세,상해없음,보행자,여,44세,중상
2475,2018040200100073,2018년 4월 2일 07시,월요일,경기도 광주시 역동,경상사고,0,0,1,0,차대사람 - 횡단중,안전운전불이행,포장 - 건조,맑음,단일로 - 기타,화물,남,41세,상해없음,보행자,남,29세,경상
2476,2018040200100180,2018년 4월 2일 10시,월요일,경기도 성남시 분당구 이매동,경상사고,0,0,1,0,차대사람 - 기타,신호위반,포장 - 건조,맑음,단일로 - 기타,승용,남,74세,상해없음,보행자,여,55세,경상
2477,2018040200100209,2018년 4월 2일 11시,월요일,경기도 성남시 중원구 금광동,경상사고,0,0,1,0,차대사람 - 횡단중,안전운전불이행,포장 - 건조,맑음,단일로 - 기타,이륜,남,69세,상해없음,보행자,여,19세,경상
2478,2018040200100236,2018년 4월 2일 12시,월요일,경기도 수원시 장안구 정자동,경상사고,0,0,1,0,차대사람 - 보도통행중,기타,포장 - 건조,맑음,기타 - 기타,승용,남,62세,상해없음,보행자,여,23세,경상
2479,2018040200100262,2018년 4월 2일 13시,월요일,경기도 안양시 동안구 관양동,경상사고,0,0,1,0,차대사람 - 기타,안전운전불이행,포장 - 건조,맑음,단일로 - 기타,승용,남,56세,상해없음,보행자,여,24세,경상
2480,2018040200100298,2018년 4월 2일 14시,월요일,경기도 화성시 병점동,경상사고,0,0,1,0,차대사람 - 기타,안전운전불이행,포장 - 건조,맑음,교차로 - 교차로부근,승용,남,67세,상해없음,보행자,남,62세,경상
2481,2018040200100332,2018년 4월 2일 15시,월요일,경기도 안양시 동안구 비산동,부상신고사고,0,0,0,1,차대사람 - 기타,불법유턴,포장 - 건조,맑음,단일로 - 기타,기타불명,남,미분류,기타불명,보행자,남,81세,부상신고
2482,2018040200100336,2018년 4월 2일 15시,월요일,경기도 화성시 석우동,중상사고,0,1,0,0,차대사람 - 기타,기타,포장 - 건조,맑음,단일로 - 기타,승합,남,50세,상해없음,보행자,여,61세,중상
2483,2018040200100484,2018년 4월 2일 19시,월요일,경기도 안양시 동안구 평촌동,중상사고,0,1,0,0,차대사람 - 횡단중,보행자보호의무위반,포장 - 건조,맑음,교차로 - 교차로부근,승용,남,57세,상해없음,보행자,여,50세,중상
2484,2018040200100558,2018년 4월 2일 21시,월요일,경기도 안산시 단원구 선감동,사망사고,1,0,0,0,차대사람 - 횡단중,안전운전불이행,포장 - 건조,맑음,단일로 - 기타,승합,남,55세,상해없음,보행자,여,62세,사망
2485,2018040200100559,2018년 4월 2일 21시,월요일,경기도 하남시 망월동,경상사고,0,0,1,0,차대사람 - 횡단중,보행자보호의무위반,포장 - 건조,맑음,교차로 - 교차로횡단보도내,승용,여,48세,상해없음,보행자,남,22세,경상
2486,2018040200100571,2018년 4월 2일 21시,월요일,경기도 고양시 일산동구 중산동,경상사고,0,0,1,0,차대사람 - 기타,안전운전불이행,포장 - 건조,맑음,단일로 - 기타,승용,남,49세,상해없음,보행자,여,48세,경상
2487,2018040200100585,2018년 4월 2일 22시,월요일,경기도 부천시 소사본동,경상사고,0,0,1,0,차대사람 - 횡단중,보행자보호의무위반,포장 - 건조,맑음,교차로 - 교차로안,승합,남,55세,상해없음,보행자,남,53세,경상
2488,2018040200100605,2018년 4월 2일 23시,월요일,경기도 수원시 권선구 곡반정동,경상사고,0,0,1,0,차대사람 - 기타,안전운전불이행,포장 - 건조,맑음,단일로 - 기타,화물,남,35세,상해없음,보행자,남,39세,경상
2489,2018040200100616,2018년 4월 2일 23시,월요일,경기도 남양주시 금곡동,중상사고,0,1,0,0,차대사람 - 기타,안전운전불이행,포장 - 건조,맑음,단일로 - 기타,승용,남,65세,상해없음,보행자,남,47세,중상
2490,2018040300100009,2018년 4월 3일 00시,화요일,경기도 성남시 중원구 금광동,경상사고,0,0,1,0,차대사람 - 횡단중,신호위반,포장 - 건조,맑음,교차로 - 교차로안,승용,남,64세,상해없음,보행자,여,16세,경상
2491,2018040300100021,2018년 4월 3일 01시,화요일,경기도 화성시 진안동,경상사고,0,0,1,0,차대사람 - 횡단중,안전운전불이행,포장 - 건조,맑음,교차로 - 교차로안,승용,남,62세,상해없음,보행자,남,48세,경상
2492,2018040300100022,2018년 4월 3일 01시,화요일,경기도 수원시 팔달구 매산로1가,중상사고,0,1,0,0,차대사람 - 횡단중,안전운전불이행,포장 - 건조,맑음,단일로 - 기타,승용,남,61세,상해없음,보행자,여,29세,중상
2493,2018040300100057,2018년 4월 3일 06시,화요일,경기도 광주시 삼동,경상사고,0,0,1,0,차대사람 - 횡단중,보행자보호의무위반,포장 - 건조,맑음,교차로 - 교차로안,화물,남,47세,상해없음,보행자,여,73세,경상
2494,2018040300100093,2018년 4월 3일 07시,화요일,경기도 파주시 야당동,경상사고,0,0,1,0,차대사람 - 기타,안전운전불이행,포장 - 건조,맑음,기타 - 기타,자전거,남,15세,상해없음,보행자,여,53세,경상
2495,2018040300100101,2018년 4월 3일 08시,화요일,경기도 용인시 기흥구 상하동,부상신고사고,0,0,0,1,차대사람 - 보도통행중,안전운전불이행,포장 - 건조,맑음,단일로 - 기타,기타불명,기타불명,미분류,기타불명,보행자,여,21세,부상신고
2496,2018040300100146,2018년 4월 3일 09시,화요일,경기도 용인시 처인구 유방동,중상사고,0,1,0,0,차대사람 - 길가장자리구역통행중,안전운전불이행,포장 - 건조,맑음,단일로 - 기타,승용,여,51세,상해없음,보행자,여,85세,중상
2497,2018040300100176,2018년 4월 3일 10시,화요일,경기도 평택시 비전동,중상사고,0,1,0,0,차대사람 - 차도통행중,안전운전불이행,포장 - 건조,맑음,교차로 - 교차로안,승용,남,61세,상해없음,보행자,남,78세,중상
2498,2018040300100177,2018년 4월 3일 10시,화요일,경기도 안산시 단원구 고잔동,경상사고,0,0,1,0,차대사람 - 기타,안전운전불이행,포장 - 건조,맑음,단일로 - 기타,자전거,남,72세,상해없음,보행자,여,51세,경상
2499,2018040300100185,2018년 4월 3일 10시,화요일,경기도 고양시 덕양구 성사동,중상사고,0,1,0,0,차대사람 - 차도통행중,보행자보호의무위반,포장 - 건조,맑음,단일로 - 기타,승용,여,32세,상해없음,보행자,여,78세,중상