,사고번호,사고일시,요일,시군구,사고내용,사망자수,중상자수,경상자수,부상신고자수,사고유형,법규위반,노면상태,기상상태,도로형태,가해운전자 차종,가해운전자 성별,가해운전자 연령,가해운전자 상해정도,피해운전자 차종,피해운전자 성별,피해운전자 연령,피해운전자 상해정도
2727,2018041000100526,2018년 4월 10일 20시,화요일,경기도 용인시 수지구 풍덕천동,중상사고,0,1,0,0,차대사람 - 차도통행중,안전운전불이행,포장 - 건조,맑음,교차로 - 교차로안,승합,남,48세,상해없음,보행자,남,50세,중상
2728,2018041000100544,2018년 4월 10일 20시,화요일,경기도 남양주시 화도읍,경상사고,0,0,1,0,차대사람 - 횡단중,안전운전불이행,포장 - 젖음/습기,비,교차로 - 교차로부근,승용,남,62세,상해없음,보행자,여,72세,경상
2729,2018041000100546,2018년 4월 10일 20시,화요일,경기도 동두천시 송내동,중상사고,0,1,0,0,차대사람 - 기타,안전운전불이행,포장 - 젖음/습기,맑음,주차장 - 주차장,승용,남,34세,상해없음,보행자,남,47세,중상
2730,2018041000100548,2018년 4월 10일 20시,화요일,경기도 고양시 일산서구 일산동,경상사고,0,0,1,0,차대사람 - 횡단중,신호위반,포장 - 젖음/습기,비,교차로 - 교차로안,승용,남,42세,상해없음,보행자,여,43세,경상
2731,2018041000100565,2018년 4월 10일 21시,화요일,경기도 광주시 초월읍,경상사고,0,0,1,0,차대사람 - 기타,안전운전불이행,포장 - 젖음/습기,비,교차로 - 교차로안,승용,여,35세,상해없음,보행자,남,52세,경상
2732,2018041000100590,2018년 4월 10일 21시,화요일,경기도 파주시 금촌동,중상사고,0,1,0,0,차대사람 - 횡단중,신호위반,포장 - 건조,맑음,교차로 - 교차로횡단보도내,화물,남,36세,상해없음,보행자,남,31세,중상
2733,2018041000100607,2018년 4월 10일 22시,화요일,경기도 수원시 영통구 영통동,경상사고,0,0,1,0,차대사람 - 횡단중,보행자보호의무위반,포장 - 젖음/습기,맑음,교차로 - 교차로횡단보도내,승용,남,58세,상해없음,보행자,남,36세,경상
2734,2018041000100608,2018년 4월 10일 22시,화요일,경기도 수원시 권선구 세류동,경상사고,0,0,1,0,차대사람 - 횡단중,보행자보호의무위반,포장 - 젖음/습기,비,교차로 - 교차로횡단보도내,승용,남,56세,상해없음,보행자,남,22세,경상
2735,2018041000100610,2018년 4월 10일 22시,화요일,경기도 성남시 중원구 중앙동,경상사고,0,0,1,0,차대사람 - 보도통행중,보행자보호의무위반,포장 - 젖음/습기,비,교차로 - 교차로부근,승합,남,43세,상해없음,보행자,여,37세,경상
2736,2018041000100611,2018년 4월 10일 22시,화요일,경기도 성남시 분당구 동원동,중상사고,0,1,0,0,차대사람 - 횡단중,안전운전불이행,포장 - 젖음/습기,비,기타 - 기타,승용,남,48세,상해없음,보행자,남,22세,중상
2737,2018041000100614,2018년 4월 10일 22시,화요일,경기도 화성시 봉담읍,중상사고,0,1,0,0,차대사람 - 기타,안전운전불이행,포장 - 젖음/습기,비,단일로 - 기타,승합,남,73세,상해없음,보행자,남,50세,중상
2738,2018041000100629,2018년 4월 10일 22시,화요일,경기도 고양시 덕양구 삼송동,중상사고,0,1,0,0,차대사람 - 기타,안전운전불이행,포장 - 젖음/습기,비,단일로 - 기타,승합,남,60세,상해없음,보행자,여,45세,중상
2739,2018041000100630,2018년 4월 10일 22시,화요일,경기도 고양시 덕양구 화정동,경상사고,0,0,1,0,차대사람 - 횡단중,보행자보호의무위반,포장 - 건조,흐림,교차로 - 교차로안,승용,남,57세,상해없음,보행자,남,25세,경상
2740,2018041000100632,2018년 4월 10일 22시,화요일,경기도 포천시 내촌면,경상사고,0,0,1,0,차대사람 - 횡단중,신호위반,포장 - 젖음/습기,비,교차로 - 교차로횡단보도내,화물,남,52세,상해없음,보행자,남,19세,경상
2741,2018041000100642,2018년 4월 10일 23시,화요일,경기도 광명시 광명동,부상신고사고,0,0,0,1,차대사람 - 기타,안전운전불이행,포장 - 건조,맑음,교차로 - 교차로부근,승용,여,26세,상해없음,보행자,남,57세,부상신고
2742,2018041000100644,2018년 4월 10일 23시,화요일,경기도 안산시 상록구 이동,경상사고,0,0,1,0,차대사람 - 횡단중,보행자보호의무위반,포장 - 젖음/습기,흐림,단일로 - 기타,승용,남,45세,상해없음,보행자,남,37세,경상
2743,2018041100100005,2018년 4월 11일 00시,수요일,경기도 수원시 장안구 율전동,경상사고,0,0,1,0,차대사람 - 차도통행중,안전운전불이행,포장 - 건조,맑음,교차로 - 교차로안,승용,여,55세,상해없음,보행자,남,41세,경상
2744,2018041100100006,2018년 4월 11일 00시,수요일,경기도 성남시 수정구 신흥동,사망사고,1,0,0,0,차대사람 - 기타,안전운전불이행,포장 - 건조,맑음,단일로 - 기타,화물,남,45세,기타불명,보행자,남,62세,사망
2745,2018041100100030,2018년 4월 11일 02시,수요일,경기도 시흥시 방산동,사망사고,1,0,0,0,차대사람 - 길가장자리구역통행중,안전운전불이행,포장 - 건조,맑음,단일로 - 기타,승용,남,37세,상해없음,보행자,남,61세,사망
2746,2018041100100139,2018년 4월 11일 08시,수요일,경기도 고양시 일산서구 대화동,경상사고,0,0,1,0,차대사람 - 기타,불법유턴,포장 - 건조,맑음,단일로 - 기타,승용,남,43세,상해없음,보행자,남,18세,경상
2747,2018041100100153,2018년 4월 11일 09시,수요일,경기도 화성시 향남읍,경상사고,0,0,1,0,차대사람 - 횡단중,안전운전불이행,포장 - 건조,맑음,교차로 - 교차로부근,승용,여,67세,상해없음,보행자,남,4세,경상
2748,2018041100100179,2018년 4월 11일 10시,수요일,경기도 김포시 양촌읍,중상사고,0,1,1,1,차대사람 - 기타,안전운전불이행,포장 - 건조,맑음,교차로 - 교차로부근,건설기계,남,71세,경상,보행자,여,52세,중상
2749,2018041100100194,2018년 4월 11일 10시,수요일,경기도 남양주시 이패동,경상사고,0,0,1,0,차대사람 - 기타,안전운전불이행,포장 - 건조,맑음,주차장 - 주차장,승용,남,42세,상해없음,보행자,여,65세,경상
2750,2018041100100200,2018년 4월 11일 11시,수요일,경기도 김포시 고촌읍,중상사고,0,1,0,0,차대사람 - 보도통행중,보행자보호의무위반,포장 - 건조,맑음,교차로 - 교차로안,화물,남,51세,상해없음,보행자,여,66세,중상
2751,2018041100100222,2018년 4월 11일 11시,수요일,경기도 파주시 동패동,경상사고,0,0,1,0,차대사람 - 기타,안전운전불이행,포장 - 건조,맑음,주차장 - 주차장,승용,여,48세,상해없음,보행자,여,61세,경상
2752,2018041100100248,2018년 4월 11일 12시,수요일,경기도 남양주시 도농동,경상사고,0,0,1,0,차대사람 - 횡단중,보행자보호의무위반,포장 - 건조,맑음,교차로 - 교차로안,화물,남,24세,상해없음,보행자,남,26세,경상
2753,2018041100100260,2018년 4월 11일 13시,수요일,경기도 안성시 공도읍,경상사고,0,0,1,0,차대사람 - 기타,안전운전불이행,포장 - 건조,맑음,기타 - 기타,승용,여,58세,상해없음,보행자,남,9세,경상
2754,2018041100100282,2018년 4월 11일 13시,수요일,경기도 동두천시 상봉암동,중상사고,0,1,0,0,차대사람 - 횡단중,안전운전불이행,포장 - 건조,맑음,단일로 - 기타,화물,남,58세,상해없음,보행자,여,51세,중상
2755,2018041100100311,2018년 4월 11일 14시,수요일,경기도 가평군 청평면,경상사고,0,0,1,0,차대사람 - 기타,안전운전불이행,포장 - 건조,맑음,단일로 - 기타,자전거,남,32세,상해없음,보행자,여,66세,경상
2756,2018041100100322,2018년 4월 11일 15시,수요일,경기도 용인시 처인구 백암면,중상사고,0,1,0,0,차대사람 - 기타,안전운전불이행,포장 - 건조,맑음,주차장 - 주차장,승용,남,80세,상해없음,보행자,여,58세,중상
2757,2018041100100360,2018년 4월 11일 16시,수요일,경기도 광명시 하안동,경상사고,0,0,1,0,차대사람 - 횡단중,안전운전불이행,포장 - 건조,맑음,교차로 - 교차로횡단보도내,승용,남,56세,상해없음,보행자,남,7세,경상
2758,2018041100100386,2018년 4월 11일 16시,수요일,경기도 의정부시 의정부동,경상사고,0,0,1,0,차대사람 - 기타,중앙선침범,포장 - 건조,맑음,단일로 - 기타,자전거,남,74세,상해없음,보행자,여,60세,경상
2759,2018041100100387,2018년 4월 11일 16시,수요일,경기도 의정부시 의정부동,경상사고,0,0,1,0,차대사람 - 횡단중,신호위반,포장 - 건조,맑음,단일로 - 기타,승용,여,69세,상해없음,보행자,남,67세,경상
2760,2018041100100391,2018년 4월 11일 16시,수요일,경기도 남양주시 화도읍,경상사고,0,0,1,0,차대사람 - 차도통행중,안전운전불이행,포장 - 건조,맑음,단일로 - 지하차도(도로)내,승용,여,35세,상해없음,보행자,여,8세,경상
2761,2018041100100400,2018년 4월 11일 17시,수요일,경기도 평택시 진위면,중상사고,0,1,0,0,차대사람 - 횡단중,안전운전불이행,포장 - 건조,맑음,단일로 - 기타,화물,남,57세,상해없음,보행자,남,12세,중상
2762,2018041100100402,2018년 4월 11일 17시,수요일,경기도 화성시 기안동,경상사고,0,0,1,0,차대사람 - 횡단중,신호위반,포장 - 건조,맑음,교차로 - 교차로횡단보도내,이륜,남,17세,상해없음,보행자,여,8세,경상
2763,2018041100100404,2018년 4월 11일 17시,수요일,경기도 수원시 팔달구 인계동,중상사고,0,1,0,0,차대사람 - 횡단중,보행자보호의무위반,포장 - 건조,맑음,기타 - 기타,이륜,남,18세,상해없음,보행자,여,74세,중상
2764,2018041100100462,2018년 4월 11일 18시,수요일,경기도 군포시 금정동,중상사고,0,1,0,0,차대사람 - 기타,중앙선침범,포장 - 건조,맑음,교차로 - 교차로횡단보도내,승용,여,52세,상해없음,보행자,여,61세,중상
2765,2018041100100510,2018년 4월 11일 19시,수요일,경기도 시흥시 정왕동,경상사고,0,0,1,0,차대사람 - 기타,신호위반,포장 - 건조,맑음,단일로 - 기타,승용,여,55세,상해없음,보행자,여,7세,경상
2766,2018041100100525,2018년 4월 11일 19시,수요일,경기도 고양시 일산동구 풍동,경상사고,0,0,1,0,차대사람 - 기타,안전운전불이행,포장 - 건조,맑음,기타 - 기타,승용,여,48세,상해없음,보행자,여,17세,경상
2767,2018041100100563,2018년 4월 11일 21시,수요일,경기도 평택시 서정동,중상사고,0,1,0,0,차대사람 - 횡단중,보행자보호의무위반,포장 - 건조,맑음,교차로 - 교차로안,승용,남,57세,상해없음,보행자,여,59세,중상
2768,2018041100100564,2018년 4월 11일 21시,수요일,경기도 광주시 오포읍,경상사고,0,0,1,0,차대사람 - 길가장자리구역통행중,안전운전불이행,포장 - 건조,맑음,단일로 - 기타,승용,남,43세,상해없음,보행자,남,27세,경상
2769,2018041100100575,2018년 4월 11일 21시,수요일,경기도 양주시 덕정동,경상사고,0,0,1,0,차대사람 - 기타,안전운전불이행,포장 - 건조,맑음,교차로 - 교차로부근,화물,남,61세,상해없음,보행자,남,59세,경상
2770,2018041100100582,2018년 4월 11일 22시,수요일,경기도 성남시 분당구 야탑동,중상사고,0,1,0,0,차대사람 - 기타,안전운전불이행,포장 - 건조,맑음,단일로 - 기타,승용,여,47세,상해없음,보행자,남,46세,중상
2771,2018041100100607,2018년 4월 11일 23시,수요일,경기도 성남시 분당구 수내동,경상사고,0,0,1,0,차대사람 - 기타,안전운전불이행,포장 - 건조,맑음,교차로 - 교차로횡단보도내,승용,남,60세,상해없음,보행자,남,33세,경상
2772,2018041100100620,2018년 4월 11일 23시,수요일,경기도 고양시 일산동구 장항동,중상사고,0,1,0,0,차대사람 - 횡단중,보행자보호의무위반,포장 - 건조,맑음,교차로 - 교차로횡단보도내,화물,남,46세,상해없음,보행자,여,43세,중상
2773,2018041200100019,2018년 4월 12일 01시,목요일,경기도 안산시 단원구 고잔동,경상사고,0,0,1,0,차대사람 - 기타,안전운전불이행,포장 - 건조,맑음,단일로 - 기타,승용,남,39세,상해없음,보행자,남,44세,경상
2774,2018041200100029,2018년 4월 12일 02시,목요일,경기도 광명시 노온사동,경상사고,0,0,1,0,차대사람 - 기타,안전운전불이행,포장 - 건조,맑음,단일로 - 기타,승용,남,50세,상해없음,보행자,남,59세,경상
2775,2018041200100035,2018년 4월 12일 03시,목요일,경기도 성남시 중원구 성남동,중상사고,0,1,0,0,차대사람 - 기타,보행자보호의무위반,포장 - 건조,맑음,교차로 - 교차로부근,승용,남,56세,상해없음,보행자,남,34세,중상
2776,2018041200100046,2018년 4월 12일 04시,목요일,경기도 성남시 중원구 은행동,경상사고,0,0,1,0,차대사람 - 기타,안전운전불이행,포장 - 건조,맑음,단일로 - 기타,승용,남,50세,상해없음,보행자,남,65세,경상
2777,2018041200100059,2018년 4월 12일 05시,목요일,경기도 남양주시 와부읍,중상사고,0,1,0,0,차대사람 - 길가장자리구역통행중,안전운전불이행,포장 - 건조,맑음,단일로 - 기타,화물,남,46세,상해없음,보행자,남,70세,중상
2778,2018041200100077,2018년 4월 12일 07시,목요일,경기도 용인시 처인구 마평동,경상사고,0,0,1,0,차대사람 - 횡단중,보행자보호의무위반,포장 - 건조,맑음,교차로 - 교차로횡단보도내,승용,여,47세,상해없음,보행자,남,41세,경상
2779,2018041200100097,2018년 4월 12일 07시,목요일,경기도 의정부시 녹양동,경상사고,0,0,1,0,차대사람 - 길가장자리구역통행중,안전운전불이행,포장 - 건조,맑음,교차로 - 교차로안,승용,남,46세,상해없음,보행자,남,56세,경상
2780,2018041200100116,2018년 4월 12일 08시,목요일,경기도 화성시 비봉면,경상사고,0,0,1,0,차대사람 - 기타,안전운전불이행,포장 - 건조,맑음,단일로 - 기타,승용,여,46세,상해없음,보행자,여,15세,경상
2781,2018041200100147,2018년 4월 12일 09시,목요일,경기도 화성시 병점동,경상사고,0,0,1,1,차대사람 - 횡단중,보행자보호의무위반,포장 - 건조,맑음,교차로 - 교차로횡단보도내,승용,남,40세,상해없음,보행자,여,30세,부상신고
2782,2018041200100164,2018년 4월 12일 09시,목요일,경기도 파주시 파주읍,중상사고,0,1,0,0,차대사람 - 기타,안전운전불이행,포장 - 건조,맑음,기타 - 기타,승용,남,51세,상해없음,보행자,여,81세,중상
2783,2018041200100214,2018년 4월 12일 11시,목요일,경기도 용인시 처인구 마평동,경상사고,0,0,1,0,차대사람 - 횡단중,신호위반,포장 - 건조,맑음,교차로 - 교차로안,승용,남,50세,상해없음,보행자,여,21세,경상
2784,2018041200100272,2018년 4월 12일 13시,목요일,경기도 성남시 중원구 성남동,중상사고,0,1,0,0,차대사람 - 기타,안전운전불이행,포장 - 건조,맑음,단일로 - 기타,화물,남,24세,상해없음,보행자,여,57세,중상
2785,2018041200100273,2018년 4월 12일 13시,목요일,경기도 성남시 분당구 서현동,경상사고,0,0,1,0,차대사람 - 기타,안전운전불이행,포장 - 건조,맑음,단일로 - 고가도로위,승합,남,52세,상해없음,보행자,여,66세,경상
2786,2018041200100274,2018년 4월 12일 13시,목요일,경기도 시흥시 대야동,경상사고,0,0,2,0,차대사람 - 횡단중,보행자보호의무위반,포장 - 건조,맑음,단일로 - 기타,화물,남,41세,상해없음,보행자,여,39세,경상
2787,2018041200100276,2018년 4월 12일 13시,목요일,경기도 안양시 만안구 안양동,중상사고,0,1,0,0,차대사람 - 횡단중,안전운전불이행,포장 - 건조,맑음,단일로 - 기타,승용,남,64세,상해없음,보행자,여,65세,중상
2788,2018041200100305,2018년 4월 12일 14시,목요일,경기도 수원시 장안구 송죽동,경상사고,0,0,1,0,차대사람 - 기타,기타,포장 - 건조,맑음,단일로 - 기타,자전거,남,17세,상해없음,보행자,남,70세,경상
2789,2018041200100306,2018년 4월 12일 14시,목요일,경기도 안양시 동안구 호계동,중상사고,0,1,0,0,차대사람 - 기타,기타,포장 - 건조,맑음,단일로 - 기타,승합,남,62세,상해없음,보행자,여,79세,중상
2790,2018041200100311,2018년 4월 12일 14시,목요일,경기도 하남시 덕풍동,부상신고사고,0,0,0,1,차대사람 - 기타,안전운전불이행,포장 - 건조,맑음,기타 - 기타,기타불명,기타불명,미분류,기타불명,보행자,남,57세,부상신고
2791,2018041200100345,2018년 4월 12일 15시,목요일,경기도 성남시 중원구 상대원동,경상사고,0,0,1,0,차대사람 - 보도통행중,보행자보호의무위반,포장 - 건조,맑음,교차로 - 교차로부근,화물,남,69세,상해없음,보행자,여,58세,경상
2792,2018041200100376,2018년 4월 12일 16시,목요일,경기도 평택시 청북읍,경상사고,0,0,1,0,차대사람 - 보도통행중,보행자보호의무위반,포장 - 건조,맑음,교차로 - 교차로횡단보도내,승용,여,45세,상해없음,보행자,남,9세,경상
2793,2018041200100383,2018년 4월 12일 16시,목요일,경기도 안산시 단원구 초지동,경상사고,0,0,1,0,차대사람 - 기타,안전운전불이행,포장 - 건조,맑음,단일로 - 기타,승용,여,55세,상해없음,보행자,남,25세,경상
2794,2018041200100386,2018년 4월 12일 16시,목요일,경기도 화성시 남양읍,경상사고,0,0,1,0,차대사람 - 횡단중,안전운전불이행,포장 - 건조,맑음,교차로 - 교차로안,승용,여,51세,상해없음,보행자,남,7세,경상
2795,2018041200100408,2018년 4월 12일 16시,목요일,경기도 파주시 문산읍,중상사고,0,1,0,0,차대사람 - 기타,신호위반,포장 - 건조,맑음,교차로 - 교차로횡단보도내,승용,남,62세,상해없음,보행자,남,10세,중상
2796,2018041200100464,2018년 4월 12일 18시,목요일,경기도 수원시 장안구 영화동,중상사고,0,1,0,0,차대사람 - 횡단중,안전운전불이행,포장 - 건조,맑음,교차로 - 교차로안,승용,여,61세,상해없음,보행자,여,83세,중상
2797,2018041200100466,2018년 4월 12일 18시,목요일,경기도 부천시 원미동,경상사고,0,0,1,0,차대사람 - 기타,안전운전불이행,포장 - 건조,맑음,교차로 - 교차로안,승용,남,34세,상해없음,보행자,여,10세,경상
2798,2018041200100470,2018년 4월 12일 18시,목요일,경기도 수원시 권선구 오목천동,중상사고,0,1,0,0,차대사람 - 횡단중,안전운전불이행,포장 - 건조,맑음,단일로 - 기타,이륜,남,20세,상해없음,보행자,여,55세,중상
2799,2018041200100471,2018년 4월 12일 18시,목요일,경기도 용인시 수지구 동천동,경상사고,0,0,1,0,차대사람 - 보도통행중,안전운전불이행,포장 - 건조,맑음,단일로 - 기타,자전거,남,11세,상해없음,보행자,여,75세,경상
2800,2018041200100506,2018년 4월 12일 19시,목요일,경기도 김포시 걸포동,중상사고,0,1,0,0,차대사람 - 횡단중,보행자보호의무위반,포장 - 건조,맑음,교차로 - 교차로안,승용,여,38세,상해없음,보행자,남,90세 이상,중상
2801,2018041200100507,2018년 4월 12일 19시,목요일,경기도 오산시 궐동,중상사고,0,1,0,0,차대사람 - 횡단중,보행자보호의무위반,포장 - 건조,맑음,교차로 - 교차로횡단보도내,승합,남,63세,상해없음,보행자,여,62세,중상
2802,2018041200100509,2018년 4월 12일 19시,목요일,경기도 수원시 영통구 망포동,경상사고,0,0,1,0,차대사람 - 기타,안전운전불이행,포장 - 건조,맑음,단일로 - 기타,승용,여,45세,상해없음,보행자,여,17세,경상
2803,2018041200100537,2018년 4월 12일 19시,목요일,경기도 양주시 회정동,경상사고,0,0,1,0,차대사람 - 차도통행중,안전운전불이행,포장 - 건조,맑음,단일로 - 기타,승용,남,31세,상해없음,보행자,여,11세,경상
2804,2018041200100546,2018년 4월 12일 20시,목요일,경기도 광주시 초월읍,경상사고,0,0,1,0,차대사람 - 기타,안전운전불이행,포장 - 건조,맑음,단일로 - 기타,기타불명,기타불명,미분류,기타불명,보행자,여,21세,경상
2805,2018041200100547,2018년 4월 12일 20시,목요일,경기도 부천시 심곡동,경상사고,0,0,1,0,차대사람 - 기타,안전운전불이행,포장 - 건조,맑음,단일로 - 기타,승용,남,29세,상해없음,보행자,남,47세,경상
2806,2018041200100573,2018년 4월 12일 20시,목요일,경기도 고양시 일산동구 풍동,중상사고,0,1,0,0,차대사람 - 횡단중,안전운전불이행,포장 - 건조,맑음,교차로 - 교차로횡단보도내,승용,남,36세,상해없음,보행자,여,21세,중상
2807,2018041200100589,2018년 4월 12일 21시,목요일,경기도 안양시 동안구 관양동,경상사고,0,0,2,0,차대사람 - 기타,안전운전불이행,포장 - 건조,맑음,교차로 - 교차로부근,승용,여,54세,상해없음,보행자,남,53세,경상
2808,2018041200100590,2018년 4월 12일 21시,목요일,경기도 화성시 진안동,중상사고,0,1,0,0,차대사람 - 횡단중,안전운전불이행,포장 - 건조,맑음,단일로 - 기타,승용,남,30세,상해없음,보행자,남,29세,중상
2809,2018041200100611,2018년 4월 12일 21시,목요일,경기도 파주시 금촌동,경상사고,0,0,1,0,차대사람 - 기타,안전운전불이행,포장 - 건조,맑음,단일로 - 기타,승용,남,70세,상해없음,보행자,남,27세,경상
2810,2018041200100617,2018년 4월 12일 22시,목요일,경기도 용인시 처인구 백암면,중상사고,0,1,0,0,차대사람 - 횡단중,안전운전불이행,포장 - 건조,맑음,단일로 - 기타,승용,남,55세,상해없음,보행자,남,32세,중상
2811,2018041200100641,2018년 4월 12일 23시,목요일,경기도 안성시 공도읍,중상사고,0,1,0,0,차대사람 - 횡단중,안전운전불이행,포장 - 건조,맑음,기타 - 기타,승합,남,60세,상해없음,보행자,남,44세,중상
2812,2018041200100643,2018년 4월 12일 23시,목요일,경기도 광주시 경안동,경상사고,0,0,1,0,차대사람 - 기타,안전운전불이행,포장 - 건조,맑음,단일로 - 기타,원동기,남,24세,상해없음,보행자,여,20세,경상
2813,2018041200100645,2018년 4월 12일 23시,목요일,경기도 안산시 단원구 고잔동,경상사고,0,0,1,0,차대사람 - 횡단중,신호위반,포장 - 건조,맑음,교차로 - 교차로안,원동기,남,39세,상해없음,보행자,여,26세,경상
2814,2018041200100647,2018년 4월 12일 23시,목요일,경기도 안양시 만안구 안양동,경상사고,0,0,1,0,차대사람 - 기타,기타,포장 - 건조,맑음,단일로 - 기타,승합,남,59세,상해없음,보행자,남,60세,경상
2815,2018041300100037,2018년 4월 13일 03시,금요일,경기도 시흥시 정왕동,경상사고,0,0,2,0,차대사람 - 횡단중,안전운전불이행,포장 - 건조,맑음,단일로 - 기타,승용,남,78세,상해없음,보행자,남,42세,경상
2816,2018041300100044,2018년 4월 13일 04시,금요일,경기도 수원시 팔달구 인계동,경상사고,0,0,1,0,차대사람 - 기타,기타,포장 - 건조,맑음,단일로 - 기타,화물,남,58세,상해없음,보행자,남,52세,경상
2817,2018041300100045,2018년 4월 13일 04시,금요일,경기도 안양시 만안구 안양동,경상사고,0,0,1,0,차대사람 - 기타,안전운전불이행,포장 - 건조,맑음,단일로 - 기타,승합,남,38세,상해없음,보행자,여,71세,경상
2818,2018041300100156,2018년 4월 13일 09시,금요일,경기도 용인시 기흥구 신갈동,경상사고,0,0,1,0,차대사람 - 차도통행중,안전운전불이행,포장 - 건조,맑음,단일로 - 기타,승용,여,35세,상해없음,보행자,남,71세,경상
2819,2018041300100158,2018년 4월 13일 09시,금요일,경기도 부천시 심곡동,중상사고,0,1,0,0,차대사람 - 횡단중,보행자보호의무위반,포장 - 건조,맑음,교차로 - 교차로횡단보도내,화물,남,35세,상해없음,보행자,남,79세,중상
2820,2018041300100163,2018년 4월 13일 09시,금요일,경기도 성남시 분당구 야탑동,중상사고,0,1,0,0,차대사람 - 기타,신호위반,포장 - 건조,맑음,교차로 - 교차로안,화물,남,61세,상해없음,보행자,남,23세,중상
2821,2018041300100165,2018년 4월 13일 09시,금요일,경기도 하남시 신장동,중상사고,0,1,0,0,차대사람 - 횡단중,안전운전불이행,포장 - 건조,맑음,교차로 - 교차로횡단보도내,승용,남,43세,상해없음,보행자,여,71세,중상
2822,2018041300100239,2018년 4월 13일 11시,금요일,경기도 고양시 일산서구 가좌동,중상사고,0,1,0,0,차대사람 - 횡단중,보행자보호의무위반,포장 - 건조,맑음,교차로 - 교차로횡단보도내,승합,남,61세,상해없음,보행자,여,83세,중상
2823,2018041300100269,2018년 4월 13일 13시,금요일,경기도 평택시 포승읍,중상사고,0,1,0,0,차대사람 - 기타,안전운전불이행,포장 - 건조,맑음,단일로 - 기타,승용,남,50세,상해없음,보행자,여,25세,중상
2824,2018041300100270,2018년 4월 13일 13시,금요일,경기도 오산시 궐동,경상사고,0,0,1,0,차대사람 - 기타,안전운전불이행,포장 - 건조,맑음,단일로 - 기타,화물,남,32세,상해없음,보행자,여,56세,경상
2825,2018041300100308,2018년 4월 13일 14시,금요일,경기도 부천시 원종동,경상사고,0,0,1,0,차대사람 - 기타,안전운전불이행,포장 - 건조,맑음,교차로 - 교차로부근,승합,남,61세,상해없음,보행자,여,48세,경상
2826,2018041300100334,2018년 4월 13일 15시,금요일,경기도 성남시 중원구 성남동,경상사고,0,0,1,0,차대사람 - 보도통행중,안전운전불이행,포장 - 건조,맑음,기타 - 기타,승용,남,58세,상해없음,보행자,여,76세,경상
2827,2018041300100373,2018년 4월 13일 16시,금요일,경기도 수원시 팔달구 화서동,경상사고,0,0,1,0,차대사람 - 횡단중,신호위반,포장 - 건조,맑음,교차로 - 교차로횡단보도내,승용,여,49세,상해없음,보행자,여,11세,경상
2828,2018041300100379,2018년 4월 13일 16시,금요일,경기도 광명시 철산동,부상신고사고,0,0,0,1,차대사람 - 길가장자리구역통행중,안전운전불이행,포장 - 건조,맑음,단일로 - 기타,화물,남,55세,상해없음,보행자,여,8세,부상신고
2829,2018041300100381,2018년 4월 13일 16시,금요일,경기도 군포시 금정동,경상사고,0,0,1,0,차대사람 - 횡단중,보행자보호의무위반,포장 - 건조,맑음,교차로 - 교차로안,승용,여,41세,상해없음,보행자,여,7세,경상
2830,2018041300100383,2018년 4월 13일 16시,금요일,경기도 성남시 분당구 이매동,경상사고,0,0,1,0,차대사람 - 보도통행중,보행자보호의무위반,포장 - 건조,맑음,교차로 - 교차로횡단보도내,화물,남,49세,상해없음,보행자,여,20세,경상
2831,2018041300100384,2018년 4월 13일 16시,금요일,경기도 안산시 상록구 사동,중상사고,0,1,0,0,차대사람 - 기타,안전운전불이행,포장 - 건조,맑음,기타 - 기타,승용,남,49세,상해없음,보행자,여,24세,중상
2832,2018041300100405,2018년 4월 13일 16시,금요일,경기도 포천시 소흘읍,중상사고,0,1,0,0,차대사람 - 횡단중,안전운전불이행,포장 - 건조,맑음,단일로 - 기타,화물,남,55세,상해없음,보행자,여,10세,중상
2833,2018041300100421,2018년 4월 13일 17시,금요일,경기도 오산시 오산동,경상사고,0,0,1,0,차대사람 - 기타,안전운전불이행,포장 - 건조,맑음,단일로 - 기타,승용,여,46세,상해없음,보행자,여,43세,경상
2834,2018041300100429,2018년 4월 13일 17시,금요일,경기도 화성시 봉담읍,경상사고,0,0,1,0,차대사람 - 기타,안전운전불이행,포장 - 건조,맑음,단일로 - 기타,승합,남,55세,상해없음,보행자,여,40세,경상
2835,2018041300100447,2018년 4월 13일 17시,금요일,경기도 남양주시 진접읍,경상사고,0,0,1,0,차대사람 - 기타,안전운전불이행,포장 - 건조,맑음,단일로 - 기타,승합,여,47세,상해없음,보행자,남,8세,경상
2836,2018041300100457,2018년 4월 13일 18시,금요일,경기도 화성시 청계동,경상사고,0,0,1,0,차대사람 - 횡단중,신호위반,포장 - 건조,맑음,교차로 - 교차로횡단보도내,승용,여,49세,상해없음,보행자,남,8세,경상
2837,2018041300100458,2018년 4월 13일 18시,금요일,경기도 부천시 도당동,경상사고,0,0,1,0,차대사람 - 보도통행중,기타,포장 - 건조,맑음,기타 - 기타,자전거,여,50세,상해없음,보행자,여,56세,경상
2838,2018041300100460,2018년 4월 13일 18시,금요일,경기도 안산시 상록구 사동,경상사고,0,0,1,0,차대사람 - 횡단중,안전운전불이행,포장 - 건조,맑음,교차로 - 교차로횡단보도내,승용,남,22세,상해없음,보행자,여,12세,경상
2839,2018041300100462,2018년 4월 13일 18시,금요일,경기도 하남시 신장동,경상사고,0,0,1,0,차대사람 - 기타,안전운전불이행,포장 - 건조,맑음,단일로 - 기타,승용,남,25세,상해없음,보행자,남,48세,경상