,사고번호,사고일시,요일,시군구,사고내용,사망자수,중상자수,경상자수,부상신고자수,사고유형,법규위반,노면상태,기상상태,도로형태,가해운전자 차종,가해운전자 성별,가해운전자 연령,가해운전자 상해정도,피해운전자 차종,피해운전자 성별,피해운전자 연령,피해운전자 상해정도
3407,2018050400100289,2018년 5월 4일 13시,금요일,경기도 고양시 일산동구 정발산동,중상사고,0,1,0,0,차대사람 - 횡단중,보행자보호의무위반,포장 - 건조,맑음,교차로 - 교차로횡단보도내,화물,남,46세,상해없음,보행자,여,81세,중상
3408,2018050400100310,2018년 5월 4일 14시,금요일,경기도 양평군 용문면,경상사고,0,0,1,0,차대사람 - 길가장자리구역통행중,안전운전불이행,포장 - 건조,맑음,단일로 - 기타,승용,남,59세,상해없음,보행자,여,22세,경상
3409,2018050400100312,2018년 5월 4일 14시,금요일,경기도 군포시 금정동,부상신고사고,0,0,0,1,차대사람 - 횡단중,안전운전불이행,포장 - 건조,맑음,단일로 - 기타,화물,남,65세,상해없음,보행자,남,50세,부상신고
3410,2018050400100356,2018년 5월 4일 15시,금요일,경기도 성남시 수정구 창곡동,경상사고,0,0,1,0,차대사람 - 횡단중,안전운전불이행,포장 - 건조,맑음,단일로 - 기타,자전거,남,14세,상해없음,보행자,여,21세,경상
3411,2018050400100358,2018년 5월 4일 15시,금요일,경기도 부천시 상동,경상사고,0,0,1,0,차대사람 - 횡단중,보행자보호의무위반,포장 - 건조,맑음,교차로 - 교차로횡단보도내,승합,남,56세,상해없음,보행자,남,13세,경상
3412,2018050400100387,2018년 5월 4일 15시,금요일,경기도 남양주시 도농동,경상사고,0,0,1,0,차대사람 - 횡단중,안전운전불이행,포장 - 건조,맑음,단일로 - 기타,승용,여,61세,상해없음,보행자,남,6세,경상
3413,2018050400100397,2018년 5월 4일 16시,금요일,경기도 평택시 서정동,경상사고,0,0,1,0,차대사람 - 횡단중,안전운전불이행,포장 - 건조,맑음,단일로 - 기타,승용,여,70세,상해없음,보행자,남,12세,경상
3414,2018050400100399,2018년 5월 4일 16시,금요일,경기도 광주시 송정동,중상사고,0,1,0,0,차대사람 - 횡단중,보행자보호의무위반,포장 - 건조,맑음,단일로 - 기타,승용,남,36세,상해없음,보행자,여,78세,중상
3415,2018050400100434,2018년 5월 4일 16시,금요일,경기도 남양주시 오남읍,경상사고,0,0,1,0,차대사람 - 기타,안전운전불이행,포장 - 건조,맑음,단일로 - 기타,승용,남,56세,상해없음,보행자,여,55세,경상
3416,2018050400100449,2018년 5월 4일 17시,금요일,경기도 수원시 장안구 연무동,중상사고,0,1,0,0,차대사람 - 기타,안전운전불이행,포장 - 건조,맑음,단일로 - 기타,승합,남,78세,상해없음,보행자,여,76세,중상
3417,2018050400100458,2018년 5월 4일 17시,금요일,경기도 부천시 원종동,경상사고,0,0,1,0,차대사람 - 횡단중,보행자보호의무위반,포장 - 건조,맑음,교차로 - 교차로부근,승용,남,30세,상해없음,보행자,남,34세,경상
3418,2018050400100500,2018년 5월 4일 18시,금요일,경기도 화성시 청계동,중상사고,0,1,0,0,차대사람 - 횡단중,보행자보호의무위반,포장 - 건조,맑음,교차로 - 교차로횡단보도내,승용,남,43세,상해없음,보행자,여,29세,중상
3419,2018050400100531,2018년 5월 4일 18시,금요일,경기도 고양시 덕양구 주교동,경상사고,0,0,1,0,차대사람 - 기타,안전운전불이행,포장 - 건조,맑음,교차로 - 교차로안,화물,남,50세,상해없음,보행자,여,40세,경상
3420,2018050400100547,2018년 5월 4일 19시,금요일,경기도 용인시 기흥구 중동,경상사고,0,0,1,0,차대사람 - 횡단중,안전운전불이행,포장 - 건조,맑음,단일로 - 기타,승용,남,43세,상해없음,보행자,여,12세,경상
3421,2018050400100576,2018년 5월 4일 19시,금요일,경기도 동두천시 지행동,경상사고,0,0,1,0,차대사람 - 횡단중,보행자보호의무위반,포장 - 건조,맑음,교차로 - 교차로횡단보도내,승용,여,39세,상해없음,보행자,여,7세,경상
3422,2018050400100587,2018년 5월 4일 20시,금요일,경기도 평택시 평택동,경상사고,0,0,1,0,차대사람 - 횡단중,안전운전불이행,포장 - 건조,맑음,교차로 - 교차로부근,승용,남,68세,상해없음,보행자,여,77세,경상
3423,2018050400100588,2018년 5월 4일 20시,금요일,경기도 광주시 탄벌동,경상사고,0,0,1,0,차대사람 - 횡단중,안전운전불이행,포장 - 건조,맑음,교차로 - 교차로안,승용,여,77세,상해없음,보행자,남,54세,경상
3424,2018050400100592,2018년 5월 4일 20시,금요일,경기도 안산시 단원구 고잔동,경상사고,0,0,1,0,차대사람 - 횡단중,보행자보호의무위반,포장 - 건조,맑음,교차로 - 교차로횡단보도내,승용,남,24세,상해없음,보행자,남,18세,경상
3425,2018050400100596,2018년 5월 4일 20시,금요일,경기도 성남시 중원구 중앙동,경상사고,0,0,1,0,차대사람 - 기타,안전운전불이행,포장 - 건조,맑음,단일로 - 기타,승합,남,62세,기타불명,보행자,여,33세,경상
3426,2018050400100598,2018년 5월 4일 20시,금요일,경기도 안산시 상록구 사동,경상사고,0,0,1,0,차대사람 - 기타,안전운전불이행,포장 - 건조,맑음,단일로 - 기타,승용,남,46세,상해없음,보행자,남,16세,경상
3427,2018050400100615,2018년 5월 4일 20시,금요일,경기도 남양주시 퇴계원면,중상사고,0,1,0,0,차대사람 - 횡단중,안전운전불이행,포장 - 건조,맑음,교차로 - 교차로부근,승용,여,39세,상해없음,보행자,여,39세,중상
3428,2018050400100626,2018년 5월 4일 21시,금요일,경기도 안산시 단원구 고잔동,중상사고,0,1,0,0,차대사람 - 기타,안전운전불이행,포장 - 건조,맑음,단일로 - 기타,승용,남,44세,상해없음,보행자,여,51세,중상
3429,2018050400100655,2018년 5월 4일 21시,금요일,경기도 고양시 덕양구 토당동,부상신고사고,0,0,0,1,차대사람 - 기타,안전운전불이행,포장 - 건조,맑음,단일로 - 기타,승용,남,61세,상해없음,보행자,남,64세,부상신고
3430,2018050400100665,2018년 5월 4일 22시,금요일,경기도 성남시 수정구 양지동,중상사고,0,1,0,0,차대사람 - 횡단중,안전운전불이행,포장 - 건조,맑음,교차로 - 교차로안,이륜,남,23세,상해없음,보행자,여,33세,중상
3431,2018050400100683,2018년 5월 4일 22시,금요일,경기도 의정부시 신곡동,경상사고,0,0,2,0,차대사람 - 차도통행중,안전운전불이행,포장 - 건조,맑음,교차로 - 교차로부근,승용,남,60세,상해없음,보행자,남,34세,경상
3432,2018050400100712,2018년 5월 4일 23시,금요일,경기도 의정부시 가능동,중상사고,0,1,0,0,차대사람 - 기타,안전운전불이행,포장 - 건조,맑음,단일로 - 기타,기타불명,기타불명,미분류,기타불명,보행자,남,51세,중상
3433,2018050500100065,2018년 5월 5일 03시,토요일,경기도 광명시 철산동,경상사고,0,0,1,0,차대사람 - 횡단중,신호위반,포장 - 건조,맑음,교차로 - 교차로횡단보도내,이륜,남,44세,상해없음,보행자,여,66세,경상
3434,2018050500100081,2018년 5월 5일 04시,토요일,경기도 수원시 팔달구 인계동,경상사고,0,0,1,0,차대사람 - 기타,안전운전불이행,포장 - 건조,맑음,단일로 - 기타,승용,여,21세,상해없음,보행자,남,29세,경상
3435,2018050500100106,2018년 5월 5일 06시,토요일,경기도 수원시 팔달구 화서동,경상사고,0,0,1,0,차대사람 - 길가장자리구역통행중,안전운전불이행,포장 - 건조,맑음,단일로 - 기타,기타불명,기타불명,미분류,기타불명,보행자,여,45세,경상
3436,2018050500100178,2018년 5월 5일 09시,토요일,경기도 용인시 기흥구 보라동,중상사고,0,1,0,0,차대사람 - 횡단중,안전운전불이행,포장 - 건조,맑음,단일로 - 기타,화물,남,39세,상해없음,보행자,여,76세,중상
3437,2018050500100220,2018년 5월 5일 11시,토요일,경기도 평택시 이충동,경상사고,0,0,2,0,차대사람 - 기타,안전운전불이행,비포장 - 건조,맑음,기타 - 기타,자전거,남,29세,경상,보행자,여,58세,경상
3438,2018050500100248,2018년 5월 5일 11시,토요일,경기도 남양주시 화도읍,경상사고,0,0,1,0,차대사람 - 기타,안전운전불이행,포장 - 건조,맑음,교차로 - 교차로부근,화물,남,56세,상해없음,보행자,남,48세,경상
3439,2018050500100258,2018년 5월 5일 12시,토요일,경기도 수원시 권선구 세류동,경상사고,0,0,1,0,차대사람 - 차도통행중,안전운전불이행,포장 - 건조,맑음,교차로 - 교차로부근,승용,남,58세,상해없음,보행자,여,32세,경상
3440,2018050500100280,2018년 5월 5일 12시,토요일,경기도 남양주시 화도읍,경상사고,0,0,1,0,차대사람 - 기타,안전운전불이행,포장 - 건조,맑음,기타 - 기타,승합,남,51세,상해없음,보행자,여,38세,경상
3441,2018050500100348,2018년 5월 5일 14시,토요일,경기도 고양시 덕양구 화정동,경상사고,0,0,1,0,차대사람 - 길가장자리구역통행중,기타,포장 - 기타,맑음,단일로 - 기타,승합,남,63세,상해없음,보행자,여,48세,경상
3442,2018050500100356,2018년 5월 5일 15시,토요일,경기도 평택시 세교동,경상사고,0,0,1,0,차대사람 - 횡단중,중앙선침범,포장 - 건조,맑음,교차로 - 교차로부근,화물,남,51세,상해없음,보행자,남,17세,경상
3443,2018050500100359,2018년 5월 5일 15시,토요일,경기도 과천시 별양동,부상신고사고,0,0,0,1,차대사람 - 기타,안전운전불이행,포장 - 건조,맑음,단일로 - 기타,승용,남,51세,상해없음,보행자,여,3세,부상신고
3444,2018050500100360,2018년 5월 5일 15시,토요일,경기도 성남시 중원구 성남동,경상사고,0,0,1,0,차대사람 - 길가장자리구역통행중,안전운전불이행,포장 - 건조,맑음,단일로 - 기타,승용,남,47세,상해없음,보행자,여,39세,경상
3445,2018050500100394,2018년 5월 5일 16시,토요일,경기도 평택시 고덕면,경상사고,0,0,1,0,차대사람 - 기타,안전운전불이행,포장 - 건조,맑음,주차장 - 주차장,승용,남,55세,상해없음,보행자,여,6세,경상
3446,2018050500100421,2018년 5월 5일 16시,토요일,경기도 의정부시 의정부동,중상사고,0,1,0,0,차대사람 - 횡단중,보행자보호의무위반,포장 - 건조,맑음,교차로 - 교차로안,이륜,남,36세,상해없음,보행자,여,53세,중상
3447,2018050500100422,2018년 5월 5일 16시,토요일,경기도 파주시 광탄면,경상사고,0,0,1,0,차대사람 - 길가장자리구역통행중,안전운전불이행,포장 - 건조,맑음,단일로 - 기타,승용,여,49세,상해없음,보행자,남,63세,경상
3448,2018050500100423,2018년 5월 5일 16시,토요일,경기도 고양시 일산서구 일산동,경상사고,0,0,1,0,차대사람 - 횡단중,안전운전불이행,포장 - 건조,맑음,단일로 - 기타,승용,여,48세,상해없음,보행자,남,15세,경상
3449,2018050500100432,2018년 5월 5일 17시,토요일,경기도 성남시 수정구 태평동,중상사고,0,1,0,0,차대사람 - 횡단중,중앙선침범,포장 - 건조,맑음,단일로 - 기타,이륜,남,21세,기타불명,보행자,남,7세,중상
3450,2018050500100433,2018년 5월 5일 17시,토요일,경기도 평택시 서정동,경상사고,0,0,1,0,차대사람 - 길가장자리구역통행중,안전운전불이행,포장 - 건조,맑음,단일로 - 기타,승용,남,75세,상해없음,보행자,여,16세,경상
3451,2018050500100436,2018년 5월 5일 17시,토요일,경기도 김포시 장기동,경상사고,0,0,1,0,차대사람 - 횡단중,안전운전불이행,포장 - 건조,맑음,교차로 - 교차로안,승용,여,56세,상해없음,보행자,여,19세,경상
3452,2018050500100440,2018년 5월 5일 17시,토요일,경기도 부천시 소사동,경상사고,0,0,1,0,차대사람 - 횡단중,안전운전불이행,포장 - 건조,맑음,단일로 - 기타,승용,남,31세,상해없음,보행자,여,5세,경상
3453,2018050500100441,2018년 5월 5일 17시,토요일,경기도 수원시 권선구 세류동,부상신고사고,0,0,0,1,차대사람 - 기타,안전운전불이행,포장 - 건조,맑음,교차로 - 교차로안,승용,여,53세,상해없음,보행자,남,44세,부상신고
3454,2018050500100442,2018년 5월 5일 17시,토요일,경기도 성남시 중원구 성남동,부상신고사고,0,0,0,1,차대사람 - 길가장자리구역통행중,안전운전불이행,포장 - 건조,맑음,교차로 - 교차로안,화물,남,49세,상해없음,보행자,남,69세,부상신고
3455,2018050500100447,2018년 5월 5일 17시,토요일,경기도 용인시 기흥구 보정동,경상사고,0,0,1,0,차대사람 - 기타,안전운전불이행,포장 - 건조,맑음,단일로 - 기타,기타불명,남,9세,상해없음,보행자,여,1세,경상
3456,2018050500100516,2018년 5월 5일 19시,토요일,경기도 양평군 양평읍,중상사고,0,1,0,0,차대사람 - 횡단중,보행자보호의무위반,포장 - 건조,맑음,교차로 - 교차로횡단보도내,승용,남,49세,상해없음,보행자,남,75세,중상
3457,2018050500100517,2018년 5월 5일 19시,토요일,경기도 수원시 영통구 이의동,중상사고,0,1,0,0,차대사람 - 횡단중,안전운전불이행,포장 - 건조,맑음,교차로 - 교차로부근,이륜,남,26세,상해없음,보행자,여,65세,중상
3458,2018050500100519,2018년 5월 5일 19시,토요일,경기도 하남시 신장동,경상사고,0,0,1,0,차대사람 - 기타,안전운전불이행,포장 - 건조,맑음,단일로 - 기타,승용,남,32세,상해없음,보행자,남,59세,경상
3459,2018050500100549,2018년 5월 5일 20시,토요일,경기도 양평군 용문면,중상사고,0,1,0,0,차대사람 - 기타,안전운전불이행,포장 - 건조,맑음,단일로 - 기타,승용,남,39세,상해없음,보행자,여,70세,중상
3460,2018050500100578,2018년 5월 5일 21시,토요일,경기도 이천시 진리동,경상사고,0,0,1,0,차대사람 - 보도통행중,보행자보호의무위반,포장 - 젖음/습기,비,단일로 - 기타,승용,여,58세,상해없음,보행자,남,57세,경상
3461,2018050500100583,2018년 5월 5일 21시,토요일,경기도 화성시 봉담읍,중상사고,0,2,1,0,차대사람 - 횡단중,보행자보호의무위반,포장 - 건조,맑음,교차로 - 교차로안,승합,남,60세,상해없음,보행자,여,49세,중상
3462,2018050500100606,2018년 5월 5일 22시,토요일,경기도 수원시 영통구 원천동,경상사고,0,0,1,0,차대사람 - 횡단중,보행자보호의무위반,포장 - 건조,맑음,단일로 - 기타,기타불명,기타불명,미분류,기타불명,보행자,남,28세,경상
3463,2018050500100636,2018년 5월 5일 23시,토요일,경기도 하남시 덕풍동,중상사고,0,1,0,0,차대사람 - 횡단중,보행자보호의무위반,포장 - 건조,맑음,교차로 - 교차로횡단보도내,승용,남,33세,상해없음,보행자,남,39세,중상
3464,2018050600100014,2018년 5월 6일 00시,일요일,경기도 안양시 만안구 안양동,중상사고,0,1,0,0,차대사람 - 기타,안전운전불이행,포장 - 건조,맑음,단일로 - 기타,승용,남,38세,상해없음,보행자,남,61세,중상
3465,2018050600100047,2018년 5월 6일 02시,일요일,경기도 부천시 괴안동,경상사고,0,0,1,0,차대사람 - 횡단중,안전운전불이행,포장 - 젖음/습기,비,교차로 - 교차로부근,승용,남,58세,상해없음,보행자,여,21세,경상
3466,2018050600100049,2018년 5월 6일 02시,일요일,경기도 수원시 팔달구 인계동,경상사고,0,0,1,0,차대사람 - 기타,안전운전불이행,포장 - 젖음/습기,비,단일로 - 기타,승용,남,25세,상해없음,보행자,남,28세,경상
3467,2018050600100079,2018년 5월 6일 04시,일요일,경기도 수원시 팔달구 인계동,경상사고,0,0,1,0,차대사람 - 기타,안전운전불이행,포장 - 젖음/습기,비,교차로 - 교차로안,승용,남,38세,상해없음,보행자,남,59세,경상
3468,2018050600100130,2018년 5월 6일 09시,일요일,경기도 안산시 단원구 고잔동,부상신고사고,0,0,0,1,차대사람 - 기타,안전운전불이행,포장 - 건조,맑음,단일로 - 기타,자전거,남,64세,상해없음,보행자,여,45세,부상신고
3469,2018050600100176,2018년 5월 6일 12시,일요일,경기도 부천시 역곡동,경상사고,0,0,1,0,차대사람 - 횡단중,안전운전불이행,포장 - 젖음/습기,맑음,교차로 - 교차로부근,승용,여,24세,상해없음,보행자,남,31세,경상
3470,2018050600100242,2018년 5월 6일 14시,일요일,경기도 부천시 심곡동,경상사고,0,0,1,0,차대사람 - 차도통행중,안전운전불이행,포장 - 젖음/습기,흐림,단일로 - 기타,승용,남,30세,상해없음,보행자,남,30세,경상
3471,2018050600100258,2018년 5월 6일 14시,일요일,경기도 파주시 문산읍,경상사고,0,0,1,0,차대사람 - 기타,안전운전불이행,포장 - 건조,맑음,주차장 - 주차장,승용,남,38세,상해없음,보행자,여,68세,경상
3472,2018050600100279,2018년 5월 6일 16시,일요일,경기도 안산시 단원구 고잔동,경상사고,0,0,1,0,차대사람 - 횡단중,보행자보호의무위반,포장 - 건조,맑음,교차로 - 교차로횡단보도내,승용,남,38세,상해없음,보행자,남,35세,경상
3473,2018050600100310,2018년 5월 6일 17시,일요일,경기도 남양주시 화도읍,경상사고,0,0,1,0,차대사람 - 보도통행중,기타,포장 - 건조,맑음,교차로 - 교차로부근,승용,남,81세,상해없음,보행자,여,68세,경상
3474,2018050600100311,2018년 5월 6일 17시,일요일,경기도 양주시 삼숭동,부상신고사고,0,0,0,1,차대사람 - 보도통행중,기타,포장 - 건조,맑음,기타 - 기타,자전거,남,9세,기타불명,보행자,여,86세,부상신고
3475,2018050600100312,2018년 5월 6일 17시,일요일,경기도 동두천시 동두천동,경상사고,0,0,1,0,차대사람 - 차도통행중,안전운전불이행,포장 - 건조,맑음,단일로 - 기타,승용,여,68세,상해없음,보행자,남,58세,경상
3476,2018050600100322,2018년 5월 6일 18시,일요일,경기도 김포시 북변동,중상사고,0,1,0,0,차대사람 - 기타,안전운전불이행,포장 - 건조,맑음,단일로 - 기타,승합,남,51세,상해없음,보행자,남,58세,중상
3477,2018050600100324,2018년 5월 6일 18시,일요일,경기도 부천시 중동,경상사고,0,0,1,0,차대사람 - 보도통행중,기타,포장 - 건조,맑음,기타 - 기타,승용,남,56세,상해없음,보행자,남,47세,경상
3478,2018050600100342,2018년 5월 6일 19시,일요일,경기도 수원시 장안구 송죽동,경상사고,0,0,1,0,차대사람 - 길가장자리구역통행중,안전운전불이행,포장 - 건조,맑음,단일로 - 기타,승용,남,67세,상해없음,보행자,남,37세,경상
3479,2018050600100346,2018년 5월 6일 19시,일요일,경기도 수원시 팔달구 고등동,경상사고,0,0,1,0,차대사람 - 차도통행중,안전운전불이행,포장 - 건조,맑음,교차로 - 교차로부근,승용,남,49세,상해없음,보행자,남,60세,경상
3480,2018050600100389,2018년 5월 6일 21시,일요일,경기도 광명시 광명동,부상신고사고,0,0,0,1,차대사람 - 기타,안전운전불이행,포장 - 건조,맑음,단일로 - 기타,승용,남,54세,상해없음,보행자,남,57세,부상신고
3481,2018050600100390,2018년 5월 6일 21시,일요일,경기도 안산시 단원구 대부동동,경상사고,0,0,1,0,차대사람 - 기타,안전운전불이행,포장 - 건조,맑음,교차로 - 교차로부근,화물,남,73세,상해없음,보행자,남,34세,경상
3482,2018050600100392,2018년 5월 6일 21시,일요일,경기도 수원시 권선구 서둔동,경상사고,0,0,1,0,차대사람 - 기타,안전운전불이행,포장 - 건조,맑음,교차로 - 교차로부근,승용,남,48세,상해없음,보행자,남,61세,경상
3483,2018050600100413,2018년 5월 6일 22시,일요일,경기도 성남시 수정구 산성동,경상사고,0,0,1,0,차대사람 - 길가장자리구역통행중,안전운전불이행,포장 - 건조,맑음,단일로 - 기타,승용,남,30세,상해없음,보행자,여,30세,경상
3484,2018050700100006,2018년 5월 7일 00시,월요일,경기도 안산시 단원구 화정동,경상사고,0,0,1,0,차대사람 - 기타,안전운전불이행,포장 - 건조,맑음,단일로 - 기타,승용,여,49세,상해없음,보행자,남,26세,경상
3485,2018050700100089,2018년 5월 7일 07시,월요일,경기도 광주시 초월읍,경상사고,0,0,1,0,차대사람 - 차도통행중,안전운전불이행,포장 - 건조,맑음,기타 - 기타,화물,남,48세,상해없음,보행자,남,75세,경상
3486,2018050700100091,2018년 5월 7일 07시,월요일,경기도 오산시 청학동,중상사고,0,1,0,0,차대사람 - 기타,안전운전불이행,포장 - 건조,맑음,교차로 - 교차로안,승용,남,59세,상해없음,보행자,남,65세,중상
3487,2018050700100112,2018년 5월 7일 08시,월요일,경기도 구리시 수택동,경상사고,0,0,1,0,차대사람 - 기타,안전운전불이행,포장 - 건조,맑음,단일로 - 기타,승용,남,71세,상해없음,보행자,여,56세,경상
3488,2018050700100132,2018년 5월 7일 09시,월요일,경기도 고양시 덕양구 토당동,중상사고,0,1,0,0,차대사람 - 기타,안전운전불이행,포장 - 건조,맑음,교차로 - 교차로부근,승용,남,44세,상해없음,보행자,남,46세,중상
3489,2018050700100137,2018년 5월 7일 10시,월요일,경기도 평택시 세교동,중상사고,0,1,0,0,차대사람 - 기타,기타,포장 - 건조,맑음,교차로 - 교차로부근,승합,남,45세,상해없음,보행자,남,68세,중상
3490,2018050700100140,2018년 5월 7일 10시,월요일,경기도 안산시 단원구 고잔동,중상사고,0,1,0,0,차대사람 - 기타,안전운전불이행,포장 - 건조,맑음,교차로 - 교차로안,승용,남,56세,상해없음,보행자,남,23세,중상
3491,2018050700100163,2018년 5월 7일 11시,월요일,경기도 성남시 분당구 수내동,경상사고,0,0,1,0,차대사람 - 기타,안전운전불이행,포장 - 건조,맑음,단일로 - 기타,자전거,남,50세,상해없음,보행자,여,66세,경상
3492,2018050700100166,2018년 5월 7일 11시,월요일,경기도 하남시 천현동,경상사고,0,0,1,0,차대사람 - 횡단중,안전운전불이행,포장 - 건조,맑음,단일로 - 기타,승용,남,54세,상해없음,보행자,남,77세,경상
3493,2018050700100214,2018년 5월 7일 12시,월요일,경기도 파주시 법원읍,중상사고,0,1,0,0,차대사람 - 기타,안전운전불이행,포장 - 건조,맑음,단일로 - 기타,농기계,남,46세,상해없음,보행자,여,69세,중상
3494,2018050700100222,2018년 5월 7일 13시,월요일,경기도 수원시 팔달구 팔달로1가,중상사고,0,1,0,0,차대사람 - 기타,안전운전불이행,포장 - 건조,맑음,단일로 - 기타,승용,여,74세,상해없음,보행자,남,71세,중상
3495,2018050700100224,2018년 5월 7일 13시,월요일,경기도 안성시 양성면,경상사고,0,0,1,0,차대사람 - 횡단중,안전운전불이행,포장 - 건조,맑음,단일로 - 기타,승용,남,62세,상해없음,보행자,여,20세,경상
3496,2018050700100253,2018년 5월 7일 14시,월요일,경기도 평택시 서정동,경상사고,0,0,1,0,차대사람 - 횡단중,안전운전불이행,포장 - 건조,맑음,단일로 - 기타,승용,남,64세,상해없음,보행자,남,51세,경상
3497,2018050700100254,2018년 5월 7일 14시,월요일,경기도 광주시 오포읍,경상사고,0,0,1,0,차대사람 - 기타,안전운전불이행,포장 - 건조,맑음,단일로 - 기타,승용,여,56세,상해없음,보행자,남,12세,경상
3498,2018050700100257,2018년 5월 7일 14시,월요일,경기도 시흥시 정왕동,경상사고,0,0,1,0,차대사람 - 횡단중,안전운전불이행,포장 - 건조,맑음,교차로 - 교차로안,승용,남,27세,상해없음,보행자,남,61세,경상
3499,2018050700100258,2018년 5월 7일 14시,월요일,경기도 의왕시 삼동,경상사고,0,0,1,0,차대사람 - 횡단중,보행자보호의무위반,포장 - 건조,맑음,교차로 - 교차로부근,승용,남,25세,상해없음,보행자,여,31세,경상
3500,2018050700100259,2018년 5월 7일 14시,월요일,경기도 하남시 감북동,경상사고,0,0,1,0,차대사람 - 횡단중,안전운전불이행,포장 - 건조,맑음,교차로 - 교차로횡단보도내,화물,남,72세,상해없음,보행자,남,64세,경상
3501,2018050700100277,2018년 5월 7일 14시,월요일,경기도 고양시 덕양구 행신동,중상사고,0,1,0,0,차대사람 - 길가장자리구역통행중,안전운전불이행,포장 - 건조,맑음,기타 - 기타,자전거,남,10세,상해없음,보행자,남,83세,중상
3502,2018050700100313,2018년 5월 7일 16시,월요일,경기도 광주시 곤지암읍,경상사고,0,0,1,0,차대사람 - 기타,기타,포장 - 건조,맑음,기타 - 기타,승합,남,59세,상해없음,보행자,여,64세,경상
3503,2018050700100318,2018년 5월 7일 16시,월요일,경기도 안양시 만안구 석수동,경상사고,0,0,1,0,차대사람 - 기타,안전운전불이행,포장 - 건조,맑음,단일로 - 기타,승용,여,36세,상해없음,보행자,남,9세,경상
3504,2018050700100354,2018년 5월 7일 17시,월요일,경기도 부천시 심곡본동,경상사고,0,0,1,0,차대사람 - 횡단중,보행자보호의무위반,포장 - 건조,맑음,교차로 - 교차로횡단보도내,화물,남,62세,상해없음,보행자,남,67세,경상
3505,2018050700100383,2018년 5월 7일 17시,월요일,경기도 양주시 광사동,중상사고,0,1,0,0,차대사람 - 차도통행중,기타,포장 - 건조,맑음,교차로 - 교차로안,승용,남,44세,상해없음,보행자,여,16세,중상
3506,2018050700100388,2018년 5월 7일 18시,월요일,경기도 평택시 독곡동,경상사고,0,0,1,0,차대사람 - 기타,안전운전불이행,포장 - 건조,맑음,단일로 - 기타,승용,여,48세,상해없음,보행자,여,39세,경상
3507,2018050700100461,2018년 5월 7일 20시,월요일,경기도 의왕시 삼동,부상신고사고,0,0,0,1,차대사람 - 기타,안전운전불이행,포장 - 건조,맑음,단일로 - 기타,기타불명,기타불명,미분류,기타불명,보행자,남,55세,부상신고
3508,2018050700100481,2018년 5월 7일 20시,월요일,경기도 남양주시 진접읍,경상사고,0,0,1,0,차대사람 - 기타,안전운전불이행,포장 - 건조,맑음,단일로 - 기타,기타불명,기타불명,미분류,기타불명,보행자,남,59세,경상
3509,2018050700100482,2018년 5월 7일 20시,월요일,경기도 구리시 수택동,중상사고,0,1,0,0,차대사람 - 기타,안전운전불이행,포장 - 건조,맑음,단일로 - 기타,승용,여,25세,상해없음,보행자,남,35세,중상
3510,2018050700100526,2018년 5월 7일 22시,월요일,경기도 시흥시 대야동,경상사고,0,0,2,0,차대사람 - 횡단중,안전운전불이행,포장 - 건조,맑음,단일로 - 기타,승용,여,35세,상해없음,보행자,남,46세,경상
3511,2018050700100535,2018년 5월 7일 22시,월요일,경기도 구리시 수택동,경상사고,0,0,1,0,차대사람 - 기타,안전운전불이행,포장 - 건조,맑음,단일로 - 기타,승용,남,34세,상해없음,보행자,여,15세,경상
3512,2018050700100550,2018년 5월 7일 23시,월요일,경기도 고양시 일산동구 장항동,경상사고,0,0,1,0,차대사람 - 기타,안전운전불이행,포장 - 건조,맑음,단일로 - 기타,승용,남,55세,상해없음,보행자,여,49세,경상
3513,2018050800100008,2018년 5월 8일 00시,화요일,경기도 성남시 분당구 서현동,중상사고,0,1,0,0,차대사람 - 횡단중,안전운전불이행,포장 - 건조,맑음,단일로 - 기타,승용,남,47세,상해없음,보행자,남,22세,중상
3514,2018050800100029,2018년 5월 8일 01시,화요일,경기도 파주시 문산읍,경상사고,0,0,1,0,차대사람 - 기타,안전운전불이행,포장 - 젖음/습기,비,교차로 - 교차로안,승용,남,55세,상해없음,보행자,여,33세,경상
3515,2018050800100074,2018년 5월 8일 07시,화요일,경기도 광명시 하안동,경상사고,0,0,1,0,차대사람 - 횡단중,신호위반,포장 - 건조,맑음,교차로 - 교차로부근,승합,남,63세,기타불명,보행자,여,18세,경상
3516,2018050800100093,2018년 5월 8일 08시,화요일,경기도 수원시 장안구 파장동,중상사고,0,1,0,0,차대사람 - 기타,신호위반,포장 - 건조,맑음,교차로 - 교차로안,승합,남,44세,상해없음,보행자,여,50세,중상
3517,2018050800100099,2018년 5월 8일 08시,화요일,경기도 성남시 분당구 운중동,경상사고,0,0,1,0,차대사람 - 보도통행중,보행자보호의무위반,포장 - 건조,맑음,교차로 - 교차로횡단보도내,기타불명,기타불명,미분류,기타불명,보행자,남,10세,경상
3518,2018050800100139,2018년 5월 8일 09시,화요일,경기도 광명시 광명동,중상사고,0,1,0,0,차대사람 - 길가장자리구역통행중,교차로운행방법위반,포장 - 건조,맑음,단일로 - 기타,이륜,남,53세,상해없음,보행자,남,71세,중상
3519,2018050800100173,2018년 5월 8일 10시,화요일,경기도 평택시 평택동,경상사고,0,0,1,0,차대사람 - 길가장자리구역통행중,안전운전불이행,포장 - 건조,맑음,단일로 - 기타,승용,여,30세,상해없음,보행자,여,58세,경상