,사고번호,사고일시,요일,시군구,사고내용,사망자수,중상자수,경상자수,부상신고자수,사고유형,법규위반,노면상태,기상상태,도로형태,가해운전자 차종,가해운전자 성별,가해운전자 연령,가해운전자 상해정도,피해운전자 차종,피해운전자 성별,피해운전자 연령,피해운전자 상해정도
3634,2018051100100563,2018년 5월 11일 20시,금요일,경기도 용인시 수지구 상현동,중상사고,0,1,0,0,차대사람 - 횡단중,신호위반,포장 - 건조,맑음,교차로 - 교차로횡단보도내,승용,여,47세,상해없음,보행자,여,54세,중상
3635,2018051100100584,2018년 5월 11일 20시,금요일,경기도 고양시 덕양구 관산동,중상사고,0,1,1,0,차대사람 - 차도통행중,안전운전불이행,포장 - 건조,맑음,단일로 - 기타,이륜,남,16세,경상,보행자,남,11세,중상
3636,2018051100100587,2018년 5월 11일 20시,금요일,경기도 파주시 탄현면,경상사고,0,0,1,0,차대사람 - 기타,기타,포장 - 건조,맑음,교차로 - 교차로부근,승용,여,32세,상해없음,보행자,남,33세,경상
3637,2018051100100595,2018년 5월 11일 21시,금요일,경기도 수원시 영통구 영통동,중상사고,0,1,0,0,차대사람 - 횡단중,보행자보호의무위반,포장 - 건조,맑음,단일로 - 기타,승용,남,24세,상해없음,보행자,여,19세,중상
3638,2018051100100596,2018년 5월 11일 21시,금요일,경기도 군포시 금정동,중상사고,0,1,0,0,차대사람 - 횡단중,안전운전불이행,포장 - 건조,맑음,교차로 - 교차로횡단보도내,승용,남,42세,상해없음,보행자,여,20세,중상
3639,2018051100100668,2018년 5월 11일 23시,금요일,경기도 고양시 덕양구 고양동,부상신고사고,0,0,0,1,차대사람 - 기타,안전운전불이행,포장 - 건조,맑음,교차로 - 교차로부근,승합,남,59세,상해없음,보행자,여,60세,부상신고
3640,2018051200100011,2018년 5월 12일 00시,토요일,경기도 부천시 원종동,경상사고,0,0,1,0,차대사람 - 기타,안전운전불이행,포장 - 건조,맑음,단일로 - 기타,승용,남,54세,상해없음,보행자,남,46세,경상
3641,2018051200100012,2018년 5월 12일 00시,토요일,경기도 용인시 수지구 풍덕천동,부상신고사고,0,0,0,1,차대사람 - 기타,안전운전불이행,포장 - 젖음/습기,흐림,기타 - 기타,기타불명,남,미분류,기타불명,보행자,남,49세,부상신고
3642,2018051200100028,2018년 5월 12일 01시,토요일,경기도 용인시 처인구 마평동,경상사고,0,0,1,0,차대사람 - 기타,안전운전불이행,포장 - 건조,맑음,단일로 - 기타,승용,남,26세,상해없음,보행자,남,46세,경상
3643,2018051200100029,2018년 5월 12일 01시,토요일,경기도 수원시 영통구 영통동,경상사고,0,0,1,0,차대사람 - 기타,안전운전불이행,포장 - 건조,맑음,단일로 - 기타,승용,남,52세,상해없음,보행자,남,49세,경상
3644,2018051200100073,2018년 5월 12일 04시,토요일,경기도 화성시 병점동,경상사고,0,0,1,0,차대사람 - 횡단중,안전운전불이행,포장 - 건조,흐림,교차로 - 교차로안,승용,남,45세,상해없음,보행자,여,71세,경상
3645,2018051200100086,2018년 5월 12일 05시,토요일,경기도 하남시 신장동,경상사고,0,0,1,0,차대사람 - 기타,보행자보호의무위반,포장 - 건조,맑음,교차로 - 교차로횡단보도내,승용,남,60세,상해없음,보행자,남,28세,경상
3646,2018051200100093,2018년 5월 12일 05시,토요일,경기도 고양시 덕양구 고양동,중상사고,0,1,0,0,차대사람 - 횡단중,보행자보호의무위반,포장 - 젖음/습기,비,교차로 - 교차로부근,승용,남,63세,상해없음,보행자,남,79세,중상
3647,2018051200100226,2018년 5월 12일 11시,토요일,경기도 의정부시 용현동,경상사고,0,0,1,0,차대사람 - 횡단중,안전운전불이행,포장 - 젖음/습기,비,단일로 - 기타,화물,남,51세,상해없음,보행자,여,68세,경상
3648,2018051200100239,2018년 5월 12일 12시,토요일,경기도 성남시 중원구 성남동,경상사고,0,0,2,0,차대사람 - 기타,안전운전불이행,포장 - 젖음/습기,비,단일로 - 기타,이륜,남,36세,상해없음,보행자,여,51세,경상
3649,2018051200100241,2018년 5월 12일 12시,토요일,경기도 성남시 분당구 구미동,경상사고,0,0,1,0,차대사람 - 횡단중,신호위반,포장 - 젖음/습기,비,교차로 - 교차로횡단보도내,승용,남,59세,상해없음,보행자,여,39세,경상
3650,2018051200100294,2018년 5월 12일 13시,토요일,경기도 파주시 금촌동,중상사고,0,1,0,0,차대사람 - 보도통행중,안전운전불이행,포장 - 젖음/습기,비,교차로 - 교차로안,승용,남,50세,상해없음,보행자,여,77세,중상
3651,2018051200100347,2018년 5월 12일 15시,토요일,경기도 부천시 심곡동,부상신고사고,0,0,0,1,차대사람 - 길가장자리구역통행중,안전운전불이행,포장 - 젖음/습기,비,단일로 - 기타,승용,여,62세,상해없음,보행자,남,53세,부상신고
3652,2018051200100379,2018년 5월 12일 16시,토요일,경기도 화성시 진안동,부상신고사고,0,0,0,1,차대사람 - 횡단중,안전운전불이행,포장 - 젖음/습기,비,단일로 - 기타,승용,남,47세,상해없음,보행자,남,13세,부상신고
3653,2018051200100504,2018년 5월 12일 19시,토요일,경기도 평택시 서정동,중상사고,0,1,0,0,차대사람 - 차도통행중,안전운전불이행,포장 - 젖음/습기,비,단일로 - 기타,승용,남,25세,상해없음,보행자,남,49세,중상
3654,2018051200100508,2018년 5월 12일 19시,토요일,경기도 용인시 기흥구 상갈동,부상신고사고,0,0,0,1,차대사람 - 기타,안전운전불이행,포장 - 젖음/습기,흐림,교차로 - 교차로안,기타불명,기타불명,미분류,기타불명,보행자,남,49세,부상신고
3655,2018051200100511,2018년 5월 12일 19시,토요일,경기도 부천시 옥길동,중상사고,0,1,0,0,차대사람 - 기타,안전운전불이행,포장 - 기타,비,교차로 - 교차로부근,승용,여,37세,상해없음,보행자,남,63세,중상
3656,2018051200100512,2018년 5월 12일 19시,토요일,경기도 오산시 세교동,중상사고,0,1,0,0,차대사람 - 기타,신호위반,포장 - 젖음/습기,비,교차로 - 교차로안,이륜,남,20세,상해없음,보행자,남,53세,중상
3657,2018051200100514,2018년 5월 12일 19시,토요일,경기도 광명시 광명동,부상신고사고,0,0,0,1,차대사람 - 길가장자리구역통행중,안전운전불이행,포장 - 젖음/습기,비,단일로 - 기타,기타불명,기타불명,미분류,기타불명,보행자,여,56세,부상신고
3658,2018051200100515,2018년 5월 12일 19시,토요일,경기도 수원시 영통구 매탄동,경상사고,0,0,1,0,차대사람 - 횡단중,안전운전불이행,포장 - 건조,맑음,단일로 - 기타,승용,남,66세,상해없음,보행자,남,54세,경상
3659,2018051200100542,2018년 5월 12일 19시,토요일,경기도 남양주시 진접읍,경상사고,0,0,1,0,차대사람 - 기타,안전운전불이행,포장 - 젖음/습기,비,교차로 - 교차로부근,승용,남,33세,상해없음,보행자,남,52세,경상
3660,2018051200100558,2018년 5월 12일 20시,토요일,경기도 시흥시 정왕동,중상사고,0,1,0,0,차대사람 - 횡단중,안전운전불이행,포장 - 젖음/습기,비,교차로 - 교차로안,화물,남,62세,상해없음,보행자,여,58세,중상
3661,2018051200100560,2018년 5월 12일 20시,토요일,경기도 하남시 덕풍동,부상신고사고,0,0,0,1,차대사람 - 차도통행중,안전운전불이행,포장 - 젖음/습기,비,단일로 - 기타,승용,여,32세,상해없음,보행자,남,53세,부상신고
3662,2018051200100602,2018년 5월 12일 21시,토요일,경기도 용인시 기흥구 상갈동,경상사고,0,0,1,0,차대사람 - 보도통행중,보행자보호의무위반,포장 - 젖음/습기,비,교차로 - 교차로횡단보도내,승용,여,21세,상해없음,보행자,여,23세,경상
3663,2018051200100603,2018년 5월 12일 21시,토요일,경기도 부천시 심곡동,경상사고,0,0,1,0,차대사람 - 횡단중,안전운전불이행,포장 - 젖음/습기,비,단일로 - 기타,승용,남,55세,상해없음,보행자,남,48세,경상
3664,2018051200100607,2018년 5월 12일 21시,토요일,경기도 시흥시 정왕동,중상사고,0,1,0,0,차대사람 - 기타,안전운전불이행,포장 - 건조,맑음,단일로 - 기타,승용,남,37세,상해없음,보행자,여,42세,중상
3665,2018051200100609,2018년 5월 12일 21시,토요일,경기도 화성시 송산면,중상사고,0,1,0,0,차대사람 - 기타,안전운전불이행,포장 - 젖음/습기,비,교차로 - 교차로안,승용,남,47세,상해없음,보행자,남,50세,중상
3666,2018051200100641,2018년 5월 12일 21시,토요일,경기도 남양주시 진접읍,경상사고,0,0,1,0,차대사람 - 기타,교차로운행방법위반,포장 - 건조,맑음,교차로 - 교차로안,승용,남,31세,상해없음,보행자,여,40세,경상
3667,2018051200100653,2018년 5월 12일 22시,토요일,경기도 오산시 원동,부상신고사고,0,0,0,1,차대사람 - 기타,안전운전불이행,포장 - 젖음/습기,비,단일로 - 기타,승용,남,20세,상해없음,보행자,남,59세,부상신고
3668,2018051200100656,2018년 5월 12일 22시,토요일,경기도 안산시 단원구 원곡동,중상사고,0,1,0,0,차대사람 - 기타,안전운전불이행,포장 - 젖음/습기,비,교차로 - 교차로안,이륜,남,18세,상해없음,보행자,여,61세,중상
3669,2018051200100657,2018년 5월 12일 22시,토요일,경기도 수원시 권선구 세류동,경상사고,0,0,1,0,차대사람 - 횡단중,신호위반,포장 - 젖음/습기,비,단일로 - 고가도로위,승용,여,45세,상해없음,보행자,남,29세,경상
3670,2018051200100680,2018년 5월 12일 22시,토요일,경기도 고양시 덕양구 행신동,경상사고,0,0,1,0,차대사람 - 횡단중,보행자보호의무위반,포장 - 건조,맑음,교차로 - 교차로안,승용,남,23세,상해없음,보행자,여,35세,경상
3671,2018051200100693,2018년 5월 12일 23시,토요일,경기도 부천시 심곡동,경상사고,0,0,2,0,차대사람 - 기타,안전운전불이행,포장 - 젖음/습기,비,단일로 - 기타,승용,남,18세,상해없음,보행자,여,54세,경상
3672,2018051300100010,2018년 5월 13일 00시,일요일,경기도 수원시 팔달구 인계동,중상사고,0,1,0,0,차대사람 - 차도통행중,안전운전불이행,포장 - 젖음/습기,비,기타 - 기타,이륜,남,39세,상해없음,보행자,여,64세,중상
3673,2018051300100024,2018년 5월 13일 00시,일요일,경기도 고양시 일산서구 탄현동,중상사고,0,1,0,0,차대사람 - 차도통행중,안전운전불이행,포장 - 건조,맑음,단일로 - 기타,승용,남,34세,상해없음,보행자,남,55세,중상
3674,2018051300100032,2018년 5월 13일 01시,일요일,경기도 안양시 동안구 관양동,중상사고,0,2,0,0,차대사람 - 횡단중,안전운전불이행,포장 - 젖음/습기,비,기타 - 기타,승용,남,66세,상해없음,보행자,남,59세,중상
3675,2018051300100049,2018년 5월 13일 02시,일요일,경기도 수원시 팔달구 인계동,경상사고,0,0,2,0,차대사람 - 길가장자리구역통행중,안전운전불이행,포장 - 건조,맑음,단일로 - 기타,승용,남,26세,상해없음,보행자,여,18세,경상
3676,2018051300100083,2018년 5월 13일 04시,일요일,경기도 포천시 소흘읍,경상사고,0,0,1,0,차대사람 - 횡단중,보행자보호의무위반,포장 - 건조,맑음,단일로 - 기타,승용,남,52세,상해없음,보행자,여,59세,경상
3677,2018051300100093,2018년 5월 13일 06시,일요일,경기도 수원시 팔달구 인계동,경상사고,0,0,1,0,차대사람 - 기타,안전운전불이행,포장 - 건조,맑음,단일로 - 기타,승용,남,24세,상해없음,보행자,남,29세,경상
3678,2018051300100126,2018년 5월 13일 09시,일요일,경기도 시흥시 정왕동,중상사고,0,1,0,0,차대사람 - 횡단중,신호위반,포장 - 건조,맑음,교차로 - 교차로부근,화물,남,55세,상해없음,보행자,여,77세,중상
3679,2018051300100138,2018년 5월 13일 10시,일요일,경기도 광명시 철산동,중상사고,0,1,0,0,차대사람 - 횡단중,보행자보호의무위반,포장 - 건조,맑음,단일로 - 기타,승용,남,62세,상해없음,보행자,남,7세,중상
3680,2018051300100157,2018년 5월 13일 11시,일요일,경기도 수원시 팔달구 인계동,경상사고,0,0,1,0,차대사람 - 기타,안전운전불이행,포장 - 건조,맑음,단일로 - 기타,기타불명,기타불명,미분류,기타불명,보행자,여,27세,경상
3681,2018051300100159,2018년 5월 13일 11시,일요일,경기도 시흥시 신천동,경상사고,0,0,1,0,차대사람 - 횡단중,보행자보호의무위반,포장 - 건조,맑음,교차로 - 교차로횡단보도내,승용,남,55세,상해없음,보행자,여,49세,경상
3682,2018051300100235,2018년 5월 13일 14시,일요일,경기도 이천시 신둔면,경상사고,0,0,1,0,차대사람 - 기타,안전운전불이행,포장 - 건조,맑음,단일로 - 기타,승용,남,35세,상해없음,보행자,남,53세,경상
3683,2018051300100271,2018년 5월 13일 15시,일요일,경기도 성남시 수정구 신흥동,경상사고,0,0,1,0,차대사람 - 기타,안전운전불이행,포장 - 건조,맑음,교차로 - 교차로부근,승용,여,23세,상해없음,보행자,남,30세,경상
3684,2018051300100298,2018년 5월 13일 15시,일요일,경기도 양주시 덕정동,부상신고사고,0,0,0,1,차대사람 - 횡단중,안전운전불이행,포장 - 건조,맑음,단일로 - 기타,기타불명,기타불명,미분류,기타불명,보행자,여,25세,부상신고
3685,2018051300100388,2018년 5월 13일 18시,일요일,경기도 성남시 분당구 야탑동,중상사고,0,1,0,0,차대사람 - 횡단중,보행자보호의무위반,포장 - 건조,맑음,교차로 - 교차로횡단보도내,승용,여,40세,상해없음,보행자,여,88세,중상
3686,2018051300100414,2018년 5월 13일 19시,일요일,경기도 부천시 중동,경상사고,0,0,1,0,차대사람 - 기타,안전운전불이행,포장 - 건조,맑음,주차장 - 주차장,승용,남,52세,기타불명,보행자,여,45세,경상
3687,2018051300100416,2018년 5월 13일 19시,일요일,경기도 화성시 향남읍,경상사고,0,0,1,0,차대사람 - 횡단중,신호위반,포장 - 건조,맑음,단일로 - 기타,기타불명,기타불명,미분류,기타불명,보행자,남,31세,경상
3688,2018051300100471,2018년 5월 13일 20시,일요일,경기도 의정부시 가능동,중상사고,0,1,0,0,차대사람 - 기타,안전운전불이행,포장 - 건조,맑음,단일로 - 기타,승용,남,29세,상해없음,보행자,여,69세,중상
3689,2018051300100480,2018년 5월 13일 21시,일요일,경기도 안산시 상록구 사동,사망사고,1,0,0,0,차대사람 - 차도통행중,과속,포장 - 건조,맑음,단일로 - 기타,승용,남,21세,상해없음,보행자,남,25세,사망
3690,2018051300100516,2018년 5월 13일 23시,일요일,경기도 수원시 권선구 호매실동,경상사고,0,0,1,0,차대사람 - 보도통행중,보행자보호의무위반,포장 - 건조,맑음,교차로 - 교차로횡단보도내,원동기,남,19세,상해없음,보행자,남,54세,경상
3691,2018051300100527,2018년 5월 13일 23시,일요일,경기도 의정부시 민락동,중상사고,0,1,0,0,차대사람 - 횡단중,안전운전불이행,포장 - 건조,맑음,단일로 - 기타,승용,남,18세,상해없음,보행자,남,21세,중상
3692,2018051400100036,2018년 5월 14일 05시,월요일,경기도 김포시 고촌읍,중상사고,0,1,0,0,차대사람 - 횡단중,보행자보호의무위반,포장 - 건조,맑음,교차로 - 교차로횡단보도내,화물,남,41세,상해없음,보행자,남,46세,중상
3693,2018051400100068,2018년 5월 14일 07시,월요일,경기도 용인시 기흥구 마북동,중상사고,0,1,0,0,차대사람 - 횡단중,안전운전불이행,포장 - 건조,맑음,교차로 - 교차로부근,승용,남,63세,상해없음,보행자,여,41세,중상
3694,2018051400100094,2018년 5월 14일 08시,월요일,경기도 수원시 장안구 송죽동,경상사고,0,0,1,0,차대사람 - 기타,안전운전불이행,포장 - 건조,맑음,단일로 - 기타,승용,여,57세,기타불명,보행자,여,39세,경상
3695,2018051400100097,2018년 5월 14일 08시,월요일,경기도 평택시 가재동,중상사고,0,1,0,0,차대사람 - 횡단중,안전운전불이행,포장 - 건조,맑음,단일로 - 기타,승용,남,59세,상해없음,보행자,여,75세,중상
3696,2018051400100099,2018년 5월 14일 08시,월요일,경기도 부천시 상동,중상사고,0,1,0,0,차대사람 - 횡단중,신호위반,포장 - 건조,맑음,단일로 - 기타,승용,여,59세,상해없음,보행자,여,68세,중상
3697,2018051400100100,2018년 5월 14일 08시,월요일,경기도 부천시 춘의동,중상사고,0,1,0,0,차대사람 - 기타,안전운전불이행,포장 - 건조,맑음,단일로 - 기타,승용,여,58세,상해없음,보행자,남,57세,중상
3698,2018051400100139,2018년 5월 14일 09시,월요일,경기도 성남시 수정구 태평동,중상사고,0,1,0,0,차대사람 - 횡단중,안전운전불이행,포장 - 건조,맑음,단일로 - 기타,이륜,남,34세,상해없음,보행자,남,75세,중상
3699,2018051400100229,2018년 5월 14일 12시,월요일,경기도 부천시 심곡동,중상사고,0,1,0,1,차대사람 - 기타,안전운전불이행,포장 - 건조,맑음,단일로 - 기타,승용,남,63세,상해없음,보행자,여,68세,중상
3700,2018051400100230,2018년 5월 14일 12시,월요일,경기도 부천시 중동,중상사고,0,1,0,0,차대사람 - 길가장자리구역통행중,안전운전불이행,포장 - 건조,맑음,단일로 - 기타,승용,여,56세,상해없음,보행자,여,71세,중상
3701,2018051400100233,2018년 5월 14일 12시,월요일,경기도 의왕시 내손동,중상사고,0,1,0,0,차대사람 - 차도통행중,안전운전불이행,포장 - 건조,맑음,단일로 - 기타,승용,남,68세,상해없음,보행자,여,80세,중상
3702,2018051400100249,2018년 5월 14일 12시,월요일,경기도 포천시 소흘읍,경상사고,0,0,1,0,차대사람 - 횡단중,신호위반,포장 - 건조,맑음,단일로 - 기타,승용,남,79세,상해없음,보행자,여,61세,경상
3703,2018051400100252,2018년 5월 14일 13시,월요일,경기도 평택시 팽성읍,경상사고,0,0,1,0,차대사람 - 기타,안전운전불이행,포장 - 건조,맑음,단일로 - 기타,승용,남,34세,상해없음,보행자,남,6세,경상
3704,2018051400100291,2018년 5월 14일 14시,월요일,경기도 안산시 상록구 본오동,경상사고,0,0,1,0,차대사람 - 횡단중,보행자보호의무위반,포장 - 건조,맑음,교차로 - 교차로안,승용,여,38세,상해없음,보행자,여,6세,경상
3705,2018051400100292,2018년 5월 14일 14시,월요일,경기도 안산시 상록구 일동,중상사고,0,1,0,0,차대사람 - 기타,기타,포장 - 건조,맑음,단일로 - 기타,승합,남,55세,상해없음,보행자,여,62세,중상
3706,2018051400100322,2018년 5월 14일 15시,월요일,경기도 용인시 수지구 풍덕천동,경상사고,0,0,1,0,차대사람 - 기타,기타,포장 - 건조,맑음,교차로 - 교차로안,화물,남,55세,상해없음,보행자,남,62세,경상
3707,2018051400100360,2018년 5월 14일 16시,월요일,경기도 김포시 양촌읍,경상사고,0,0,1,0,차대사람 - 기타,안전운전불이행,포장 - 건조,맑음,단일로 - 기타,농기계,남,61세,상해없음,보행자,남,68세,경상
3708,2018051400100361,2018년 5월 14일 16시,월요일,경기도 수원시 영통구 이의동,중상사고,0,1,0,0,차대사람 - 기타,안전운전불이행,포장 - 건조,맑음,교차로 - 교차로안,승용,여,54세,상해없음,보행자,남,47세,중상
3709,2018051400100362,2018년 5월 14일 16시,월요일,경기도 안산시 상록구 본오동,중상사고,0,1,0,0,차대사람 - 횡단중,신호위반,포장 - 건조,맑음,교차로 - 교차로부근,승용,여,56세,상해없음,보행자,남,12세,중상
3710,2018051400100384,2018년 5월 14일 16시,월요일,경기도 파주시 금촌동,경상사고,0,0,1,0,차대사람 - 기타,안전운전불이행,포장 - 건조,맑음,단일로 - 기타,승용,남,55세,상해없음,보행자,여,11세,경상
3711,2018051400100428,2018년 5월 14일 17시,월요일,경기도 남양주시 화도읍,부상신고사고,0,0,0,1,차대사람 - 횡단중,안전운전불이행,포장 - 건조,맑음,교차로 - 교차로횡단보도내,승용,여,62세,상해없음,보행자,여,5세,부상신고
3712,2018051400100438,2018년 5월 14일 18시,월요일,경기도 성남시 중원구 중앙동,부상신고사고,0,0,0,1,차대사람 - 기타,안전운전불이행,포장 - 건조,맑음,단일로 - 기타,화물,남,55세,상해없음,보행자,남,57세,부상신고
3713,2018051400100439,2018년 5월 14일 18시,월요일,경기도 안산시 상록구 사동,중상사고,0,1,0,0,차대사람 - 기타,안전운전불이행,포장 - 건조,맑음,기타 - 기타,승용,여,53세,상해없음,보행자,남,64세,중상
3714,2018051400100470,2018년 5월 14일 19시,월요일,경기도 평택시 이충동,경상사고,0,0,1,0,차대사람 - 기타,기타,포장 - 건조,맑음,기타 - 기타,승용,남,45세,상해없음,보행자,여,62세,경상
3715,2018051400100471,2018년 5월 14일 19시,월요일,경기도 안산시 단원구 신길동,중상사고,0,1,0,0,차대사람 - 기타,안전운전불이행,포장 - 건조,맑음,단일로 - 기타,승용,남,60세,상해없음,보행자,남,37세,중상
3716,2018051400100494,2018년 5월 14일 20시,월요일,경기도 평택시 서탄면,중상사고,0,1,0,0,차대사람 - 횡단중,안전운전불이행,포장 - 건조,맑음,단일로 - 기타,화물,남,63세,상해없음,보행자,여,68세,중상
3717,2018051400100560,2018년 5월 14일 22시,월요일,경기도 의정부시 의정부동,중상사고,0,1,0,0,차대사람 - 기타,안전운전불이행,포장 - 건조,맑음,교차로 - 교차로부근,승용,남,33세,상해없음,보행자,남,48세,중상
3718,2018051500100005,2018년 5월 15일 00시,화요일,경기도 용인시 기흥구 보정동,중상사고,0,1,0,0,차대사람 - 기타,안전운전불이행,포장 - 건조,맑음,단일로 - 기타,승용,남,34세,상해없음,보행자,남,27세,중상
3719,2018051500100099,2018년 5월 15일 08시,화요일,경기도 안성시 당왕동,경상사고,0,0,1,0,차대사람 - 기타,안전운전불이행,포장 - 건조,맑음,교차로 - 교차로부근,이륜,남,41세,상해없음,보행자,여,9세,경상
3720,2018051500100103,2018년 5월 15일 08시,화요일,경기도 안산시 단원구 선부동,중상사고,0,1,0,0,차대사람 - 기타,기타,포장 - 건조,맑음,교차로 - 교차로부근,화물,남,46세,상해없음,보행자,남,20세,중상
3721,2018051500100105,2018년 5월 15일 08시,화요일,경기도 시흥시 장현동,중상사고,0,1,0,0,차대사람 - 기타,안전운전불이행,포장 - 건조,맑음,교차로 - 교차로안,기타불명,기타불명,미분류,기타불명,보행자,여,38세,중상
3722,2018051500100141,2018년 5월 15일 09시,화요일,경기도 수원시 장안구 조원동,중상사고,0,1,0,0,차대사람 - 횡단중,신호위반,포장 - 건조,맑음,교차로 - 교차로안,승용,여,59세,상해없음,보행자,여,53세,중상
3723,2018051500100163,2018년 5월 15일 09시,화요일,경기도 고양시 덕양구 토당동,중상사고,0,1,0,0,차대사람 - 횡단중,안전운전불이행,포장 - 건조,맑음,교차로 - 교차로안,승용,여,38세,상해없음,보행자,여,64세,중상
3724,2018051500100175,2018년 5월 15일 10시,화요일,경기도 화성시 향남읍,경상사고,0,0,1,0,차대사람 - 기타,안전운전불이행,포장 - 건조,맑음,단일로 - 기타,승용,여,68세,상해없음,보행자,남,72세,경상
3725,2018051500100192,2018년 5월 15일 10시,화요일,경기도 파주시 아동동,중상사고,0,1,0,0,차대사람 - 기타,안전운전불이행,포장 - 건조,맑음,주차장 - 주차장,승용,남,61세,상해없음,보행자,남,42세,중상
3726,2018051500100223,2018년 5월 15일 12시,화요일,경기도 성남시 수정구 태평동,경상사고,0,0,1,0,차대사람 - 기타,안전운전불이행,포장 - 건조,맑음,단일로 - 기타,승합,남,56세,상해없음,보행자,여,25세,경상
3727,2018051500100224,2018년 5월 15일 12시,화요일,경기도 이천시 장호원읍,중상사고,0,1,0,0,차대사람 - 차도통행중,안전운전불이행,포장 - 건조,맑음,단일로 - 기타,승용,남,79세,상해없음,보행자,여,14세,중상
3728,2018051500100277,2018년 5월 15일 14시,화요일,경기도 부천시 원종동,경상사고,0,0,1,0,차대사람 - 기타,안전운전불이행,포장 - 건조,맑음,단일로 - 기타,승합,남,62세,상해없음,보행자,여,77세,경상
3729,2018051500100314,2018년 5월 15일 15시,화요일,경기도 화성시 진안동,경상사고,0,0,1,0,차대사람 - 횡단중,보행자보호의무위반,포장 - 건조,맑음,교차로 - 교차로횡단보도내,기타불명,기타불명,미분류,기타불명,보행자,여,19세,경상
3730,2018051500100342,2018년 5월 15일 15시,화요일,경기도 고양시 일산동구 백석동,경상사고,0,0,1,0,차대사람 - 횡단중,안전운전불이행,포장 - 건조,맑음,교차로 - 교차로안,승용,남,24세,상해없음,보행자,여,29세,경상
3731,2018051500100356,2018년 5월 15일 16시,화요일,경기도 성남시 수정구 복정동,중상사고,0,1,0,0,차대사람 - 기타,안전운전불이행,포장 - 건조,맑음,단일로 - 기타,건설기계,남,63세,상해없음,보행자,남,52세,중상
3732,2018051500100362,2018년 5월 15일 16시,화요일,경기도 안산시 상록구 본오동,경상사고,0,0,1,0,차대사람 - 횡단중,보행자보호의무위반,포장 - 건조,맑음,교차로 - 교차로횡단보도내,승용,여,64세,상해없음,보행자,남,65세,경상
3733,2018051500100391,2018년 5월 15일 17시,화요일,경기도 성남시 수정구 신흥동,경상사고,0,0,1,0,차대사람 - 기타,안전운전불이행,포장 - 건조,맑음,단일로 - 기타,화물,남,66세,상해없음,보행자,남,13세,경상
3734,2018051500100392,2018년 5월 15일 17시,화요일,경기도 안산시 단원구 원곡동,중상사고,0,1,0,0,차대사람 - 횡단중,안전운전불이행,포장 - 건조,맑음,교차로 - 교차로안,화물,남,43세,상해없음,보행자,남,59세,중상
3735,2018051500100424,2018년 5월 15일 18시,화요일,경기도 평택시 팽성읍,중상사고,0,1,0,0,차대사람 - 기타,안전운전불이행,포장 - 건조,맑음,교차로 - 교차로안,승용,남,27세,상해없음,보행자,여,7세,중상
3736,2018051500100428,2018년 5월 15일 18시,화요일,경기도 수원시 권선구 세류동,중상사고,0,1,0,0,차대사람 - 기타,안전운전불이행,포장 - 건조,맑음,단일로 - 기타,이륜,남,16세,상해없음,보행자,남,1세,중상
3737,2018051500100455,2018년 5월 15일 18시,화요일,경기도 남양주시 일패동,중상사고,0,1,0,0,차대사람 - 보도통행중,보행자보호의무위반,포장 - 건조,맑음,단일로 - 기타,승용,여,64세,상해없음,보행자,여,18세,중상
3738,2018051500100467,2018년 5월 15일 19시,화요일,경기도 안산시 상록구 수암동,경상사고,0,0,1,0,차대사람 - 기타,기타,포장 - 건조,맑음,교차로 - 교차로안,승용,남,41세,상해없음,보행자,남,7세,경상
3739,2018051500100487,2018년 5월 15일 19시,화요일,경기도 파주시 목동동,경상사고,0,0,1,0,차대사람 - 기타,기타,포장 - 건조,맑음,교차로 - 교차로부근,승용,남,24세,상해없음,보행자,남,21세,경상
3740,2018051500100502,2018년 5월 15일 20시,화요일,경기도 군포시 금정동,중상사고,0,1,0,0,차대사람 - 기타,안전운전불이행,포장 - 건조,맑음,단일로 - 기타,승용,남,48세,상해없음,보행자,남,33세,중상
3741,2018051500100552,2018년 5월 15일 22시,화요일,경기도 안산시 상록구 본오동,중상사고,0,1,1,0,차대사람 - 횡단중,안전운전불이행,포장 - 건조,맑음,교차로 - 교차로안,승용,남,19세,상해없음,보행자,남,33세,중상
3742,2018051500100576,2018년 5월 15일 23시,화요일,경기도 광명시 광명동,중상사고,0,1,0,0,차대사람 - 횡단중,신호위반,포장 - 건조,맑음,교차로 - 교차로안,승용,남,65세,상해없음,보행자,남,58세,중상
3743,2018051600100047,2018년 5월 16일 06시,수요일,경기도 의왕시 오전동,중상사고,0,1,0,0,차대사람 - 기타,안전운전불이행,포장 - 건조,맑음,기타 - 기타,기타불명,기타불명,미분류,기타불명,보행자,남,45세,중상
3744,2018051600100078,2018년 5월 16일 07시,수요일,경기도 고양시 일산동구 마두동,경상사고,0,0,1,0,차대사람 - 횡단중,보행자보호의무위반,포장 - 젖음/습기,비,단일로 - 기타,승용,남,49세,상해없음,보행자,남,49세,경상
3745,2018051600100086,2018년 5월 16일 08시,수요일,경기도 양평군 용문면,중상사고,0,1,0,0,차대사람 - 보도통행중,보행자보호의무위반,포장 - 건조,맑음,교차로 - 교차로횡단보도내,승용,남,61세,상해없음,보행자,여,12세,중상
3746,2018051600100088,2018년 5월 16일 08시,수요일,경기도 수원시 권선구 오목천동,중상사고,0,1,0,0,차대사람 - 횡단중,안전운전불이행,포장 - 젖음/습기,비,교차로 - 교차로부근,승용,여,39세,상해없음,보행자,여,55세,중상