,사고번호,사고일시,요일,시군구,사고내용,사망자수,중상자수,경상자수,부상신고자수,사고유형,법규위반,노면상태,기상상태,도로형태,가해운전자 차종,가해운전자 성별,가해운전자 연령,가해운전자 상해정도,피해운전자 차종,피해운전자 성별,피해운전자 연령,피해운전자 상해정도
3860,2018051900100623,2018년 5월 19일 20시,토요일,경기도 평택시 고덕면,사망사고,1,0,0,0,차대사람 - 기타,안전운전불이행,포장 - 건조,맑음,단일로 - 기타,승용,남,57세,상해없음,보행자,남,78세,사망
3861,2018051900100627,2018년 5월 19일 20시,토요일,경기도 군포시 산본동,경상사고,0,0,1,0,차대사람 - 차도통행중,안전운전불이행,포장 - 건조,맑음,단일로 - 기타,승용,여,43세,상해없음,보행자,여,15세,경상
3862,2018051900100628,2018년 5월 19일 20시,토요일,경기도 안산시 상록구 사동,경상사고,0,0,1,0,차대사람 - 기타,안전운전불이행,포장 - 건조,맑음,교차로 - 교차로안,승용,남,35세,상해없음,보행자,남,12세,경상
3863,2018051900100661,2018년 5월 19일 21시,토요일,경기도 여주시 하동,경상사고,0,0,1,0,차대사람 - 횡단중,안전운전불이행,포장 - 건조,맑음,교차로 - 교차로안,승용,남,39세,상해없음,보행자,여,63세,경상
3864,2018051900100664,2018년 5월 19일 21시,토요일,경기도 안산시 상록구 사동,경상사고,0,0,1,0,차대사람 - 횡단중,안전운전불이행,포장 - 건조,맑음,단일로 - 기타,승용,남,59세,상해없음,보행자,남,39세,경상
3865,2018051900100685,2018년 5월 19일 22시,토요일,경기도 안성시 봉산동,경상사고,0,0,1,0,차대사람 - 횡단중,안전운전불이행,포장 - 건조,맑음,교차로 - 교차로안,승용,남,39세,상해없음,보행자,남,62세,경상
3866,2018051900100707,2018년 5월 19일 22시,토요일,경기도 의정부시 호원동,부상신고사고,0,0,0,1,차대사람 - 횡단중,안전운전불이행,포장 - 건조,맑음,단일로 - 기타,승합,남,62세,상해없음,보행자,남,51세,부상신고
3867,2018052000100019,2018년 5월 20일 01시,일요일,경기도 광명시 철산동,경상사고,0,0,1,0,차대사람 - 기타,안전운전불이행,포장 - 건조,맑음,교차로 - 교차로안,승합,남,40세,상해없음,보행자,남,30세,경상
3868,2018052000100021,2018년 5월 20일 01시,일요일,경기도 군포시 산본동,경상사고,0,0,1,0,차대사람 - 기타,안전운전불이행,포장 - 건조,맑음,교차로 - 교차로부근,승용,남,58세,기타불명,보행자,남,34세,경상
3869,2018052000100033,2018년 5월 20일 02시,일요일,경기도 오산시 오산동,중상사고,0,1,0,0,차대사람 - 기타,안전운전불이행,포장 - 건조,맑음,단일로 - 기타,승용,남,22세,상해없음,보행자,남,37세,중상
3870,2018052000100054,2018년 5월 20일 04시,일요일,경기도 수원시 팔달구 인계동,중상사고,0,1,0,0,차대사람 - 기타,안전운전불이행,포장 - 건조,맑음,교차로 - 교차로안,승용,남,29세,상해없음,보행자,여,23세,중상
3871,2018052000100114,2018년 5월 20일 08시,일요일,경기도 성남시 중원구 금광동,중상사고,0,1,0,0,차대사람 - 횡단중,안전운전불이행,포장 - 건조,맑음,교차로 - 교차로횡단보도내,화물,남,46세,상해없음,보행자,남,19세,중상
3872,2018052000100145,2018년 5월 20일 10시,일요일,경기도 용인시 수지구 죽전동,부상신고사고,0,0,0,1,차대사람 - 횡단중,보행자보호의무위반,포장 - 건조,맑음,교차로 - 교차로횡단보도내,승합,남,64세,상해없음,보행자,여,19세,부상신고
3873,2018052000100216,2018년 5월 20일 13시,일요일,경기도 성남시 수정구 양지동,경상사고,0,0,1,0,차대사람 - 차도통행중,안전운전불이행,포장 - 건조,맑음,교차로 - 교차로안,화물,남,55세,상해없음,보행자,남,73세,경상
3874,2018052000100219,2018년 5월 20일 13시,일요일,경기도 안양시 만안구 석수동,중상사고,0,1,0,0,차대사람 - 보도통행중,안전운전불이행,포장 - 건조,맑음,단일로 - 기타,자전거,남,47세,상해없음,보행자,여,75세,중상
3875,2018052000100240,2018년 5월 20일 13시,일요일,경기도 의정부시 가능동,경상사고,0,0,1,0,차대사람 - 기타,안전운전불이행,포장 - 건조,맑음,단일로 - 기타,승용,남,76세,상해없음,보행자,여,69세,경상
3876,2018052000100313,2018년 5월 20일 16시,일요일,경기도 수원시 권선구 서둔동,경상사고,0,0,2,0,차대사람 - 횡단중,보행자보호의무위반,포장 - 건조,맑음,단일로 - 기타,승용,여,47세,상해없음,보행자,여,28세,경상
3877,2018052000100341,2018년 5월 20일 17시,일요일,경기도 안양시 동안구 비산동,경상사고,0,0,1,0,차대사람 - 기타,기타,포장 - 건조,맑음,기타 - 기타,승합,남,57세,상해없음,보행자,여,66세,경상
3878,2018052000100342,2018년 5월 20일 17시,일요일,경기도 광주시 장지동,경상사고,0,0,1,0,차대사람 - 횡단중,보행자보호의무위반,포장 - 건조,맑음,교차로 - 교차로횡단보도내,승용,남,47세,상해없음,보행자,남,6세,경상
3879,2018052000100345,2018년 5월 20일 17시,일요일,경기도 하남시 덕풍동,경상사고,0,0,1,0,차대사람 - 차도통행중,안전운전불이행,포장 - 건조,맑음,단일로 - 기타,승용,여,49세,상해없음,보행자,남,45세,경상
3880,2018052000100449,2018년 5월 20일 21시,일요일,경기도 성남시 분당구 궁내동,경상사고,0,0,1,0,차대사람 - 횡단중,신호위반,포장 - 건조,맑음,단일로 - 기타,승용,여,51세,상해없음,보행자,남,26세,경상
3881,2018052000100477,2018년 5월 20일 22시,일요일,경기도 광명시 광명동,중상사고,0,1,0,0,차대사람 - 기타,안전운전불이행,포장 - 건조,맑음,기타 - 기타,자전거,남,60세,상해없음,보행자,여,86세,중상
3882,2018052000100504,2018년 5월 20일 23시,일요일,경기도 고양시 덕양구 토당동,경상사고,0,0,1,0,차대사람 - 차도통행중,안전운전불이행,포장 - 건조,맑음,단일로 - 기타,승합,남,58세,상해없음,보행자,남,24세,경상
3883,2018052100100038,2018년 5월 21일 04시,월요일,경기도 고양시 일산동구 장항동,중상사고,0,1,0,0,차대사람 - 횡단중,안전운전불이행,포장 - 건조,맑음,단일로 - 기타,화물,남,38세,상해없음,보행자,남,47세,중상
3884,2018052100100040,2018년 5월 21일 05시,월요일,경기도 성남시 수정구 수진동,중상사고,0,1,0,0,차대사람 - 횡단중,안전운전불이행,포장 - 건조,맑음,단일로 - 기타,화물,남,71세,상해없음,보행자,남,48세,중상
3885,2018052100100054,2018년 5월 21일 06시,월요일,경기도 용인시 처인구 모현읍,중상사고,0,1,0,0,차대사람 - 횡단중,안전운전불이행,포장 - 건조,맑음,교차로 - 교차로안,화물,남,64세,상해없음,보행자,여,74세,중상
3886,2018052100100098,2018년 5월 21일 08시,월요일,경기도 광주시 오포읍,경상사고,0,0,1,0,차대사람 - 기타,안전운전불이행,포장 - 건조,맑음,교차로 - 교차로안,승용,남,37세,상해없음,보행자,남,63세,경상
3887,2018052100100130,2018년 5월 21일 09시,월요일,경기도 김포시 통진읍,중상사고,0,1,0,0,차대사람 - 횡단중,안전운전불이행,포장 - 건조,맑음,단일로 - 기타,승용,남,24세,상해없음,보행자,남,20세,중상
3888,2018052100100132,2018년 5월 21일 09시,월요일,경기도 시흥시 거모동,경상사고,0,0,1,0,차대사람 - 횡단중,안전운전불이행,포장 - 건조,맑음,단일로 - 기타,승용,여,40세,상해없음,보행자,남,56세,경상
3889,2018052100100161,2018년 5월 21일 10시,월요일,경기도 성남시 수정구 수진동,경상사고,0,0,1,0,차대사람 - 횡단중,신호위반,포장 - 건조,맑음,교차로 - 교차로횡단보도내,승용,남,67세,상해없음,보행자,남,19세,경상
3890,2018052100100187,2018년 5월 21일 10시,월요일,경기도 남양주시 별내동,경상사고,0,0,1,0,차대사람 - 기타,안전운전불이행,포장 - 건조,맑음,단일로 - 기타,승합,남,49세,상해없음,보행자,남,82세,경상
3891,2018052100100203,2018년 5월 21일 11시,월요일,경기도 수원시 권선구 곡반정동,중상사고,0,1,0,0,차대사람 - 기타,안전운전불이행,포장 - 건조,맑음,단일로 - 기타,승용,여,23세,상해없음,보행자,남,44세,중상
3892,2018052100100207,2018년 5월 21일 11시,월요일,경기도 수원시 팔달구 고등동,중상사고,0,1,0,0,차대사람 - 횡단중,안전운전불이행,포장 - 건조,맑음,단일로 - 기타,승용,남,28세,상해없음,보행자,여,51세,중상
3893,2018052100100226,2018년 5월 21일 11시,월요일,경기도 의정부시 의정부동,부상신고사고,0,0,0,1,차대사람 - 횡단중,안전운전불이행,포장 - 건조,맑음,교차로 - 교차로안,자전거,남,47세,상해없음,보행자,남,59세,부상신고
3894,2018052100100311,2018년 5월 21일 14시,월요일,경기도 김포시 사우동,중상사고,0,1,0,0,차대사람 - 기타,안전운전불이행,비포장 - 건조,맑음,단일로 - 기타,승용,남,40세,상해없음,보행자,남,7세,중상
3895,2018052100100313,2018년 5월 21일 14시,월요일,경기도 안산시 상록구 건건동,경상사고,0,0,1,0,차대사람 - 기타,안전운전불이행,포장 - 건조,맑음,주차장 - 주차장,승용,여,30세,상해없음,보행자,여,57세,경상
3896,2018052100100362,2018년 5월 21일 15시,월요일,경기도 남양주시 오남읍,경상사고,0,0,1,0,차대사람 - 횡단중,보행자보호의무위반,포장 - 건조,맑음,교차로 - 교차로횡단보도내,이륜,여,55세,상해없음,보행자,여,10세,경상
3897,2018052100100376,2018년 5월 21일 16시,월요일,경기도 광주시 오포읍,경상사고,0,0,2,0,차대사람 - 횡단중,신호위반,포장 - 건조,맑음,교차로 - 교차로안,자전거,남,15세,상해없음,보행자,여,10세,경상
3898,2018052100100398,2018년 5월 21일 16시,월요일,경기도 의정부시 의정부동,경상사고,0,0,1,1,차대사람 - 기타,안전운전불이행,포장 - 건조,맑음,단일로 - 기타,승용,남,60세,상해없음,보행자,여,70세,부상신고
3899,2018052100100400,2018년 5월 21일 16시,월요일,경기도 포천시 소흘읍,부상신고사고,0,0,0,1,차대사람 - 기타,안전운전불이행,포장 - 건조,맑음,단일로 - 기타,자전거,여,9세,상해없음,보행자,여,2세,부상신고
3900,2018052100100411,2018년 5월 21일 17시,월요일,경기도 평택시 세교동,중상사고,0,1,0,0,차대사람 - 기타,안전운전불이행,포장 - 건조,맑음,단일로 - 기타,화물,남,57세,상해없음,보행자,남,56세,중상
3901,2018052100100447,2018년 5월 21일 18시,월요일,경기도 광주시 태전동,경상사고,0,0,1,0,차대사람 - 기타,보행자보호의무위반,포장 - 건조,맑음,교차로 - 교차로횡단보도내,승용,여,48세,상해없음,보행자,남,54세,경상
3902,2018052100100449,2018년 5월 21일 18시,월요일,경기도 광명시 광명동,경상사고,0,0,2,0,차대사람 - 차도통행중,안전운전불이행,포장 - 건조,맑음,단일로 - 기타,승용,남,60세,상해없음,보행자,남,29세,경상
3903,2018052100100489,2018년 5월 21일 19시,월요일,경기도 수원시 영통구 매탄동,경상사고,0,0,1,0,차대사람 - 길가장자리구역통행중,안전운전불이행,포장 - 건조,맑음,단일로 - 기타,승용,여,41세,상해없음,보행자,남,26세,경상
3904,2018052100100490,2018년 5월 21일 19시,월요일,경기도 시흥시 거모동,경상사고,0,0,1,0,차대사람 - 기타,안전운전불이행,포장 - 건조,맑음,단일로 - 기타,승용,남,58세,상해없음,보행자,남,6세,경상
3905,2018052100100522,2018년 5월 21일 20시,월요일,경기도 이천시 갈산동,경상사고,0,0,1,0,차대사람 - 기타,안전운전불이행,포장 - 건조,맑음,교차로 - 교차로부근,승용,여,38세,상해없음,보행자,남,16세,경상
3906,2018052100100543,2018년 5월 21일 20시,월요일,경기도 의정부시 민락동,부상신고사고,0,0,0,1,차대사람 - 기타,안전거리미확보,포장 - 건조,맑음,단일로 - 기타,이륜,남,26세,상해없음,보행자,여,32세,부상신고
3907,2018052100100550,2018년 5월 21일 21시,월요일,경기도 김포시 통진읍,경상사고,0,0,1,0,차대사람 - 기타,안전운전불이행,포장 - 건조,맑음,단일로 - 기타,승용,남,23세,상해없음,보행자,남,22세,경상
3908,2018052100100553,2018년 5월 21일 21시,월요일,경기도 수원시 영통구 이의동,경상사고,0,0,1,0,차대사람 - 기타,안전운전불이행,포장 - 건조,맑음,단일로 - 기타,승합,남,59세,상해없음,보행자,여,53세,경상
3909,2018052100100554,2018년 5월 21일 21시,월요일,경기도 안산시 상록구 월피동,경상사고,0,0,1,0,차대사람 - 기타,안전운전불이행,포장 - 건조,맑음,단일로 - 기타,승용,남,60세,상해없음,보행자,남,10세,경상
3910,2018052100100631,2018년 5월 21일 23시,월요일,경기도 의정부시 호원동,경상사고,0,0,1,0,차대사람 - 횡단중,신호위반,포장 - 건조,맑음,단일로 - 기타,이륜,남,19세,상해없음,보행자,남,23세,경상
3911,2018052200100014,2018년 5월 22일 00시,화요일,경기도 구리시 수택동,중상사고,0,1,0,0,차대사람 - 기타,안전운전불이행,포장 - 건조,맑음,단일로 - 기타,승용,남,63세,상해없음,보행자,여,26세,중상
3912,2018052200100019,2018년 5월 22일 01시,화요일,경기도 부천시 상동,경상사고,0,0,1,0,차대사람 - 기타,안전운전불이행,포장 - 건조,맑음,교차로 - 교차로안,승용,남,35세,상해없음,보행자,남,31세,경상
3913,2018052200100020,2018년 5월 22일 01시,화요일,경기도 부천시 상동,중상사고,0,2,0,0,차대사람 - 기타,안전운전불이행,포장 - 건조,맑음,교차로 - 교차로안,승용,남,56세,상해없음,보행자,남,32세,중상
3914,2018052200100030,2018년 5월 22일 01시,화요일,경기도 고양시 일산서구 대화동,중상사고,0,1,0,0,차대사람 - 차도통행중,안전운전불이행,포장 - 건조,기타,교차로 - 교차로부근,기타불명,기타불명,미분류,기타불명,보행자,남,52세,중상
3915,2018052200100036,2018년 5월 22일 02시,화요일,경기도 화성시 진안동,경상사고,0,0,1,0,차대사람 - 횡단중,교차로운행방법위반,포장 - 건조,맑음,교차로 - 교차로횡단보도내,승용,남,70세,상해없음,보행자,남,34세,경상
3916,2018052200100066,2018년 5월 22일 04시,화요일,경기도 부천시 중동,중상사고,0,2,4,0,차대사람 - 횡단중,신호위반,포장 - 건조,맑음,교차로 - 교차로안,승용,남,32세,상해없음,보행자,남,28세,중상
3917,2018052200100123,2018년 5월 22일 08시,화요일,경기도 군포시 금정동,중상사고,0,1,0,0,차대사람 - 기타,기타,포장 - 건조,맑음,단일로 - 기타,승용,여,61세,상해없음,보행자,남,21세,중상
3918,2018052200100140,2018년 5월 22일 08시,화요일,경기도 고양시 일산동구 마두동,중상사고,0,1,0,0,차대사람 - 횡단중,신호위반,포장 - 건조,흐림,단일로 - 기타,승합,남,28세,상해없음,보행자,여,27세,중상
3919,2018052200100178,2018년 5월 22일 10시,화요일,경기도 수원시 장안구 연무동,중상사고,0,1,0,0,차대사람 - 기타,안전운전불이행,포장 - 건조,맑음,단일로 - 기타,승용,남,55세,상해없음,보행자,여,49세,중상
3920,2018052200100205,2018년 5월 22일 11시,화요일,경기도 수원시 장안구 연무동,경상사고,0,0,1,0,차대사람 - 길가장자리구역통행중,안전운전불이행,포장 - 건조,맑음,단일로 - 기타,승용,남,58세,상해없음,보행자,여,82세,경상
3921,2018052200100230,2018년 5월 22일 12시,화요일,경기도 수원시 팔달구 우만동,경상사고,0,0,1,0,차대사람 - 기타,신호위반,포장 - 건조,맑음,단일로 - 기타,승용,남,46세,상해없음,보행자,남,7세,경상
3922,2018052200100233,2018년 5월 22일 12시,화요일,경기도 광명시 광명동,부상신고사고,0,0,0,1,차대사람 - 횡단중,안전운전불이행,포장 - 건조,맑음,교차로 - 교차로횡단보도내,승용,남,76세,상해없음,보행자,여,72세,부상신고
3923,2018052200100270,2018년 5월 22일 13시,화요일,경기도 수원시 팔달구 우만동,경상사고,0,0,1,0,차대사람 - 기타,안전운전불이행,포장 - 건조,맑음,단일로 - 기타,승용,남,75세,상해없음,보행자,여,14세,경상
3924,2018052200100271,2018년 5월 22일 13시,화요일,경기도 성남시 수정구 태평동,경상사고,0,0,1,0,차대사람 - 길가장자리구역통행중,안전운전불이행,포장 - 건조,맑음,단일로 - 기타,승합,남,69세,상해없음,보행자,여,75세,경상
3925,2018052200100276,2018년 5월 22일 13시,화요일,경기도 시흥시 신천동,경상사고,0,0,1,0,차대사람 - 횡단중,신호위반,포장 - 건조,맑음,단일로 - 기타,승용,여,42세,상해없음,보행자,여,48세,경상
3926,2018052200100314,2018년 5월 22일 14시,화요일,경기도 안산시 단원구 대부북동,중상사고,0,1,0,0,차대사람 - 횡단중,안전운전불이행,포장 - 건조,맑음,단일로 - 기타,승용,여,31세,기타불명,보행자,여,55세,중상
3927,2018052200100317,2018년 5월 22일 14시,화요일,경기도 안양시 만안구 안양동,중상사고,0,1,0,0,차대사람 - 기타,안전운전불이행,포장 - 건조,맑음,교차로 - 교차로안,승용,여,56세,상해없음,보행자,여,80세,중상
3928,2018052200100341,2018년 5월 22일 14시,화요일,경기도 파주시 금촌동,중상사고,0,1,0,0,차대사람 - 기타,안전운전불이행,포장 - 젖음/습기,비,교차로 - 교차로부근,승용,여,50세,상해없음,보행자,여,62세,중상
3929,2018052200100352,2018년 5월 22일 15시,화요일,경기도 수원시 팔달구 팔달로3가,중상사고,0,1,0,0,차대사람 - 기타,안전운전불이행,포장 - 건조,맑음,교차로 - 교차로안,승용,여,22세,상해없음,보행자,남,57세,중상
3930,2018052200100369,2018년 5월 22일 15시,화요일,경기도 고양시 덕양구 화정동,중상사고,0,1,0,0,차대사람 - 횡단중,보행자보호의무위반,포장 - 젖음/습기,비,교차로 - 교차로횡단보도내,승용,남,49세,상해없음,보행자,남,53세,중상
3931,2018052200100380,2018년 5월 22일 16시,화요일,경기도 이천시 창전동,경상사고,0,0,1,0,차대사람 - 기타,보행자보호의무위반,포장 - 젖음/습기,비,단일로 - 기타,이륜,남,21세,상해없음,보행자,남,34세,경상
3932,2018052200100406,2018년 5월 22일 17시,화요일,경기도 광명시 광명동,부상신고사고,0,0,0,1,차대사람 - 기타,안전운전불이행,포장 - 젖음/습기,비,단일로 - 기타,승용,남,60세,기타불명,보행자,여,70세,부상신고
3933,2018052200100437,2018년 5월 22일 18시,화요일,경기도 수원시 장안구 연무동,부상신고사고,0,0,0,1,차대사람 - 차도통행중,안전운전불이행,포장 - 젖음/습기,비,단일로 - 기타,승용,남,39세,상해없음,보행자,남,66세,부상신고
3934,2018052200100441,2018년 5월 22일 18시,화요일,경기도 부천시 원미동,경상사고,0,0,1,0,차대사람 - 길가장자리구역통행중,안전운전불이행,포장 - 젖음/습기,비,단일로 - 기타,화물,남,47세,상해없음,보행자,여,13세,경상
3935,2018052200100442,2018년 5월 22일 18시,화요일,경기도 안산시 단원구 원곡동,중상사고,0,1,0,0,차대사람 - 차도통행중,안전운전불이행,포장 - 젖음/습기,비,단일로 - 기타,이륜,남,34세,상해없음,보행자,남,38세,중상
3936,2018052200100461,2018년 5월 22일 18시,화요일,경기도 의정부시 의정부동,경상사고,0,0,1,0,차대사람 - 기타,안전운전불이행,포장 - 기타,비,단일로 - 기타,승용,남,31세,상해없음,보행자,여,56세,경상
3937,2018052200100500,2018년 5월 22일 19시,화요일,경기도 파주시 금촌동,경상사고,0,0,2,0,차대사람 - 횡단중,안전운전불이행,포장 - 젖음/습기,비,단일로 - 기타,원동기,남,17세,경상,보행자,남,61세,경상
3938,2018052200100510,2018년 5월 22일 20시,화요일,경기도 수원시 장안구 영화동,경상사고,0,0,1,0,차대사람 - 횡단중,안전운전불이행,포장 - 젖음/습기,비,교차로 - 교차로안,승용,여,29세,상해없음,보행자,남,54세,경상
3939,2018052200100515,2018년 5월 22일 20시,화요일,경기도 시흥시 대야동,중상사고,0,1,0,0,차대사람 - 기타,안전운전불이행,포장 - 젖음/습기,비,단일로 - 기타,기타불명,기타불명,미분류,기타불명,보행자,남,61세,중상
3940,2018052200100543,2018년 5월 22일 20시,화요일,경기도 고양시 덕양구 성사동,부상신고사고,0,0,0,1,차대사람 - 차도통행중,안전운전불이행,포장 - 젖음/습기,비,단일로 - 기타,승용,남,46세,상해없음,보행자,남,42세,부상신고
3941,2018052200100544,2018년 5월 22일 20시,화요일,경기도 남양주시 오남읍,경상사고,0,0,1,0,차대사람 - 횡단중,신호위반,포장 - 젖음/습기,비,기타 - 기타,원동기,남,21세,상해없음,보행자,남,16세,경상
3942,2018052200100552,2018년 5월 22일 21시,화요일,경기도 부천시 상동,경상사고,0,0,1,0,차대사람 - 기타,안전운전불이행,포장 - 건조,맑음,단일로 - 기타,승용,여,45세,상해없음,보행자,남,40세,경상
3943,2018052200100588,2018년 5월 22일 22시,화요일,경기도 평택시 지산동,중상사고,0,1,0,0,차대사람 - 횡단중,안전운전불이행,포장 - 젖음/습기,비,교차로 - 교차로안,승용,남,31세,기타불명,보행자,남,46세,중상
3944,2018052200100589,2018년 5월 22일 22시,화요일,경기도 김포시 사우동,중상사고,0,1,0,0,차대사람 - 횡단중,보행자보호의무위반,포장 - 젖음/습기,비,교차로 - 교차로부근,이륜,남,57세,상해없음,보행자,남,42세,중상
3945,2018052200100594,2018년 5월 22일 22시,화요일,경기도 안양시 만안구 안양동,경상사고,0,0,1,0,차대사람 - 기타,안전운전불이행,포장 - 젖음/습기,비,주차장 - 주차장,승용,남,35세,상해없음,보행자,남,17세,경상
3946,2018052200100618,2018년 5월 22일 23시,화요일,경기도 수원시 권선구 고색동,중상사고,0,1,0,0,차대사람 - 횡단중,신호위반,포장 - 건조,맑음,교차로 - 교차로횡단보도내,화물,남,69세,상해없음,보행자,여,59세,중상
3947,2018052200100619,2018년 5월 22일 23시,화요일,경기도 용인시 수지구 풍덕천동,중상사고,0,1,0,0,차대사람 - 기타,보행자보호의무위반,포장 - 젖음/습기,비,교차로 - 교차로횡단보도내,승용,남,53세,상해없음,보행자,남,56세,중상
3948,2018052300100064,2018년 5월 23일 06시,수요일,경기도 파주시 탄현면,경상사고,0,0,1,0,차대사람 - 기타,안전운전불이행,포장 - 건조,맑음,단일로 - 기타,승용,남,49세,상해없음,보행자,남,23세,경상
3949,2018052300100117,2018년 5월 23일 08시,수요일,경기도 부천시 내동,경상사고,0,0,1,0,차대사람 - 횡단중,안전운전불이행,포장 - 건조,맑음,단일로 - 기타,승용,남,43세,상해없음,보행자,남,51세,경상
3950,2018052300100154,2018년 5월 23일 09시,수요일,경기도 용인시 기흥구 서천동,경상사고,0,0,1,0,차대사람 - 횡단중,신호위반,포장 - 건조,맑음,교차로 - 교차로횡단보도내,승용,여,36세,상해없음,보행자,여,5세,경상
3951,2018052300100226,2018년 5월 23일 11시,수요일,경기도 군포시 당정동,중상사고,0,1,0,0,차대사람 - 횡단중,보행자보호의무위반,포장 - 건조,맑음,교차로 - 교차로횡단보도내,화물,남,63세,상해없음,보행자,남,45세,중상
3952,2018052300100249,2018년 5월 23일 11시,수요일,경기도 고양시 일산동구 풍동,중상사고,0,1,0,0,차대사람 - 기타,안전운전불이행,포장 - 건조,맑음,단일로 - 기타,승용,남,55세,상해없음,보행자,여,76세,중상
3953,2018052300100269,2018년 5월 23일 12시,수요일,경기도 수원시 장안구 조원동,경상사고,0,0,1,0,차대사람 - 기타,안전운전불이행,포장 - 건조,맑음,교차로 - 교차로안,승용,남,60세,상해없음,보행자,여,47세,경상
3954,2018052300100305,2018년 5월 23일 13시,수요일,경기도 광명시 소하동,부상신고사고,0,0,0,1,차대사람 - 보도통행중,안전운전불이행,포장 - 건조,맑음,단일로 - 기타,기타불명,기타불명,미분류,기타불명,보행자,여,8세,부상신고
3955,2018052300100335,2018년 5월 23일 14시,수요일,경기도 광명시 철산동,부상신고사고,0,0,0,1,차대사람 - 기타,안전운전불이행,포장 - 건조,맑음,단일로 - 기타,화물,남,50세,상해없음,보행자,남,11세,부상신고
3956,2018052300100376,2018년 5월 23일 15시,수요일,경기도 오산시 원동,경상사고,0,0,1,0,차대사람 - 기타,보행자보호의무위반,포장 - 건조,맑음,교차로 - 교차로부근,이륜,남,18세,상해없음,보행자,남,16세,경상
3957,2018052300100377,2018년 5월 23일 15시,수요일,경기도 군포시 금정동,경상사고,0,0,1,0,차대사람 - 기타,기타,포장 - 건조,맑음,교차로 - 교차로부근,승합,남,59세,상해없음,보행자,여,85세,경상
3958,2018052300100400,2018년 5월 23일 16시,수요일,경기도 평택시 소사동,중상사고,0,1,0,0,차대사람 - 기타,안전운전불이행,포장 - 건조,맑음,교차로 - 교차로안,승용,남,59세,상해없음,보행자,여,67세,중상
3959,2018052300100404,2018년 5월 23일 16시,수요일,경기도 광주시 경안동,부상신고사고,0,0,0,1,차대사람 - 기타,안전운전불이행,포장 - 건조,맑음,단일로 - 기타,기타불명,기타불명,미분류,기타불명,보행자,여,53세,부상신고
3960,2018052300100431,2018년 5월 23일 16시,수요일,경기도 동두천시 생연동,중상사고,0,1,0,0,차대사람 - 기타,안전운전불이행,포장 - 건조,맑음,단일로 - 기타,승용,여,48세,상해없음,보행자,남,36세,중상
3961,2018052300100444,2018년 5월 23일 17시,수요일,경기도 화성시 마도면,중상사고,0,1,0,0,차대사람 - 기타,안전운전불이행,포장 - 건조,맑음,단일로 - 기타,승용,여,31세,상해없음,보행자,남,60세,중상
3962,2018052300100446,2018년 5월 23일 17시,수요일,경기도 부천시 고강동,경상사고,0,0,1,0,차대사람 - 보도통행중,안전운전불이행,포장 - 건조,맑음,단일로 - 기타,화물,남,52세,상해없음,보행자,여,35세,경상
3963,2018052300100535,2018년 5월 23일 18시,수요일,경기도 의정부시 의정부동,중상사고,0,1,1,0,차대사람 - 길가장자리구역통행중,안전운전불이행,포장 - 건조,맑음,교차로 - 교차로안,승용,여,52세,상해없음,보행자,여,75세,중상
3964,2018052300100538,2018년 5월 23일 18시,수요일,경기도 남양주시 별내동,경상사고,0,0,1,0,차대사람 - 횡단중,안전운전불이행,포장 - 건조,맑음,단일로 - 기타,승용,남,40세,상해없음,보행자,남,미분류,경상
3965,2018052300100540,2018년 5월 23일 18시,수요일,경기도 구리시 인창동,경상사고,0,0,1,0,차대사람 - 기타,안전운전불이행,포장 - 건조,맑음,단일로 - 기타,승합,남,60세,상해없음,보행자,여,49세,경상
3966,2018052300100550,2018년 5월 23일 19시,수요일,경기도 광주시 탄벌동,경상사고,0,0,1,0,차대사람 - 기타,안전운전불이행,포장 - 건조,맑음,단일로 - 기타,승용,여,61세,상해없음,보행자,여,45세,경상
3967,2018052300100555,2018년 5월 23일 19시,수요일,경기도 용인시 수지구 고기동,중상사고,0,1,0,0,차대사람 - 기타,안전운전불이행,포장 - 건조,맑음,단일로 - 기타,승용,남,61세,상해없음,보행자,남,8세,중상
3968,2018052300100571,2018년 5월 23일 19시,수요일,경기도 파주시 와동,중상사고,0,1,0,0,차대사람 - 횡단중,안전운전불이행,포장 - 건조,맑음,교차로 - 교차로안,건설기계,남,48세,상해없음,보행자,여,53세,중상
3969,2018052300100629,2018년 5월 23일 21시,수요일,경기도 구리시 인창동,경상사고,0,0,1,0,차대사람 - 기타,기타,포장 - 건조,맑음,단일로 - 기타,승합,남,48세,상해없음,보행자,여,59세,경상
3970,2018052300100648,2018년 5월 23일 22시,수요일,경기도 포천시 신읍동,경상사고,0,0,1,0,차대사람 - 기타,안전운전불이행,포장 - 건조,맑음,교차로 - 교차로부근,승용,남,33세,상해없음,보행자,남,62세,경상
3971,2018052400100006,2018년 5월 24일 00시,목요일,경기도 군포시 산본동,경상사고,0,0,1,0,차대사람 - 기타,신호위반,포장 - 건조,맑음,교차로 - 교차로안,승용,남,62세,상해없음,보행자,남,48세,경상
3972,2018052400100007,2018년 5월 24일 00시,목요일,경기도 성남시 중원구 성남동,경상사고,0,0,1,0,차대사람 - 기타,안전운전불이행,포장 - 건조,맑음,기타 - 기타,승용,남,47세,상해없음,보행자,남,54세,경상