,사고번호,사고일시,요일,시군구,사고내용,사망자수,중상자수,경상자수,부상신고자수,사고유형,법규위반,노면상태,기상상태,도로형태,가해운전자 차종,가해운전자 성별,가해운전자 연령,가해운전자 상해정도,피해운전자 차종,피해운전자 성별,피해운전자 연령,피해운전자 상해정도
3973,2018052400100043,2018년 5월 24일 04시,목요일,경기도 시흥시 거모동,사망사고,1,0,0,0,차대사람 - 기타,안전운전불이행,포장 - 건조,맑음,단일로 - 기타,승용,남,41세,상해없음,보행자,여,60세,사망
3974,2018052400100055,2018년 5월 24일 06시,목요일,경기도 안양시 동안구 평촌동,중상사고,0,1,0,0,차대사람 - 횡단중,안전운전불이행,포장 - 건조,맑음,교차로 - 교차로안,승용,여,71세,상해없음,보행자,여,83세,중상
3975,2018052400100112,2018년 5월 24일 08시,목요일,경기도 용인시 처인구 역북동,경상사고,0,0,1,0,차대사람 - 횡단중,보행자보호의무위반,포장 - 건조,맑음,교차로 - 교차로부근,승용,여,36세,상해없음,보행자,여,80세,경상
3976,2018052400100113,2018년 5월 24일 08시,목요일,경기도 용인시 처인구 백암면,중상사고,0,1,0,0,차대사람 - 횡단중,안전운전불이행,포장 - 건조,맑음,단일로 - 기타,승용,남,73세,상해없음,보행자,여,69세,중상
3977,2018052400100119,2018년 5월 24일 08시,목요일,경기도 하남시 덕풍동,사망사고,1,0,0,0,차대사람 - 기타,신호위반,포장 - 건조,맑음,교차로 - 교차로부근,승용,여,41세,상해없음,보행자,여,60세,사망
3978,2018052400100145,2018년 5월 24일 08시,목요일,경기도 고양시 일산서구 주엽동,중상사고,0,1,0,0,차대사람 - 횡단중,신호위반,포장 - 건조,맑음,교차로 - 교차로안,승용,남,65세,상해없음,보행자,남,83세,중상
3979,2018052400100189,2018년 5월 24일 10시,목요일,경기도 부천시 괴안동,경상사고,0,0,1,0,차대사람 - 보도통행중,기타,포장 - 건조,맑음,기타 - 기타,자전거,남,60세,상해없음,보행자,여,64세,경상
3980,2018052400100191,2018년 5월 24일 10시,목요일,경기도 의왕시 청계동,중상사고,0,1,0,0,차대사람 - 기타,안전운전불이행,포장 - 건조,맑음,교차로 - 교차로부근,승용,여,47세,상해없음,보행자,여,75세,중상
3981,2018052400100214,2018년 5월 24일 10시,목요일,경기도 의정부시 신곡동,경상사고,0,0,1,0,차대사람 - 기타,안전운전불이행,포장 - 건조,맑음,단일로 - 기타,화물,남,27세,상해없음,보행자,남,22세,경상
3982,2018052400100217,2018년 5월 24일 10시,목요일,경기도 구리시 교문동,경상사고,0,0,1,0,차대사람 - 차도통행중,안전운전불이행,포장 - 건조,맑음,단일로 - 기타,승용,남,51세,상해없음,보행자,남,31세,경상
3983,2018052400100224,2018년 5월 24일 11시,목요일,경기도 수원시 팔달구 우만동,중상사고,0,1,0,0,차대사람 - 횡단중,보행자보호의무위반,포장 - 건조,맑음,단일로 - 기타,승용,남,44세,상해없음,보행자,여,75세,중상
3984,2018052400100258,2018년 5월 24일 12시,목요일,경기도 이천시 장호원읍,중상사고,0,1,0,0,차대사람 - 기타,안전운전불이행,포장 - 건조,맑음,단일로 - 기타,화물,남,69세,상해없음,보행자,남,85세,중상
3985,2018052400100291,2018년 5월 24일 13시,목요일,경기도 부천시 심곡본동,경상사고,0,0,1,0,차대사람 - 기타,기타,포장 - 건조,맑음,기타 - 기타,승용,남,55세,기타불명,보행자,여,67세,경상
3986,2018052400100292,2018년 5월 24일 13시,목요일,경기도 부천시 상동,중상사고,0,1,0,0,차대사람 - 횡단중,안전운전불이행,포장 - 건조,맑음,단일로 - 기타,승용,남,61세,상해없음,보행자,여,58세,중상
3987,2018052400100300,2018년 5월 24일 13시,목요일,경기도 부천시 원종동,중상사고,0,1,0,0,차대사람 - 차도통행중,안전운전불이행,포장 - 건조,맑음,단일로 - 기타,건설기계,남,56세,상해없음,보행자,여,90세 이상,중상
3988,2018052400100320,2018년 5월 24일 14시,목요일,경기도 시흥시 정왕동,경상사고,0,0,1,0,차대사람 - 기타,안전운전불이행,포장 - 건조,맑음,단일로 - 기타,승용,남,52세,상해없음,보행자,여,51세,경상
3989,2018052400100346,2018년 5월 24일 15시,목요일,경기도 안산시 상록구 사동,경상사고,0,0,1,0,차대사람 - 보도통행중,기타,포장 - 건조,맑음,단일로 - 기타,승용,여,43세,상해없음,보행자,여,51세,경상
3990,2018052400100366,2018년 5월 24일 15시,목요일,경기도 의정부시 의정부동,경상사고,0,0,1,0,차대사람 - 횡단중,신호위반,포장 - 건조,맑음,교차로 - 교차로횡단보도내,승용,여,58세,상해없음,보행자,여,68세,경상
3991,2018052400100375,2018년 5월 24일 16시,목요일,경기도 광주시 경안동,경상사고,0,0,1,0,차대사람 - 기타,안전운전불이행,포장 - 건조,맑음,단일로 - 기타,승합,남,66세,상해없음,보행자,여,62세,경상
3992,2018052400100376,2018년 5월 24일 16시,목요일,경기도 부천시 심곡본동,경상사고,0,0,1,0,차대사람 - 기타,안전운전불이행,포장 - 기타,맑음,교차로 - 교차로부근,승용,남,38세,상해없음,보행자,여,54세,경상
3993,2018052400100403,2018년 5월 24일 16시,목요일,경기도 파주시 연다산동,경상사고,0,0,1,0,차대사람 - 차도통행중,안전운전불이행,포장 - 건조,맑음,교차로 - 교차로부근,승용,남,52세,상해없음,보행자,남,82세,경상
3994,2018052400100411,2018년 5월 24일 17시,목요일,경기도 평택시 포승읍,경상사고,0,0,1,0,차대사람 - 기타,안전운전불이행,포장 - 건조,맑음,교차로 - 교차로안,승용,남,25세,상해없음,보행자,여,7세,경상
3995,2018052400100412,2018년 5월 24일 17시,목요일,경기도 부천시 원미동,부상신고사고,0,0,0,1,차대사람 - 차도통행중,신호위반,포장 - 건조,맑음,교차로 - 교차로안,자전거,남,30세,기타불명,보행자,남,8세,부상신고
3996,2018052400100413,2018년 5월 24일 17시,목요일,경기도 성남시 분당구 수내동,경상사고,0,0,1,0,차대사람 - 기타,안전운전불이행,포장 - 건조,맑음,교차로 - 교차로안,승용,여,57세,상해없음,보행자,여,11세,경상
3997,2018052400100421,2018년 5월 24일 17시,목요일,경기도 용인시 수지구 상현동,중상사고,0,1,0,0,차대사람 - 횡단중,기타,포장 - 건조,맑음,단일로 - 기타,승용,남,60세,상해없음,보행자,여,49세,중상
3998,2018052400100451,2018년 5월 24일 17시,목요일,경기도 고양시 일산동구 장항동,부상신고사고,0,0,0,1,차대사람 - 기타,안전운전불이행,포장 - 건조,맑음,단일로 - 기타,화물,남,54세,상해없음,보행자,남,53세,부상신고
3999,2018052400100452,2018년 5월 24일 17시,목요일,경기도 남양주시 진접읍,경상사고,0,0,1,0,차대사람 - 횡단중,안전운전불이행,포장 - 건조,맑음,단일로 - 기타,승용,여,60세,상해없음,보행자,여,17세,경상
4000,2018052400100470,2018년 5월 24일 18시,목요일,경기도 화성시 향남읍,중상사고,0,1,0,0,차대사람 - 차도통행중,안전운전불이행,포장 - 건조,맑음,단일로 - 기타,승용,남,71세,상해없음,보행자,남,8세,중상
4001,2018052400100509,2018년 5월 24일 19시,목요일,경기도 수원시 팔달구 인계동,경상사고,0,0,1,0,차대사람 - 기타,안전운전불이행,포장 - 건조,맑음,단일로 - 기타,화물,남,40세,상해없음,보행자,여,35세,경상
4002,2018052400100535,2018년 5월 24일 20시,목요일,경기도 광주시 쌍령동,경상사고,0,0,2,0,차대사람 - 횡단중,안전운전불이행,포장 - 건조,맑음,단일로 - 기타,이륜,남,48세,경상,보행자,남,66세,경상
4003,2018052400100561,2018년 5월 24일 20시,목요일,경기도 구리시 수택동,중상사고,0,1,0,0,차대사람 - 차도통행중,안전운전불이행,포장 - 건조,맑음,단일로 - 기타,승용,남,30세,상해없음,보행자,남,3세,중상
4004,2018052400100572,2018년 5월 24일 21시,목요일,경기도 화성시 반송동,경상사고,0,0,1,0,차대사람 - 기타,안전운전불이행,포장 - 건조,맑음,교차로 - 교차로부근,승용,남,39세,상해없음,보행자,남,41세,경상
4005,2018052400100602,2018년 5월 24일 22시,목요일,경기도 김포시 고촌읍,경상사고,0,0,1,0,차대사람 - 기타,안전운전불이행,포장 - 건조,맑음,단일로 - 기타,승합,남,48세,상해없음,보행자,여,23세,경상
4006,2018052500100061,2018년 5월 25일 05시,금요일,경기도 광명시 광명동,경상사고,0,0,1,0,차대사람 - 기타,안전운전불이행,포장 - 건조,맑음,기타 - 기타,승합,남,53세,상해없음,보행자,남,62세,경상
4007,2018052500100083,2018년 5월 25일 07시,금요일,경기도 용인시 처인구 운학동,중상사고,0,1,0,0,차대사람 - 기타,안전운전불이행,포장 - 건조,맑음,단일로 - 기타,승용,남,52세,상해없음,보행자,남,76세,중상
4008,2018052500100116,2018년 5월 25일 08시,금요일,경기도 부천시 도당동,경상사고,0,0,1,0,차대사람 - 차도통행중,안전운전불이행,포장 - 건조,맑음,단일로 - 기타,화물,남,46세,상해없음,보행자,남,75세,경상
4009,2018052500100121,2018년 5월 25일 08시,금요일,경기도 용인시 수지구 죽전동,경상사고,0,0,1,0,차대사람 - 횡단중,안전운전불이행,포장 - 건조,맑음,단일로 - 기타,승용,여,57세,상해없음,보행자,여,31세,경상
4010,2018052500100146,2018년 5월 25일 08시,금요일,경기도 의정부시 금오동,경상사고,0,0,1,0,차대사람 - 횡단중,안전운전불이행,포장 - 건조,맑음,단일로 - 기타,승용,남,36세,상해없음,보행자,여,17세,경상
4011,2018052500100199,2018년 5월 25일 10시,금요일,경기도 수원시 팔달구 우만동,부상신고사고,0,0,0,1,차대사람 - 기타,안전운전불이행,포장 - 건조,맑음,기타 - 기타,승용,남,46세,상해없음,보행자,남,68세,부상신고
4012,2018052500100202,2018년 5월 25일 10시,금요일,경기도 성남시 중원구 성남동,중상사고,0,1,0,0,차대사람 - 횡단중,신호위반,포장 - 건조,맑음,단일로 - 기타,승용,남,52세,상해없음,보행자,남,63세,중상
4013,2018052500100224,2018년 5월 25일 10시,금요일,경기도 파주시 금촌동,중상사고,0,1,0,0,차대사람 - 횡단중,보행자보호의무위반,포장 - 건조,맑음,교차로 - 교차로안,승용,여,64세,상해없음,보행자,여,64세,중상
4014,2018052500100257,2018년 5월 25일 11시,금요일,경기도 고양시 덕양구 원흥동,경상사고,0,0,1,0,차대사람 - 차도통행중,안전운전불이행,포장 - 건조,맑음,교차로 - 교차로부근,승용,남,45세,상해없음,보행자,여,31세,경상
4015,2018052500100264,2018년 5월 25일 12시,금요일,경기도 성남시 수정구 수진동,사망사고,1,0,0,0,차대사람 - 횡단중,신호위반,포장 - 건조,맑음,단일로 - 기타,승합,남,38세,상해없음,보행자,여,69세,사망
4016,2018052500100266,2018년 5월 25일 12시,금요일,경기도 안산시 단원구 초지동,경상사고,0,0,1,0,차대사람 - 차도통행중,안전운전불이행,포장 - 건조,맑음,단일로 - 기타,승용,남,55세,상해없음,보행자,여,68세,경상
4017,2018052500100337,2018년 5월 25일 14시,금요일,경기도 하남시 망월동,경상사고,0,0,1,0,차대사람 - 횡단중,신호위반,포장 - 건조,맑음,교차로 - 교차로부근,승합,남,55세,상해없음,보행자,여,63세,경상
4018,2018052500100357,2018년 5월 25일 14시,금요일,경기도 의정부시 의정부동,경상사고,0,0,1,0,차대사람 - 횡단중,보행자보호의무위반,포장 - 건조,맑음,단일로 - 기타,기타불명,기타불명,미분류,기타불명,보행자,남,61세,경상
4019,2018052500100371,2018년 5월 25일 15시,금요일,경기도 안산시 단원구 와동,중상사고,0,1,0,0,차대사람 - 횡단중,보행자보호의무위반,포장 - 건조,맑음,교차로 - 교차로안,화물,남,63세,상해없음,보행자,여,8세,중상
4020,2018052500100374,2018년 5월 25일 15시,금요일,경기도 안산시 상록구 사동,경상사고,0,0,1,0,차대사람 - 기타,안전운전불이행,포장 - 건조,맑음,단일로 - 기타,승용,남,63세,상해없음,보행자,남,13세,경상
4021,2018052500100401,2018년 5월 25일 16시,금요일,경기도 부천시 상동,경상사고,0,0,1,0,차대사람 - 길가장자리구역통행중,안전운전불이행,포장 - 건조,맑음,교차로 - 교차로부근,화물,남,48세,상해없음,보행자,여,38세,경상
4022,2018052500100436,2018년 5월 25일 16시,금요일,경기도 남양주시 별내동,중상사고,0,1,0,0,차대사람 - 기타,안전운전불이행,포장 - 건조,맑음,교차로 - 교차로횡단보도내,승용,여,36세,상해없음,보행자,남,10세,중상
4023,2018052500100437,2018년 5월 25일 16시,금요일,경기도 남양주시 화도읍,경상사고,0,0,1,0,차대사람 - 기타,안전운전불이행,포장 - 건조,맑음,단일로 - 기타,승용,여,43세,상해없음,보행자,남,42세,경상
4024,2018052500100457,2018년 5월 25일 17시,금요일,경기도 화성시 능동,경상사고,0,0,1,0,차대사람 - 기타,안전운전불이행,포장 - 건조,맑음,단일로 - 기타,승용,여,51세,상해없음,보행자,여,62세,경상
4025,2018052500100488,2018년 5월 25일 18시,금요일,경기도 평택시 비전동,경상사고,0,0,1,0,차대사람 - 기타,안전운전불이행,포장 - 건조,맑음,단일로 - 기타,승용,여,26세,상해없음,보행자,남,6세,경상
4026,2018052500100491,2018년 5월 25일 18시,금요일,경기도 오산시 원동,경상사고,0,0,1,0,차대사람 - 길가장자리구역통행중,안전운전불이행,포장 - 건조,맑음,단일로 - 기타,승용,여,31세,상해없음,보행자,남,52세,경상
4027,2018052500100493,2018년 5월 25일 18시,금요일,경기도 광명시 광명동,경상사고,0,0,1,0,차대사람 - 횡단중,보행자보호의무위반,포장 - 건조,맑음,교차로 - 교차로횡단보도내,승용,여,45세,상해없음,보행자,남,4세,경상
4028,2018052500100494,2018년 5월 25일 18시,금요일,경기도 광명시 광명동,경상사고,0,0,1,0,차대사람 - 기타,안전운전불이행,포장 - 건조,맑음,단일로 - 기타,승용,남,37세,상해없음,보행자,남,10세,경상
4029,2018052500100541,2018년 5월 25일 19시,금요일,경기도 오산시 오산동,경상사고,0,0,1,0,차대사람 - 횡단중,안전운전불이행,포장 - 건조,맑음,단일로 - 기타,승용,남,27세,상해없음,보행자,남,20세,경상
4030,2018052500100574,2018년 5월 25일 20시,금요일,경기도 안산시 단원구 와동,경상사고,0,0,1,0,차대사람 - 기타,안전운전불이행,포장 - 젖음/습기,맑음,단일로 - 기타,기타불명,기타불명,미분류,기타불명,보행자,남,25세,경상
4031,2018052500100598,2018년 5월 25일 20시,금요일,경기도 의정부시 녹양동,중상사고,0,1,0,0,차대사람 - 횡단중,보행자보호의무위반,포장 - 건조,맑음,교차로 - 교차로안,승용,남,24세,상해없음,보행자,여,12세,중상
4032,2018052500100610,2018년 5월 25일 21시,금요일,경기도 광주시 경안동,부상신고사고,0,0,0,1,차대사람 - 보도통행중,기타,포장 - 건조,맑음,단일로 - 기타,승용,남,58세,상해없음,보행자,여,68세,부상신고
4033,2018052500100613,2018년 5월 25일 21시,금요일,경기도 안산시 상록구 건건동,경상사고,0,0,1,0,차대사람 - 기타,안전운전불이행,포장 - 건조,맑음,교차로 - 교차로안,승용,남,37세,상해없음,보행자,남,56세,경상
4034,2018052500100650,2018년 5월 25일 22시,금요일,경기도 광명시 광명동,경상사고,0,0,1,0,차대사람 - 길가장자리구역통행중,기타,포장 - 건조,맑음,단일로 - 기타,승용,여,48세,상해없음,보행자,남,56세,경상
4035,2018052500100652,2018년 5월 25일 22시,금요일,경기도 안산시 상록구 사동,중상사고,0,2,0,0,차대사람 - 횡단중,보행자보호의무위반,포장 - 건조,맑음,교차로 - 교차로부근,승용,남,40세,상해없음,보행자,남,18세,중상
4036,2018052500100693,2018년 5월 25일 23시,금요일,경기도 고양시 덕양구 관산동,중상사고,0,1,0,0,차대사람 - 차도통행중,안전운전불이행,포장 - 기타,맑음,단일로 - 기타,승용,여,63세,상해없음,보행자,남,59세,중상
4037,2018052600100009,2018년 5월 26일 00시,토요일,경기도 군포시 산본동,경상사고,0,0,1,0,차대사람 - 기타,안전운전불이행,포장 - 건조,맑음,단일로 - 기타,승용,남,62세,상해없음,보행자,남,55세,경상
4038,2018052600100012,2018년 5월 26일 00시,토요일,경기도 부천시 고강동,경상사고,0,0,1,0,차대사람 - 기타,안전운전불이행,포장 - 건조,맑음,단일로 - 기타,승용,남,25세,기타불명,보행자,남,43세,경상
4039,2018052600100020,2018년 5월 26일 00시,토요일,경기도 남양주시 오남읍,경상사고,0,0,1,0,차대사람 - 기타,안전운전불이행,포장 - 건조,맑음,주차장 - 주차장,승용,여,44세,상해없음,보행자,여,19세,경상
4040,2018052600100076,2018년 5월 26일 04시,토요일,경기도 시흥시 월곶동,경상사고,0,0,1,0,차대사람 - 기타,안전운전불이행,포장 - 건조,맑음,교차로 - 교차로부근,승용,남,57세,상해없음,보행자,남,48세,경상
4041,2018052600100141,2018년 5월 26일 08시,토요일,경기도 군포시 당동,중상사고,0,1,0,0,차대사람 - 기타,안전운전불이행,포장 - 건조,맑음,단일로 - 기타,승합,남,63세,상해없음,보행자,여,63세,중상
4042,2018052600100190,2018년 5월 26일 09시,토요일,경기도 남양주시 오남읍,중상사고,0,1,0,0,차대사람 - 횡단중,보행자보호의무위반,포장 - 건조,맑음,교차로 - 교차로부근,승용,남,62세,상해없음,보행자,남,33세,중상
4043,2018052600100203,2018년 5월 26일 10시,토요일,경기도 화성시 병점동,중상사고,0,1,0,0,차대사람 - 차도통행중,안전운전불이행,포장 - 건조,맑음,단일로 - 기타,승용,여,49세,상해없음,보행자,여,64세,중상
4044,2018052600100226,2018년 5월 26일 10시,토요일,경기도 파주시 와동,경상사고,0,0,1,0,차대사람 - 기타,안전운전불이행,포장 - 건조,맑음,기타 - 기타,승합,남,46세,상해없음,보행자,남,77세,경상
4045,2018052600100233,2018년 5월 26일 11시,토요일,경기도 광주시 오포읍,경상사고,0,0,1,0,차대사람 - 기타,안전운전불이행,포장 - 건조,맑음,단일로 - 기타,승용,여,57세,상해없음,보행자,여,17세,경상
4046,2018052600100236,2018년 5월 26일 11시,토요일,경기도 부천시 상동,부상신고사고,0,0,0,1,차대사람 - 기타,보행자보호의무위반,포장 - 건조,맑음,교차로 - 교차로횡단보도내,승용,남,47세,상해없음,보행자,여,3세,부상신고
4047,2018052600100269,2018년 5월 26일 12시,토요일,경기도 김포시 운양동,중상사고,0,1,0,0,차대사람 - 기타,안전운전불이행,포장 - 건조,맑음,단일로 - 기타,자전거,남,13세,상해없음,보행자,여,15세,중상
4048,2018052600100270,2018년 5월 26일 12시,토요일,경기도 성남시 중원구 상대원동,중상사고,0,1,0,0,차대사람 - 차도통행중,안전운전불이행,포장 - 건조,맑음,단일로 - 기타,승용,남,46세,상해없음,보행자,여,60세,중상
4049,2018052600100308,2018년 5월 26일 13시,토요일,경기도 안산시 단원구 원곡동,중상사고,0,1,0,0,차대사람 - 기타,안전운전불이행,포장 - 건조,맑음,교차로 - 교차로안,화물,남,46세,상해없음,보행자,여,82세,중상
4050,2018052600100346,2018년 5월 26일 14시,토요일,경기도 수원시 장안구 정자동,중상사고,0,1,0,0,차대사람 - 기타,안전운전불이행,포장 - 건조,맑음,기타 - 기타,자전거,남,4세,상해없음,보행자,남,82세,중상
4051,2018052600100387,2018년 5월 26일 15시,토요일,경기도 수원시 권선구 세류동,중상사고,0,1,0,0,차대사람 - 기타,안전운전불이행,포장 - 건조,맑음,단일로 - 기타,승용,남,60세,상해없음,보행자,남,28세,중상
4052,2018052600100430,2018년 5월 26일 16시,토요일,경기도 시흥시 정왕동,중상사고,0,1,0,0,차대사람 - 기타,안전운전불이행,포장 - 건조,맑음,교차로 - 교차로안,승용,남,23세,상해없음,보행자,남,59세,중상
4053,2018052600100431,2018년 5월 26일 16시,토요일,경기도 화성시 봉담읍,경상사고,0,0,1,0,차대사람 - 횡단중,안전운전불이행,포장 - 건조,맑음,교차로 - 교차로부근,승용,남,57세,상해없음,보행자,남,63세,경상
4054,2018052600100474,2018년 5월 26일 17시,토요일,경기도 부천시 심곡동,중상사고,0,1,0,0,차대사람 - 길가장자리구역통행중,안전운전불이행,포장 - 건조,맑음,단일로 - 기타,승용,남,30세,상해없음,보행자,여,13세,중상
4055,2018052600100475,2018년 5월 26일 17시,토요일,경기도 부천시 역곡동,중상사고,0,1,0,0,차대사람 - 기타,안전운전불이행,포장 - 건조,맑음,단일로 - 기타,화물,남,54세,상해없음,보행자,남,70세,중상
4056,2018052600100476,2018년 5월 26일 17시,토요일,경기도 성남시 중원구 중앙동,중상사고,0,1,0,0,차대사람 - 횡단중,안전운전불이행,포장 - 건조,맑음,주차장 - 주차장,자전거,남,40세,상해없음,보행자,남,53세,중상
4057,2018052600100478,2018년 5월 26일 17시,토요일,경기도 안산시 상록구 본오동,중상사고,0,1,0,0,차대사람 - 횡단중,안전운전불이행,포장 - 건조,맑음,단일로 - 기타,화물,남,24세,상해없음,보행자,남,10세,중상
4058,2018052600100524,2018년 5월 26일 18시,토요일,경기도 수원시 장안구 파장동,중상사고,0,1,0,0,차대사람 - 기타,안전운전불이행,포장 - 건조,맑음,교차로 - 교차로안,기타불명,기타불명,미분류,기타불명,보행자,여,86세,중상
4059,2018052600100527,2018년 5월 26일 18시,토요일,경기도 김포시 양촌읍,부상신고사고,0,0,0,1,차대사람 - 기타,안전운전불이행,포장 - 건조,맑음,기타 - 기타,화물,남,46세,상해없음,보행자,남,38세,부상신고
4060,2018052600100531,2018년 5월 26일 18시,토요일,경기도 시흥시 신천동,중상사고,0,1,0,0,차대사람 - 횡단중,안전운전불이행,포장 - 건조,맑음,단일로 - 기타,승용,여,39세,상해없음,보행자,남,6세,중상
4061,2018052600100553,2018년 5월 26일 18시,토요일,경기도 가평군 설악면,부상신고사고,0,0,0,1,차대사람 - 기타,안전운전불이행,포장 - 건조,맑음,단일로 - 기타,화물,남,46세,상해없음,보행자,남,56세,부상신고
4062,2018052600100586,2018년 5월 26일 20시,토요일,경기도 수원시 장안구 조원동,중상사고,0,1,0,0,차대사람 - 횡단중,보행자보호의무위반,포장 - 건조,맑음,교차로 - 교차로안,승용,남,57세,상해없음,보행자,여,85세,중상
4063,2018052600100600,2018년 5월 26일 20시,토요일,경기도 고양시 덕양구 행신동,경상사고,0,0,1,0,차대사람 - 길가장자리구역통행중,안전운전불이행,포장 - 건조,맑음,교차로 - 교차로안,승용,남,63세,상해없음,보행자,여,55세,경상
4064,2018052600100609,2018년 5월 26일 21시,토요일,경기도 수원시 장안구 영화동,경상사고,0,0,1,0,차대사람 - 기타,안전운전불이행,포장 - 건조,맑음,단일로 - 기타,이륜,남,53세,상해없음,보행자,여,48세,경상
4065,2018052600100649,2018년 5월 26일 22시,토요일,경기도 포천시 신읍동,경상사고,0,0,2,0,차대사람 - 기타,안전운전불이행,포장 - 건조,맑음,단일로 - 기타,승용,여,51세,상해없음,보행자,남,53세,경상
4066,2018052600100672,2018년 5월 26일 23시,토요일,경기도 의정부시 의정부동,중상사고,0,1,0,0,차대사람 - 기타,안전운전불이행,포장 - 건조,맑음,교차로 - 교차로안,화물,남,45세,상해없음,보행자,여,53세,중상
4067,2018052700100027,2018년 5월 27일 01시,일요일,경기도 화성시 반송동,중상사고,0,1,2,0,차대사람 - 보도통행중,기타,포장 - 건조,맑음,단일로 - 기타,이륜,남,24세,상해없음,보행자,남,42세,중상
4068,2018052700100029,2018년 5월 27일 01시,일요일,경기도 광명시 철산동,경상사고,0,0,1,0,차대사람 - 기타,안전운전불이행,포장 - 건조,맑음,단일로 - 기타,승용,남,68세,상해없음,보행자,남,31세,경상
4069,2018052700100085,2018년 5월 27일 07시,일요일,경기도 성남시 수정구 산성동,경상사고,0,0,1,0,차대사람 - 길가장자리구역통행중,안전운전불이행,포장 - 건조,맑음,교차로 - 교차로안,승용,여,38세,상해없음,보행자,남,20세,경상
4070,2018052700100096,2018년 5월 27일 08시,일요일,경기도 용인시 처인구 원삼면,중상사고,0,1,0,2,차대사람 - 기타,안전운전불이행,포장 - 건조,맑음,교차로 - 교차로부근,승용,남,56세,중상,보행자,남,83세,부상신고
4071,2018052700100097,2018년 5월 27일 08시,일요일,경기도 부천시 심곡본동,중상사고,0,1,0,0,차대사람 - 기타,기타,포장 - 건조,맑음,기타 - 기타,원동기,여,57세,상해없음,보행자,여,28세,중상
4072,2018052700100118,2018년 5월 27일 09시,일요일,경기도 하남시 덕풍동,중상사고,0,1,0,0,차대사람 - 횡단중,안전운전불이행,포장 - 건조,맑음,교차로 - 교차로안,화물,남,33세,상해없음,보행자,여,59세,중상
4073,2018052700100125,2018년 5월 27일 09시,일요일,경기도 남양주시 조안면,중상사고,0,1,0,0,차대사람 - 기타,안전운전불이행,포장 - 건조,맑음,교차로 - 교차로부근,승용,남,61세,상해없음,보행자,여,70세,중상
4074,2018052700100126,2018년 5월 27일 09시,일요일,경기도 가평군 조종면,중상사고,0,1,0,0,차대사람 - 기타,안전운전불이행,포장 - 건조,맑음,단일로 - 기타,화물,남,31세,상해없음,보행자,남,65세,중상
4075,2018052700100193,2018년 5월 27일 13시,일요일,경기도 수원시 팔달구 화서동,경상사고,0,0,1,0,차대사람 - 기타,안전운전불이행,포장 - 건조,맑음,기타 - 기타,승용,남,41세,상해없음,보행자,남,50세,경상
4076,2018052700100215,2018년 5월 27일 13시,일요일,경기도 양주시 덕계동,중상사고,0,1,0,0,차대사람 - 보도통행중,기타,포장 - 건조,맑음,단일로 - 기타,승용,남,52세,상해없음,보행자,남,42세,중상
4077,2018052700100220,2018년 5월 27일 14시,일요일,경기도 용인시 처인구 양지면,경상사고,0,0,1,0,차대사람 - 기타,안전운전불이행,포장 - 건조,맑음,기타 - 기타,승합,남,52세,상해없음,보행자,남,53세,경상
4078,2018052700100245,2018년 5월 27일 15시,일요일,경기도 화성시 반송동,중상사고,0,1,0,0,차대사람 - 횡단중,신호위반,포장 - 건조,맑음,교차로 - 교차로안,승용,여,40세,상해없음,보행자,여,17세,중상
4079,2018052700100270,2018년 5월 27일 16시,일요일,경기도 군포시 둔대동,경상사고,0,0,1,0,차대사람 - 차도통행중,안전운전불이행,포장 - 건조,맑음,단일로 - 기타,승용,남,28세,상해없음,보행자,남,5세,경상
4080,2018052700100326,2018년 5월 27일 18시,일요일,경기도 부천시 춘의동,경상사고,0,0,1,0,차대사람 - 차도통행중,교차로운행방법위반,포장 - 건조,맑음,교차로 - 교차로부근,승용,남,57세,상해없음,보행자,남,8세,경상
4081,2018052700100353,2018년 5월 27일 19시,일요일,경기도 화성시 능동,경상사고,0,0,1,0,차대사람 - 횡단중,안전운전불이행,포장 - 건조,맑음,교차로 - 교차로횡단보도내,기타불명,기타불명,미분류,기타불명,보행자,여,18세,경상
4082,2018052700100371,2018년 5월 27일 20시,일요일,경기도 안양시 동안구 관양동,중상사고,0,1,0,0,차대사람 - 차도통행중,안전운전불이행,포장 - 건조,흐림,단일로 - 기타,승용,남,66세,상해없음,보행자,남,24세,중상
4083,2018052700100389,2018년 5월 27일 20시,일요일,경기도 의정부시 의정부동,경상사고,0,0,1,0,차대사람 - 기타,안전운전불이행,포장 - 건조,맑음,단일로 - 기타,승용,남,19세,기타불명,보행자,여,23세,경상
4084,2018052700100413,2018년 5월 27일 21시,일요일,경기도 의정부시 용현동,중상사고,0,1,0,0,차대사람 - 횡단중,안전운전불이행,포장 - 건조,맑음,교차로 - 교차로횡단보도내,승용,남,55세,상해없음,보행자,남,52세,중상
4085,2018052700100422,2018년 5월 27일 22시,일요일,경기도 부천시 심곡본동,경상사고,0,0,1,0,차대사람 - 기타,안전운전불이행,포장 - 기타,맑음,단일로 - 기타,승용,여,30세,상해없음,보행자,남,24세,경상
4086,2018052700100440,2018년 5월 27일 23시,일요일,경기도 성남시 수정구 복정동,경상사고,0,0,1,0,차대사람 - 기타,안전운전불이행,포장 - 건조,맑음,단일로 - 기타,승용,남,43세,기타불명,보행자,남,56세,경상