,사고번호,사고일시,요일,시군구,사고내용,사망자수,중상자수,경상자수,부상신고자수,사고유형,법규위반,노면상태,기상상태,도로형태,가해운전자 차종,가해운전자 성별,가해운전자 연령,가해운전자 상해정도,피해운전자 차종,피해운전자 성별,피해운전자 연령,피해운전자 상해정도
4087,2018052800100004,2018년 5월 28일 00시,월요일,경기도 부천시 심곡본동,경상사고,0,0,1,0,차대사람 - 기타,안전운전불이행,포장 - 기타,맑음,단일로 - 기타,원동기,남,16세,상해없음,보행자,남,36세,경상
4088,2018052800100020,2018년 5월 28일 02시,월요일,경기도 수원시 권선구 세류동,경상사고,0,0,1,0,차대사람 - 기타,안전운전불이행,포장 - 건조,맑음,교차로 - 교차로안,승용,남,31세,상해없음,보행자,여,25세,경상
4089,2018052800100041,2018년 5월 28일 04시,월요일,경기도 안산시 단원구 선부동,경상사고,0,0,1,0,차대사람 - 횡단중,안전운전불이행,포장 - 건조,맑음,교차로 - 교차로부근,이륜,남,74세,상해없음,보행자,여,72세,경상
4090,2018052800100076,2018년 5월 28일 07시,월요일,경기도 시흥시 정왕동,중상사고,0,1,0,0,차대사람 - 횡단중,안전운전불이행,포장 - 건조,맑음,교차로 - 교차로부근,승용,남,47세,상해없음,보행자,남,19세,중상
4091,2018052800100093,2018년 5월 28일 07시,월요일,경기도 의정부시 호원동,중상사고,0,1,0,0,차대사람 - 횡단중,안전운전불이행,포장 - 건조,맑음,교차로 - 교차로안,승용,남,51세,상해없음,보행자,여,18세,중상
4092,2018052800100104,2018년 5월 28일 08시,월요일,경기도 수원시 팔달구 화서동,경상사고,0,0,1,0,차대사람 - 기타,기타,포장 - 건조,맑음,단일로 - 기타,승합,여,56세,상해없음,보행자,여,17세,경상
4093,2018052800100107,2018년 5월 28일 08시,월요일,경기도 광주시 초월읍,경상사고,0,0,1,0,차대사람 - 횡단중,안전운전불이행,포장 - 건조,맑음,교차로 - 교차로안,승용,남,65세,상해없음,보행자,남,79세,경상
4094,2018052800100201,2018년 5월 28일 10시,월요일,경기도 평택시 청북읍,경상사고,0,0,1,0,차대사람 - 기타,안전운전불이행,포장 - 건조,맑음,기타 - 기타,화물,남,25세,상해없음,보행자,남,29세,경상
4095,2018052800100203,2018년 5월 28일 10시,월요일,경기도 성남시 중원구 상대원동,중상사고,0,1,0,0,차대사람 - 횡단중,보행자보호의무위반,포장 - 건조,맑음,교차로 - 교차로안,승용,남,57세,상해없음,보행자,여,66세,중상
4096,2018052800100225,2018년 5월 28일 11시,월요일,경기도 광주시 초월읍,중상사고,0,1,0,0,차대사람 - 차도통행중,안전운전불이행,포장 - 건조,맑음,단일로 - 기타,승용,남,74세,상해없음,보행자,남,61세,중상
4097,2018052800100228,2018년 5월 28일 11시,월요일,경기도 시흥시 거모동,중상사고,0,1,0,0,차대사람 - 기타,안전운전불이행,포장 - 건조,맑음,기타 - 기타,승용,여,55세,상해없음,보행자,여,66세,중상
4098,2018052800100263,2018년 5월 28일 12시,월요일,경기도 시흥시 은행동,경상사고,0,0,1,0,차대사람 - 기타,안전운전불이행,포장 - 건조,맑음,단일로 - 기타,이륜,남,41세,상해없음,보행자,여,75세,경상
4099,2018052800100313,2018년 5월 28일 14시,월요일,경기도 수원시 장안구 영화동,중상사고,0,1,0,0,차대사람 - 기타,안전운전불이행,포장 - 건조,맑음,단일로 - 기타,승용,여,29세,상해없음,보행자,여,80세,중상
4100,2018052800100348,2018년 5월 28일 15시,월요일,경기도 화성시 송산동,중상사고,0,1,0,0,차대사람 - 기타,안전운전불이행,포장 - 건조,맑음,교차로 - 교차로부근,승용,남,45세,상해없음,보행자,남,50세,중상
4101,2018052800100349,2018년 5월 28일 15시,월요일,경기도 광명시 광명동,경상사고,0,0,1,0,차대사람 - 기타,안전운전불이행,포장 - 건조,맑음,단일로 - 기타,원동기,남,53세,상해없음,보행자,여,13세,경상
4102,2018052800100381,2018년 5월 28일 16시,월요일,경기도 안양시 동안구 평촌동,경상사고,0,0,1,0,차대사람 - 보도통행중,기타,포장 - 건조,맑음,기타 - 기타,이륜,남,46세,상해없음,보행자,남,6세,경상
4103,2018052800100385,2018년 5월 28일 16시,월요일,경기도 광명시 철산동,경상사고,0,0,1,0,차대사람 - 기타,안전운전불이행,포장 - 건조,맑음,교차로 - 교차로부근,승용,남,41세,상해없음,보행자,여,29세,경상
4104,2018052800100388,2018년 5월 28일 16시,월요일,경기도 수원시 권선구 호매실동,경상사고,0,0,1,0,차대사람 - 기타,안전운전불이행,포장 - 건조,맑음,단일로 - 기타,자전거,남,13세,상해없음,보행자,남,5세,경상
4105,2018052800100416,2018년 5월 28일 16시,월요일,경기도 남양주시 도농동,중상사고,0,1,0,0,차대사람 - 기타,안전운전불이행,포장 - 건조,맑음,단일로 - 기타,승용,여,44세,상해없음,보행자,남,68세,중상
4106,2018052800100430,2018년 5월 28일 17시,월요일,경기도 안산시 단원구 신길동,사망사고,1,0,0,0,차대사람 - 횡단중,안전운전불이행,포장 - 건조,맑음,단일로 - 기타,승용,남,62세,상해없음,보행자,남,52세,사망
4107,2018052800100434,2018년 5월 28일 17시,월요일,경기도 안산시 상록구 월피동,경상사고,0,0,1,0,차대사람 - 차도통행중,안전운전불이행,포장 - 건조,맑음,단일로 - 기타,승용,남,50세,상해없음,보행자,남,6세,경상
4108,2018052800100467,2018년 5월 28일 18시,월요일,경기도 이천시 창전동,경상사고,0,0,1,0,차대사람 - 차도통행중,불법유턴,포장 - 건조,맑음,교차로 - 교차로안,승용,남,55세,상해없음,보행자,여,29세,경상
4109,2018052800100473,2018년 5월 28일 18시,월요일,경기도 안산시 상록구 사동,경상사고,0,0,1,0,차대사람 - 기타,안전운전불이행,포장 - 건조,맑음,단일로 - 기타,승용,남,35세,상해없음,보행자,남,64세,경상
4110,2018052800100475,2018년 5월 28일 18시,월요일,경기도 화성시 우정읍,중상사고,0,2,0,0,차대사람 - 횡단중,안전운전불이행,포장 - 기타,맑음,단일로 - 기타,승합,남,51세,중상,보행자,남,49세,중상
4111,2018052800100498,2018년 5월 28일 18시,월요일,경기도 의정부시 녹양동,중상사고,0,1,0,0,차대사람 - 횡단중,안전운전불이행,포장 - 건조,맑음,교차로 - 교차로안,승용,남,23세,상해없음,보행자,남,46세,중상
4112,2018052800100499,2018년 5월 28일 18시,월요일,경기도 고양시 덕양구 토당동,경상사고,0,0,1,0,차대사람 - 보도통행중,안전운전불이행,포장 - 건조,맑음,기타 - 기타,자전거,남,20세,상해없음,보행자,여,34세,경상
4113,2018052800100513,2018년 5월 28일 19시,월요일,경기도 하남시 망월동,경상사고,0,0,1,0,차대사람 - 기타,보행자보호의무위반,포장 - 건조,맑음,기타 - 기타,승용,남,30세,상해없음,보행자,여,9세,경상
4114,2018052800100574,2018년 5월 28일 21시,월요일,경기도 안산시 상록구 본오동,경상사고,0,0,1,0,차대사람 - 기타,보행자보호의무위반,포장 - 건조,맑음,교차로 - 교차로횡단보도내,승용,남,56세,상해없음,보행자,남,51세,경상
4115,2018052800100597,2018년 5월 28일 22시,월요일,경기도 평택시 평택동,경상사고,0,0,1,0,차대사람 - 기타,안전운전불이행,포장 - 건조,맑음,교차로 - 교차로안,승합,남,46세,상해없음,보행자,여,67세,경상
4116,2018052800100623,2018년 5월 28일 23시,월요일,경기도 부천시 원종동,경상사고,0,0,1,0,차대사람 - 보도통행중,기타,포장 - 건조,맑음,교차로 - 교차로부근,이륜,남,20세,상해없음,보행자,여,4세,경상
4117,2018052900100005,2018년 5월 29일 00시,화요일,경기도 성남시 수정구 태평동,경상사고,0,0,1,0,차대사람 - 기타,안전운전불이행,포장 - 건조,맑음,교차로 - 교차로부근,승용,남,67세,상해없음,보행자,남,41세,경상
4118,2018052900100013,2018년 5월 29일 01시,화요일,경기도 수원시 장안구 조원동,부상신고사고,0,0,0,1,차대사람 - 횡단중,안전운전불이행,포장 - 건조,맑음,단일로 - 기타,승용,남,53세,상해없음,보행자,남,50세,부상신고
4119,2018052900100015,2018년 5월 29일 01시,화요일,경기도 광주시 오포읍,중상사고,0,1,0,0,차대사람 - 기타,안전운전불이행,포장 - 건조,맑음,기타 - 기타,승용,여,56세,상해없음,보행자,남,35세,중상
4120,2018052900100039,2018년 5월 29일 05시,화요일,경기도 고양시 일산동구 백석동,경상사고,0,0,1,0,차대사람 - 기타,안전운전불이행,포장 - 건조,맑음,단일로 - 기타,승용,남,58세,상해없음,보행자,여,45세,경상
4121,2018052900100085,2018년 5월 29일 08시,화요일,경기도 화성시 반송동,경상사고,0,0,1,0,차대사람 - 기타,안전운전불이행,포장 - 건조,맑음,단일로 - 기타,승용,남,36세,상해없음,보행자,남,57세,경상
4122,2018052900100089,2018년 5월 29일 08시,화요일,경기도 부천시 중동,중상사고,0,1,0,0,차대사람 - 횡단중,안전운전불이행,포장 - 건조,흐림,단일로 - 기타,승용,남,40세,상해없음,보행자,여,16세,중상
4123,2018052900100091,2018년 5월 29일 08시,화요일,경기도 광명시 광명동,중상사고,0,1,0,0,차대사람 - 횡단중,안전운전불이행,포장 - 건조,맑음,단일로 - 기타,승용,여,56세,상해없음,보행자,여,77세,중상
4124,2018052900100129,2018년 5월 29일 09시,화요일,경기도 평택시 통복동,경상사고,0,0,1,0,차대사람 - 차도통행중,안전운전불이행,포장 - 건조,맑음,단일로 - 기타,승용,여,40세,상해없음,보행자,여,64세,경상
4125,2018052900100134,2018년 5월 29일 09시,화요일,경기도 성남시 중원구 하대원동,부상신고사고,0,0,0,1,차대사람 - 횡단중,안전운전불이행,포장 - 건조,맑음,단일로 - 기타,승용,남,61세,상해없음,보행자,여,28세,부상신고
4126,2018052900100193,2018년 5월 29일 11시,화요일,경기도 부천시 옥길동,중상사고,0,1,0,0,차대사람 - 횡단중,보행자보호의무위반,포장 - 건조,맑음,교차로 - 교차로부근,이륜,남,41세,상해없음,보행자,여,42세,중상
4127,2018052900100249,2018년 5월 29일 13시,화요일,경기도 성남시 수정구 신흥동,경상사고,0,0,1,0,차대사람 - 길가장자리구역통행중,안전운전불이행,포장 - 건조,맑음,교차로 - 교차로부근,승용,여,28세,상해없음,보행자,여,53세,경상
4128,2018052900100275,2018년 5월 29일 13시,화요일,경기도 의정부시 호원동,경상사고,0,0,1,0,차대사람 - 보도통행중,안전운전불이행,포장 - 건조,맑음,기타 - 기타,이륜,남,35세,상해없음,보행자,남,75세,경상
4129,2018052900100276,2018년 5월 29일 13시,화요일,경기도 남양주시 진접읍,중상사고,0,1,0,0,차대사람 - 기타,안전운전불이행,포장 - 건조,맑음,기타 - 기타,자전거,남,48세,상해없음,보행자,여,64세,중상
4130,2018052900100283,2018년 5월 29일 14시,화요일,경기도 부천시 도당동,경상사고,0,0,1,0,차대사람 - 기타,안전운전불이행,포장 - 건조,맑음,교차로 - 교차로안,승용,남,44세,상해없음,보행자,여,52세,경상
4131,2018052900100288,2018년 5월 29일 14시,화요일,경기도 용인시 수지구 상현동,사망사고,1,0,0,0,차대사람 - 횡단중,신호위반,포장 - 건조,맑음,교차로 - 교차로안,승합,남,44세,상해없음,보행자,여,63세,사망
4132,2018052900100336,2018년 5월 29일 15시,화요일,경기도 고양시 일산서구 일산동,경상사고,0,0,2,0,차대사람 - 기타,안전운전불이행,포장 - 건조,맑음,기타 - 기타,자전거,남,67세,상해없음,보행자,여,58세,경상
4133,2018052900100350,2018년 5월 29일 16시,화요일,경기도 이천시 증포동,중상사고,0,1,0,0,차대사람 - 기타,안전운전불이행,포장 - 건조,맑음,단일로 - 기타,승용,여,32세,상해없음,보행자,여,7세,중상
4134,2018052900100352,2018년 5월 29일 16시,화요일,경기도 광주시 초월읍,중상사고,0,1,0,0,차대사람 - 기타,안전운전불이행,포장 - 건조,맑음,교차로 - 교차로안,승용,남,39세,상해없음,보행자,남,13세,중상
4135,2018052900100354,2018년 5월 29일 16시,화요일,경기도 김포시 장기동,경상사고,0,0,1,0,차대사람 - 횡단중,안전운전불이행,포장 - 건조,맑음,단일로 - 기타,승합,여,40세,상해없음,보행자,남,12세,경상
4136,2018052900100359,2018년 5월 29일 16시,화요일,경기도 화성시 송산면,경상사고,0,0,1,0,차대사람 - 기타,보행자보호의무위반,포장 - 건조,맑음,기타 - 기타,승용,여,53세,상해없음,보행자,남,8세,경상
4137,2018052900100360,2018년 5월 29일 16시,화요일,경기도 화성시 향남읍,사망사고,1,0,0,0,차대사람 - 횡단중,신호위반,포장 - 건조,맑음,단일로 - 기타,승합,남,45세,상해없음,보행자,남,7세,사망
4138,2018052900100361,2018년 5월 29일 16시,화요일,경기도 부천시 고강동,경상사고,0,0,1,0,차대사람 - 기타,안전운전불이행,포장 - 건조,맑음,단일로 - 기타,승용,남,68세,상해없음,보행자,여,33세,경상
4139,2018052900100383,2018년 5월 29일 16시,화요일,경기도 고양시 덕양구 성사동,경상사고,0,0,1,0,차대사람 - 차도통행중,안전운전불이행,포장 - 건조,맑음,단일로 - 기타,승용,남,22세,상해없음,보행자,여,74세,경상
4140,2018052900100401,2018년 5월 29일 17시,화요일,경기도 김포시 양촌읍,부상신고사고,0,0,0,1,차대사람 - 기타,안전운전불이행,포장 - 건조,맑음,교차로 - 교차로부근,승용,남,32세,상해없음,보행자,남,68세,부상신고
4141,2018052900100402,2018년 5월 29일 17시,화요일,경기도 화성시 반송동,경상사고,0,0,1,0,차대사람 - 기타,신호위반,포장 - 건조,맑음,교차로 - 교차로안,승용,여,58세,상해없음,보행자,여,45세,경상
4142,2018052900100446,2018년 5월 29일 18시,화요일,경기도 안양시 동안구 평촌동,중상사고,0,1,0,0,차대사람 - 기타,안전운전불이행,포장 - 젖음/습기,비,단일로 - 기타,이륜,남,46세,상해없음,보행자,여,17세,중상
4143,2018052900100450,2018년 5월 29일 18시,화요일,경기도 시흥시 금이동,경상사고,0,0,1,0,차대사람 - 기타,안전운전불이행,포장 - 건조,맑음,단일로 - 기타,승용,남,57세,상해없음,보행자,여,69세,경상
4144,2018052900100478,2018년 5월 29일 19시,화요일,경기도 수원시 장안구 영화동,경상사고,0,0,1,0,차대사람 - 기타,안전운전불이행,포장 - 젖음/습기,비,단일로 - 기타,승용,여,35세,상해없음,보행자,남,28세,경상
4145,2018052900100484,2018년 5월 29일 19시,화요일,경기도 부천시 상동,경상사고,0,0,1,0,차대사람 - 기타,안전운전불이행,포장 - 젖음/습기,비,단일로 - 기타,승용,여,44세,상해없음,보행자,남,23세,경상
4146,2018052900100486,2018년 5월 29일 19시,화요일,경기도 성남시 분당구 구미동,중상사고,0,1,0,0,차대사람 - 횡단중,안전운전불이행,포장 - 젖음/습기,비,교차로 - 교차로횡단보도내,승용,남,50세,상해없음,보행자,여,77세,중상
4147,2018052900100503,2018년 5월 29일 19시,화요일,경기도 의정부시 용현동,중상사고,0,1,0,0,차대사람 - 기타,안전운전불이행,포장 - 건조,맑음,단일로 - 기타,승용,여,28세,상해없음,보행자,여,9세,중상
4148,2018052900100517,2018년 5월 29일 20시,화요일,경기도 안성시 죽산면,중상사고,0,1,0,0,차대사람 - 차도통행중,안전운전불이행,포장 - 건조,흐림,단일로 - 기타,승용,남,27세,상해없음,보행자,여,52세,중상
4149,2018052900100519,2018년 5월 29일 20시,화요일,경기도 용인시 기흥구 동백동,중상사고,0,1,1,0,차대사람 - 횡단중,신호위반,포장 - 젖음/습기,비,교차로 - 교차로횡단보도내,이륜,남,18세,경상,보행자,여,65세,중상
4150,2018052900100525,2018년 5월 29일 20시,화요일,경기도 화성시 향남읍,중상사고,0,1,0,0,차대사람 - 횡단중,안전운전불이행,포장 - 젖음/습기,비,기타 - 기타,승용,남,45세,상해없음,보행자,여,52세,중상
4151,2018052900100526,2018년 5월 29일 20시,화요일,경기도 안양시 만안구 안양동,경상사고,0,0,1,0,차대사람 - 기타,안전운전불이행,포장 - 젖음/습기,비,단일로 - 기타,이륜,남,23세,상해없음,보행자,여,44세,경상
4152,2018052900100545,2018년 5월 29일 20시,화요일,경기도 남양주시 호평동,경상사고,0,0,1,0,차대사람 - 횡단중,보행자보호의무위반,포장 - 건조,맑음,교차로 - 교차로안,승용,여,51세,상해없음,보행자,여,17세,경상
4153,2018052900100546,2018년 5월 29일 20시,화요일,경기도 파주시 조리읍,중상사고,0,1,0,0,차대사람 - 횡단중,안전운전불이행,포장 - 젖음/습기,맑음,단일로 - 기타,승용,여,63세,상해없음,보행자,남,64세,중상
4154,2018052900100547,2018년 5월 29일 20시,화요일,경기도 동두천시 송내동,중상사고,0,1,0,0,차대사람 - 횡단중,보행자보호의무위반,포장 - 건조,맑음,교차로 - 교차로안,승용,여,41세,상해없음,보행자,남,12세,중상
4155,2018052900100553,2018년 5월 29일 21시,화요일,경기도 성남시 중원구 성남동,경상사고,0,0,1,0,차대사람 - 횡단중,안전운전불이행,포장 - 건조,맑음,단일로 - 기타,기타불명,기타불명,미분류,기타불명,보행자,여,40세,경상
4156,2018052900100554,2018년 5월 29일 21시,화요일,경기도 성남시 분당구 서현동,경상사고,0,0,1,0,차대사람 - 횡단중,보행자보호의무위반,포장 - 젖음/습기,비,교차로 - 교차로횡단보도내,승용,남,71세,상해없음,보행자,여,47세,경상
4157,2018052900100555,2018년 5월 29일 21시,화요일,경기도 수원시 팔달구 매교동,경상사고,0,0,2,0,차대사람 - 횡단중,안전운전불이행,포장 - 젖음/습기,비,단일로 - 기타,이륜,남,17세,경상,보행자,남,23세,경상
4158,2018052900100576,2018년 5월 29일 22시,화요일,경기도 평택시 평택동,경상사고,0,0,1,0,차대사람 - 횡단중,신호위반,포장 - 건조,맑음,단일로 - 기타,승용,남,27세,상해없음,보행자,남,28세,경상
4159,2018052900100577,2018년 5월 29일 22시,화요일,경기도 화성시 능동,중상사고,0,1,0,0,차대사람 - 횡단중,안전운전불이행,포장 - 젖음/습기,비,단일로 - 기타,승용,남,28세,상해없음,보행자,남,35세,중상
4160,2018052900100595,2018년 5월 29일 22시,화요일,경기도 고양시 일산서구 일산동,경상사고,0,0,1,0,차대사람 - 횡단중,보행자보호의무위반,포장 - 건조,맑음,교차로 - 교차로부근,승용,남,21세,상해없음,보행자,여,23세,경상
4161,2018052900100610,2018년 5월 29일 23시,화요일,경기도 시흥시 정왕동,사망사고,1,0,0,0,차대사람 - 기타,안전운전불이행,포장 - 젖음/습기,비,단일로 - 기타,승용,여,57세,상해없음,보행자,남,55세,사망
4162,2018052900100623,2018년 5월 29일 23시,화요일,경기도 남양주시 화도읍,중상사고,0,1,0,0,차대사람 - 기타,안전운전불이행,포장 - 건조,맑음,교차로 - 교차로안,승용,남,46세,상해없음,보행자,남,24세,중상
4163,2018053000100007,2018년 5월 30일 00시,수요일,경기도 수원시 팔달구 인계동,중상사고,0,1,0,0,차대사람 - 기타,안전운전불이행,포장 - 건조,맑음,단일로 - 기타,승용,남,27세,상해없음,보행자,남,32세,중상
4164,2018053000100063,2018년 5월 30일 06시,수요일,경기도 시흥시 정왕동,중상사고,0,1,0,0,차대사람 - 기타,안전운전불이행,포장 - 건조,맑음,교차로 - 교차로안,승용,남,55세,상해없음,보행자,남,27세,중상
4165,2018053000100089,2018년 5월 30일 07시,수요일,경기도 시흥시 정왕동,중상사고,0,1,0,0,차대사람 - 기타,중앙선침범,포장 - 젖음/습기,비,단일로 - 기타,승용,남,47세,상해없음,보행자,남,41세,중상
4166,2018053000100111,2018년 5월 30일 08시,수요일,경기도 군포시 산본동,중상사고,0,1,0,0,차대사람 - 보도통행중,보행자보호의무위반,포장 - 젖음/습기,비,교차로 - 교차로안,승합,남,54세,상해없음,보행자,여,51세,중상
4167,2018053000100113,2018년 5월 30일 08시,수요일,경기도 하남시 덕풍동,경상사고,0,0,1,0,차대사람 - 보도통행중,기타,포장 - 건조,맑음,단일로 - 기타,기타불명,기타불명,미분류,기타불명,보행자,여,48세,경상
4168,2018053000100114,2018년 5월 30일 08시,수요일,경기도 안양시 만안구 안양동,경상사고,0,0,1,0,차대사람 - 횡단중,보행자보호의무위반,포장 - 젖음/습기,비,교차로 - 교차로횡단보도내,승용,남,46세,상해없음,보행자,여,17세,경상
4169,2018053000100187,2018년 5월 30일 10시,수요일,경기도 용인시 수지구 풍덕천동,중상사고,0,1,0,0,차대사람 - 기타,안전운전불이행,포장 - 건조,맑음,단일로 - 기타,승용,여,57세,상해없음,보행자,여,66세,중상
4170,2018053000100243,2018년 5월 30일 12시,수요일,경기도 광주시 목현동,경상사고,0,0,1,0,차대사람 - 기타,안전운전불이행,포장 - 건조,맑음,기타 - 기타,승용,여,57세,상해없음,보행자,남,25세,경상
4171,2018053000100299,2018년 5월 30일 14시,수요일,경기도 성남시 수정구 신흥동,경상사고,0,0,1,0,차대사람 - 길가장자리구역통행중,안전운전불이행,포장 - 건조,맑음,단일로 - 기타,승용,남,60세,상해없음,보행자,여,67세,경상
4172,2018053000100353,2018년 5월 30일 15시,수요일,경기도 용인시 기흥구 신갈동,경상사고,0,0,1,0,차대사람 - 보도통행중,안전운전불이행,포장 - 건조,맑음,기타 - 기타,이륜,남,32세,상해없음,보행자,남,2세,경상
4173,2018053000100358,2018년 5월 30일 15시,수요일,경기도 시흥시 신천동,경상사고,0,0,1,0,차대사람 - 기타,안전운전불이행,포장 - 건조,맑음,교차로 - 교차로부근,승합,남,28세,상해없음,보행자,여,67세,경상
4174,2018053000100402,2018년 5월 30일 16시,수요일,경기도 성남시 분당구 수내동,경상사고,0,0,1,0,차대사람 - 횡단중,안전운전불이행,포장 - 건조,맑음,단일로 - 기타,승용,남,44세,상해없음,보행자,남,6세,경상
4175,2018053000100403,2018년 5월 30일 16시,수요일,경기도 수원시 권선구 호매실동,중상사고,0,1,0,0,차대사람 - 횡단중,보행자보호의무위반,포장 - 건조,맑음,교차로 - 교차로횡단보도내,승합,여,41세,상해없음,보행자,남,7세,중상
4176,2018053000100427,2018년 5월 30일 16시,수요일,경기도 남양주시 다산동,중상사고,0,1,0,0,차대사람 - 횡단중,안전운전불이행,포장 - 건조,맑음,교차로 - 교차로횡단보도내,이륜,남,20세,상해없음,보행자,여,49세,중상
4177,2018053000100428,2018년 5월 30일 16시,수요일,경기도 파주시 금촌동,경상사고,0,0,1,0,차대사람 - 보도통행중,안전운전불이행,포장 - 건조,맑음,교차로 - 교차로안,승용,남,56세,상해없음,보행자,남,39세,경상
4178,2018053000100429,2018년 5월 30일 16시,수요일,경기도 포천시 신읍동,경상사고,0,0,1,0,차대사람 - 기타,신호위반,포장 - 건조,맑음,단일로 - 기타,화물,남,72세,상해없음,보행자,여,58세,경상
4179,2018053000100430,2018년 5월 30일 16시,수요일,경기도 연천군 군남면,중상사고,0,1,0,0,차대사람 - 차도통행중,안전운전불이행,포장 - 건조,맑음,단일로 - 기타,승용,남,53세,상해없음,보행자,남,22세,중상
4180,2018053000100437,2018년 5월 30일 17시,수요일,경기도 수원시 팔달구 우만동,경상사고,0,0,1,0,차대사람 - 기타,안전운전불이행,포장 - 건조,맑음,단일로 - 기타,화물,남,33세,상해없음,보행자,남,62세,경상
4181,2018053000100471,2018년 5월 30일 17시,수요일,경기도 고양시 일산동구 마두동,중상사고,0,1,0,0,차대사람 - 차도통행중,안전운전불이행,포장 - 건조,맑음,교차로 - 교차로부근,승용,여,41세,상해없음,보행자,여,84세,중상
4182,2018053000100472,2018년 5월 30일 17시,수요일,경기도 남양주시 오남읍,중상사고,0,1,0,0,차대사람 - 기타,신호위반,포장 - 건조,맑음,교차로 - 교차로부근,이륜,남,21세,상해없음,보행자,여,37세,중상
4183,2018053000100473,2018년 5월 30일 17시,수요일,경기도 남양주시 오남읍,경상사고,0,0,1,0,차대사람 - 기타,안전운전불이행,포장 - 건조,맑음,주차장 - 주차장,화물,남,51세,상해없음,보행자,여,45세,경상
4184,2018053000100484,2018년 5월 30일 18시,수요일,경기도 오산시 궐동,경상사고,0,0,1,0,차대사람 - 기타,안전운전불이행,포장 - 건조,맑음,기타 - 기타,특수,남,26세,상해없음,보행자,남,20세,경상
4185,2018053000100490,2018년 5월 30일 18시,수요일,경기도 용인시 수지구 죽전동,경상사고,0,0,1,0,차대사람 - 기타,보행자보호의무위반,포장 - 건조,맑음,교차로 - 교차로안,승용,여,29세,상해없음,보행자,남,53세,경상
4186,2018053000100521,2018년 5월 30일 19시,수요일,경기도 수원시 장안구 율전동,중상사고,0,1,0,0,차대사람 - 기타,안전운전불이행,포장 - 건조,흐림,단일로 - 기타,이륜,남,24세,상해없음,보행자,남,13세,중상
4187,2018053000100527,2018년 5월 30일 19시,수요일,경기도 시흥시 은행동,경상사고,0,0,1,0,차대사람 - 횡단중,안전운전불이행,포장 - 건조,맑음,교차로 - 교차로안,승용,여,45세,상해없음,보행자,여,54세,경상
4188,2018053000100554,2018년 5월 30일 20시,수요일,경기도 여주시 상동,경상사고,0,0,1,0,차대사람 - 보도통행중,안전운전불이행,포장 - 건조,맑음,기타 - 기타,승용,여,49세,상해없음,보행자,여,9세,경상
4189,2018053000100606,2018년 5월 30일 22시,수요일,경기도 평택시 평택동,부상신고사고,0,0,0,1,차대사람 - 차도통행중,안전운전불이행,포장 - 건조,맑음,기타 - 기타,화물,남,45세,상해없음,보행자,남,38세,부상신고
4190,2018053000100609,2018년 5월 30일 22시,수요일,경기도 성남시 분당구 구미동,경상사고,0,0,1,0,차대사람 - 기타,기타,포장 - 건조,맑음,단일로 - 기타,승합,남,42세,상해없음,보행자,여,60세,경상
4191,2018053100100033,2018년 5월 31일 02시,목요일,경기도 화성시 반월동,중상사고,0,1,0,0,차대사람 - 기타,안전운전불이행,포장 - 건조,맑음,단일로 - 기타,기타불명,기타불명,미분류,기타불명,보행자,남,54세,중상
4192,2018053100100043,2018년 5월 31일 04시,목요일,경기도 성남시 수정구 신흥동,경상사고,0,0,1,0,차대사람 - 길가장자리구역통행중,안전운전불이행,포장 - 건조,맑음,단일로 - 기타,기타불명,기타불명,미분류,기타불명,보행자,남,52세,경상
4193,2018053100100126,2018년 5월 31일 08시,목요일,경기도 안산시 단원구 고잔동,경상사고,0,0,1,0,차대사람 - 기타,안전운전불이행,포장 - 건조,맑음,단일로 - 기타,승합,남,56세,상해없음,보행자,여,79세,경상
4194,2018053100100174,2018년 5월 31일 08시,목요일,경기도 고양시 일산서구 주엽동,경상사고,0,0,1,0,차대사람 - 횡단중,안전운전불이행,포장 - 건조,맑음,교차로 - 교차로안,승합,남,59세,상해없음,보행자,여,61세,경상
4195,2018053100100197,2018년 5월 31일 09시,목요일,경기도 성남시 중원구 은행동,중상사고,0,1,0,0,차대사람 - 기타,안전운전불이행,포장 - 건조,맑음,교차로 - 교차로부근,승용,남,76세,상해없음,보행자,여,43세,중상
4196,2018053100100257,2018년 5월 31일 11시,목요일,경기도 성남시 중원구 은행동,중상사고,0,1,0,0,차대사람 - 기타,안전운전불이행,포장 - 건조,맑음,교차로 - 교차로부근,승용,여,53세,상해없음,보행자,여,83세,중상
4197,2018053100100289,2018년 5월 31일 12시,목요일,경기도 오산시 청학동,경상사고,0,0,1,0,차대사람 - 기타,안전운전불이행,포장 - 건조,맑음,단일로 - 기타,승용,남,54세,상해없음,보행자,남,48세,경상
4198,2018053100100290,2018년 5월 31일 12시,목요일,경기도 부천시 중동,경상사고,0,0,1,0,차대사람 - 기타,안전운전불이행,포장 - 건조,맑음,단일로 - 기타,승합,남,50세,상해없음,보행자,여,57세,경상
4199,2018053100100315,2018년 5월 31일 13시,목요일,경기도 수원시 팔달구 우만동,부상신고사고,0,0,0,1,차대사람 - 기타,안전운전불이행,포장 - 건조,맑음,단일로 - 기타,승용,남,73세,상해없음,보행자,남,58세,부상신고
4200,2018053100100340,2018년 5월 31일 13시,목요일,경기도 고양시 일산동구 마두동,중상사고,0,2,0,0,차대사람 - 보도통행중,신호위반,포장 - 건조,맑음,단일로 - 기타,화물,남,68세,상해없음,보행자,여,55세,중상