,사고번호,사고일시,요일,시군구,사고내용,사망자수,중상자수,경상자수,부상신고자수,사고유형,법규위반,노면상태,기상상태,도로형태,가해운전자 차종,가해운전자 성별,가해운전자 연령,가해운전자 상해정도,피해운전자 차종,피해운전자 성별,피해운전자 연령,피해운전자 상해정도
4316,2018060400100120,2018년 6월 4일 08시,월요일,경기도 성남시 수정구 태평동,중상사고,0,1,0,0,차대사람 - 횡단중,신호위반,포장 - 건조,맑음,교차로 - 교차로부근,자전거,남,15세,상해없음,보행자,여,66세,중상
4317,2018060400100124,2018년 6월 4일 08시,월요일,경기도 오산시 서랑동,중상사고,0,1,0,0,차대사람 - 기타,안전운전불이행,포장 - 건조,맑음,단일로 - 기타,건설기계,남,42세,상해없음,보행자,여,75세,중상
4318,2018060400100127,2018년 6월 4일 08시,월요일,경기도 성남시 중원구 상대원동,경상사고,0,0,1,0,차대사람 - 길가장자리구역통행중,안전운전불이행,포장 - 건조,맑음,교차로 - 교차로부근,화물,여,45세,상해없음,보행자,여,26세,경상
4319,2018060400100198,2018년 6월 4일 09시,월요일,경기도 구리시 교문동,중상사고,0,1,0,0,차대사람 - 횡단중,안전운전불이행,포장 - 건조,맑음,단일로 - 기타,승용,남,34세,상해없음,보행자,여,57세,중상
4320,2018060400100266,2018년 6월 4일 12시,월요일,경기도 부천시 심곡본동,중상사고,0,1,0,0,차대사람 - 기타,안전운전불이행,포장 - 건조,맑음,단일로 - 기타,승용,여,30세,상해없음,보행자,여,60세,중상
4321,2018060400100301,2018년 6월 4일 13시,월요일,경기도 수원시 팔달구 화서동,중상사고,0,1,0,0,차대사람 - 기타,기타,포장 - 건조,맑음,단일로 - 기타,이륜,남,58세,상해없음,보행자,남,30세,중상
4322,2018060400100308,2018년 6월 4일 13시,월요일,경기도 하남시 미사동,경상사고,0,0,1,0,차대사람 - 기타,안전운전불이행,포장 - 건조,맑음,교차로 - 교차로안,승용,남,61세,상해없음,보행자,여,75세,경상
4323,2018060400100327,2018년 6월 4일 13시,월요일,경기도 고양시 덕양구 화정동,경상사고,0,0,1,0,차대사람 - 횡단중,보행자보호의무위반,포장 - 건조,맑음,교차로 - 교차로안,화물,남,47세,기타불명,보행자,여,20세,경상
4324,2018060400100335,2018년 6월 4일 14시,월요일,경기도 광주시 오포읍,경상사고,0,0,1,0,차대사람 - 횡단중,신호위반,포장 - 건조,맑음,단일로 - 기타,승용,여,26세,상해없음,보행자,여,10세,경상
4325,2018060400100400,2018년 6월 4일 16시,월요일,경기도 광주시 오포읍,중상사고,0,1,0,0,차대사람 - 차도통행중,안전운전불이행,포장 - 건조,맑음,교차로 - 교차로안,건설기계,남,61세,상해없음,보행자,남,44세,중상
4326,2018060400100405,2018년 6월 4일 16시,월요일,경기도 안양시 만안구 박달동,중상사고,0,1,0,0,차대사람 - 횡단중,안전운전불이행,포장 - 건조,맑음,단일로 - 기타,승용,여,59세,상해없음,보행자,여,79세,중상
4327,2018060400100428,2018년 6월 4일 16시,월요일,경기도 남양주시 평내동,경상사고,0,0,1,0,차대사람 - 기타,안전운전불이행,포장 - 건조,맑음,교차로 - 교차로안,승용,여,41세,상해없음,보행자,남,14세,경상
4328,2018060400100431,2018년 6월 4일 16시,월요일,경기도 양주시 광적면,경상사고,0,0,1,0,차대사람 - 횡단중,안전운전불이행,포장 - 건조,맑음,단일로 - 고가도로위,화물,여,63세,상해없음,보행자,여,54세,경상
4329,2018060400100448,2018년 6월 4일 17시,월요일,경기도 수원시 권선구 권선동,중상사고,0,1,0,0,차대사람 - 기타,기타,포장 - 건조,맑음,기타 - 기타,승용,남,38세,상해없음,보행자,여,73세,중상
4330,2018060400100493,2018년 6월 4일 18시,월요일,경기도 평택시 평택동,경상사고,0,0,1,0,차대사람 - 길가장자리구역통행중,신호위반,포장 - 건조,맑음,단일로 - 기타,승용,남,36세,상해없음,보행자,여,21세,경상
4331,2018060400100498,2018년 6월 4일 18시,월요일,경기도 화성시 반월동,경상사고,0,0,1,0,차대사람 - 기타,보행자보호의무위반,포장 - 건조,맑음,단일로 - 기타,승용,여,42세,상해없음,보행자,여,4세,경상
4332,2018060400100523,2018년 6월 4일 18시,월요일,경기도 파주시 금촌동,부상신고사고,0,0,0,1,차대사람 - 기타,안전운전불이행,포장 - 건조,맑음,교차로 - 교차로횡단보도내,승합,남,60세,상해없음,보행자,여,49세,부상신고
4333,2018060400100536,2018년 6월 4일 19시,월요일,경기도 오산시 오산동,경상사고,0,0,1,0,차대사람 - 길가장자리구역통행중,안전운전불이행,포장 - 건조,맑음,단일로 - 기타,승용,여,31세,상해없음,보행자,남,23세,경상
4334,2018060400100564,2018년 6월 4일 20시,월요일,경기도 이천시 진리동,중상사고,0,1,0,0,차대사람 - 횡단중,안전운전불이행,포장 - 건조,맑음,교차로 - 교차로부근,승용,여,42세,상해없음,보행자,남,45세,중상
4335,2018060400100589,2018년 6월 4일 21시,월요일,경기도 평택시 팽성읍,경상사고,0,0,1,0,차대사람 - 기타,안전운전불이행,포장 - 건조,맑음,단일로 - 기타,기타불명,기타불명,미분류,기타불명,보행자,남,36세,경상
4336,2018060400100592,2018년 6월 4일 21시,월요일,경기도 부천시 상동,경상사고,0,0,1,0,차대사람 - 횡단중,보행자보호의무위반,포장 - 건조,맑음,교차로 - 교차로부근,승용,남,58세,상해없음,보행자,여,22세,경상
4337,2018060400100593,2018년 6월 4일 21시,월요일,경기도 광명시 철산동,경상사고,0,0,1,0,차대사람 - 보도통행중,안전운전불이행,포장 - 건조,맑음,기타 - 기타,이륜,남,17세,상해없음,보행자,여,27세,경상
4338,2018060400100609,2018년 6월 4일 21시,월요일,경기도 고양시 일산동구 백석동,경상사고,0,0,1,0,차대사람 - 차도통행중,안전운전불이행,포장 - 건조,맑음,교차로 - 교차로안,이륜,남,27세,경상,보행자,남,37세,상해없음
4339,2018060400100619,2018년 6월 4일 22시,월요일,경기도 군포시 당정동,경상사고,0,0,1,0,차대사람 - 기타,안전운전불이행,포장 - 건조,맑음,교차로 - 교차로안,승용,남,66세,상해없음,보행자,여,52세,경상
4340,2018060500100007,2018년 6월 5일 00시,화요일,경기도 용인시 기흥구 구갈동,경상사고,0,0,2,0,차대사람 - 기타,안전운전불이행,포장 - 건조,맑음,단일로 - 기타,이륜,남,35세,경상,보행자,여,42세,경상
4341,2018060500100085,2018년 6월 5일 07시,화요일,경기도 광명시 광명동,부상신고사고,0,0,0,1,차대사람 - 기타,안전운전불이행,포장 - 건조,맑음,단일로 - 기타,화물,남,44세,상해없음,보행자,여,28세,부상신고
4342,2018060500100112,2018년 6월 5일 08시,화요일,경기도 안성시 현수동,중상사고,0,1,0,0,차대사람 - 기타,안전운전불이행,포장 - 건조,맑음,교차로 - 교차로안,승용,여,50세,상해없음,보행자,여,25세,중상
4343,2018060500100113,2018년 6월 5일 08시,화요일,경기도 부천시 범박동,부상신고사고,0,0,0,1,차대사람 - 기타,안전운전불이행,포장 - 기타,맑음,교차로 - 교차로부근,기타불명,기타불명,미분류,기타불명,보행자,여,60세,부상신고
4344,2018060500100115,2018년 6월 5일 08시,화요일,경기도 하남시 신장동,경상사고,0,0,1,0,차대사람 - 기타,안전운전불이행,포장 - 건조,맑음,단일로 - 기타,승용,남,60세,상해없음,보행자,여,57세,경상
4345,2018060500100164,2018년 6월 5일 09시,화요일,경기도 하남시 신장동,경상사고,0,0,1,0,차대사람 - 기타,보행자보호의무위반,포장 - 건조,맑음,교차로 - 교차로안,승용,남,56세,상해없음,보행자,여,65세,경상
4346,2018060500100189,2018년 6월 5일 09시,화요일,경기도 고양시 덕양구 고양동,경상사고,0,0,1,0,차대사람 - 횡단중,안전운전불이행,포장 - 건조,맑음,교차로 - 교차로안,이륜,남,76세,상해없음,보행자,남,60세,경상
4347,2018060500100199,2018년 6월 5일 10시,화요일,경기도 평택시 팽성읍,경상사고,0,0,1,0,차대사람 - 보도통행중,기타,포장 - 건조,맑음,단일로 - 기타,화물,남,76세,상해없음,보행자,남,44세,경상
4348,2018060500100230,2018년 6월 5일 11시,화요일,경기도 수원시 권선구 세류동,중상사고,0,1,0,0,차대사람 - 기타,안전운전불이행,포장 - 건조,맑음,단일로 - 기타,승용,남,21세,상해없음,보행자,여,67세,중상
4349,2018060500100253,2018년 6월 5일 12시,화요일,경기도 부천시 원미동,중상사고,0,1,0,0,차대사람 - 횡단중,안전운전불이행,포장 - 건조,맑음,교차로 - 교차로안,승용,남,58세,상해없음,보행자,여,79세,중상
4350,2018060500100275,2018년 6월 5일 13시,화요일,경기도 김포시 북변동,중상사고,0,1,0,0,차대사람 - 기타,안전운전불이행,포장 - 건조,맑음,단일로 - 기타,승용,여,62세,상해없음,보행자,남,53세,중상
4351,2018060500100276,2018년 6월 5일 13시,화요일,경기도 부천시 심곡동,경상사고,0,0,1,0,차대사람 - 기타,안전운전불이행,포장 - 건조,맑음,단일로 - 기타,화물,남,40세,상해없음,보행자,여,17세,경상
4352,2018060500100308,2018년 6월 5일 14시,화요일,경기도 평택시 팽성읍,부상신고사고,0,0,0,1,차대사람 - 기타,안전운전불이행,포장 - 건조,맑음,단일로 - 기타,승합,남,51세,상해없음,보행자,여,32세,부상신고
4353,2018060500100309,2018년 6월 5일 14시,화요일,경기도 평택시 평택동,중상사고,0,1,0,0,차대사람 - 기타,안전운전불이행,포장 - 건조,맑음,기타 - 기타,승합,남,42세,상해없음,보행자,남,65세,중상
4354,2018060500100312,2018년 6월 5일 14시,화요일,경기도 광주시 퇴촌면,중상사고,0,1,0,0,차대사람 - 차도통행중,안전운전불이행,포장 - 건조,맑음,단일로 - 기타,화물,남,33세,상해없음,보행자,여,59세,중상
4355,2018060500100338,2018년 6월 5일 14시,화요일,경기도 파주시 금촌동,중상사고,0,1,1,0,차대사람 - 횡단중,안전운전불이행,포장 - 건조,맑음,교차로 - 교차로안,승용,남,57세,상해없음,보행자,남,82세,중상
4356,2018060500100339,2018년 6월 5일 14시,화요일,경기도 동두천시 생연동,경상사고,0,0,3,0,차대사람 - 횡단중,안전운전불이행,포장 - 건조,맑음,단일로 - 기타,승용,남,70세,상해없음,보행자,여,81세,경상
4357,2018060500100348,2018년 6월 5일 15시,화요일,경기도 안양시 동안구 관양동,경상사고,0,0,1,0,차대사람 - 기타,안전운전불이행,포장 - 건조,맑음,교차로 - 교차로부근,화물,남,64세,상해없음,보행자,남,11세,경상
4358,2018060500100350,2018년 6월 5일 15시,화요일,경기도 군포시 산본동,경상사고,0,0,1,0,차대사람 - 기타,안전운전불이행,포장 - 건조,맑음,단일로 - 기타,승용,여,43세,상해없음,보행자,남,24세,경상
4359,2018060500100382,2018년 6월 5일 15시,화요일,경기도 고양시 덕양구 주교동,경상사고,0,0,1,0,차대사람 - 횡단중,보행자보호의무위반,포장 - 기타,맑음,교차로 - 교차로안,화물,남,53세,상해없음,보행자,여,66세,경상
4360,2018060500100392,2018년 6월 5일 16시,화요일,경기도 안양시 동안구 비산동,중상사고,0,1,0,0,차대사람 - 횡단중,신호위반,포장 - 건조,맑음,교차로 - 교차로횡단보도내,승용,여,38세,상해없음,보행자,여,25세,중상
4361,2018060500100397,2018년 6월 5일 16시,화요일,경기도 화성시 매송면,중상사고,0,1,0,1,차대사람 - 횡단중,안전운전불이행,포장 - 건조,맑음,단일로 - 기타,화물,남,51세,상해없음,보행자,여,13세,부상신고
4362,2018060500100437,2018년 6월 5일 17시,화요일,경기도 오산시 청학동,경상사고,0,0,1,0,차대사람 - 횡단중,신호위반,포장 - 건조,맑음,교차로 - 교차로횡단보도내,승용,남,19세,상해없음,보행자,남,18세,경상
4363,2018060500100440,2018년 6월 5일 17시,화요일,경기도 성남시 중원구 금광동,부상신고사고,0,0,0,1,차대사람 - 보도통행중,안전운전불이행,포장 - 건조,맑음,기타 - 기타,화물,남,49세,상해없음,보행자,여,32세,부상신고
4364,2018060500100491,2018년 6월 5일 18시,화요일,경기도 수원시 장안구 영화동,경상사고,0,0,1,0,차대사람 - 기타,안전운전불이행,포장 - 건조,맑음,교차로 - 교차로안,승용,남,28세,상해없음,보행자,남,57세,경상
4365,2018060500100498,2018년 6월 5일 18시,화요일,경기도 화성시 병점동,경상사고,0,0,1,0,차대사람 - 횡단중,보행자보호의무위반,포장 - 건조,맑음,단일로 - 기타,승용,남,23세,상해없음,보행자,남,10세,경상
4366,2018060500100502,2018년 6월 5일 18시,화요일,경기도 안산시 상록구 월피동,경상사고,0,0,1,0,차대사람 - 횡단중,보행자보호의무위반,포장 - 건조,맑음,교차로 - 교차로횡단보도내,이륜,남,16세,상해없음,보행자,여,41세,경상
4367,2018060500100503,2018년 6월 5일 18시,화요일,경기도 수원시 팔달구 매산로3가,경상사고,0,0,1,0,차대사람 - 횡단중,신호위반,포장 - 건조,맑음,교차로 - 교차로안,승용,남,57세,상해없음,보행자,남,6세,경상
4368,2018060500100568,2018년 6월 5일 20시,화요일,경기도 김포시 사우동,경상사고,0,0,1,0,차대사람 - 기타,안전운전불이행,포장 - 건조,맑음,기타 - 기타,화물,여,62세,상해없음,보행자,남,58세,경상
4369,2018060500100570,2018년 6월 5일 20시,화요일,경기도 오산시 세교동,경상사고,0,0,1,0,차대사람 - 기타,안전운전불이행,포장 - 건조,맑음,기타 - 기타,기타불명,기타불명,미분류,기타불명,보행자,여,11세,경상
4370,2018060500100636,2018년 6월 5일 22시,화요일,경기도 안양시 만안구 안양동,중상사고,0,1,0,0,차대사람 - 보도통행중,안전운전불이행,포장 - 건조,맑음,교차로 - 교차로부근,승용,남,71세,상해없음,보행자,남,71세,중상
4371,2018060500100655,2018년 6월 5일 22시,화요일,경기도 연천군 전곡읍,경상사고,0,0,1,0,차대사람 - 횡단중,안전운전불이행,포장 - 건조,맑음,교차로 - 교차로부근,승용,남,75세,기타불명,보행자,여,61세,경상
4372,2018060500100661,2018년 6월 5일 23시,화요일,경기도 수원시 장안구 송죽동,경상사고,0,0,1,0,차대사람 - 기타,안전운전불이행,포장 - 건조,맑음,단일로 - 기타,승용,여,50세,상해없음,보행자,여,36세,경상
4373,2018060500100665,2018년 6월 5일 23시,화요일,경기도 수원시 권선구 서둔동,중상사고,0,1,1,0,차대사람 - 횡단중,보행자보호의무위반,포장 - 건조,맑음,단일로 - 기타,승용,남,57세,상해없음,보행자,여,18세,중상
4374,2018060600100013,2018년 6월 6일 00시,수요일,경기도 수원시 팔달구 인계동,경상사고,0,0,3,0,차대사람 - 기타,안전운전불이행,포장 - 건조,맑음,기타 - 기타,승용,남,40세,상해없음,보행자,남,28세,경상
4375,2018060600100060,2018년 6월 6일 03시,수요일,경기도 부천시 고강동,경상사고,0,0,1,0,차대사람 - 기타,기타,포장 - 건조,맑음,교차로 - 교차로부근,승용,남,66세,상해없음,보행자,여,24세,경상
4376,2018060600100074,2018년 6월 6일 04시,수요일,경기도 수원시 팔달구 인계동,부상신고사고,0,0,0,1,차대사람 - 기타,안전운전불이행,포장 - 건조,맑음,단일로 - 기타,기타불명,기타불명,미분류,기타불명,보행자,여,27세,부상신고
4377,2018060600100090,2018년 6월 6일 05시,수요일,경기도 부천시 심곡본동,중상사고,0,1,0,0,차대사람 - 길가장자리구역통행중,안전운전불이행,포장 - 건조,맑음,교차로 - 교차로부근,이륜,남,17세,상해없음,보행자,남,49세,중상
4378,2018060600100132,2018년 6월 6일 08시,수요일,경기도 군포시 당동,경상사고,0,0,1,0,차대사람 - 길가장자리구역통행중,안전운전불이행,포장 - 건조,맑음,단일로 - 기타,승용,남,54세,상해없음,보행자,남,31세,경상
4379,2018060600100163,2018년 6월 6일 10시,수요일,경기도 광주시 탄벌동,경상사고,0,0,1,0,차대사람 - 보도통행중,기타,포장 - 건조,맑음,교차로 - 교차로부근,승용,남,49세,상해없음,보행자,여,77세,경상
4380,2018060600100190,2018년 6월 6일 11시,수요일,경기도 용인시 처인구 양지면,경상사고,0,0,1,0,차대사람 - 기타,안전운전불이행,포장 - 건조,맑음,기타 - 기타,화물,남,61세,상해없음,보행자,남,54세,경상
4381,2018060600100232,2018년 6월 6일 12시,수요일,경기도 용인시 수지구 죽전동,부상신고사고,0,0,0,1,차대사람 - 기타,안전운전불이행,포장 - 건조,맑음,단일로 - 기타,화물,남,26세,상해없음,보행자,남,65세,부상신고
4382,2018060600100258,2018년 6월 6일 13시,수요일,경기도 수원시 팔달구 팔달로2가,부상신고사고,0,0,0,1,차대사람 - 차도통행중,안전운전불이행,포장 - 건조,맑음,단일로 - 기타,승용,남,48세,상해없음,보행자,남,47세,부상신고
4383,2018060600100260,2018년 6월 6일 13시,수요일,경기도 화성시 향남읍,중상사고,0,1,0,0,차대사람 - 기타,안전운전불이행,포장 - 건조,맑음,교차로 - 교차로안,승용,여,24세,상해없음,보행자,여,17세,중상
4384,2018060600100294,2018년 6월 6일 14시,수요일,경기도 김포시 장기동,경상사고,0,0,1,0,차대사람 - 기타,안전운전불이행,포장 - 건조,맑음,단일로 - 기타,건설기계,남,51세,상해없음,보행자,여,50세,경상
4385,2018060600100297,2018년 6월 6일 14시,수요일,경기도 시흥시 신천동,중상사고,0,1,0,0,차대사람 - 차도통행중,안전운전불이행,포장 - 건조,맑음,단일로 - 기타,자전거,남,9세,상해없음,보행자,여,61세,중상
4386,2018060600100298,2018년 6월 6일 14시,수요일,경기도 안산시 상록구 월피동,경상사고,0,0,1,0,차대사람 - 차도통행중,안전운전불이행,포장 - 건조,맑음,교차로 - 교차로안,승용,여,58세,상해없음,보행자,여,15세,경상
4387,2018060600100325,2018년 6월 6일 14시,수요일,경기도 의정부시 의정부동,경상사고,0,0,1,0,차대사람 - 기타,보행자보호의무위반,포장 - 건조,맑음,단일로 - 기타,화물,남,49세,상해없음,보행자,남,78세,경상
4388,2018060600100327,2018년 6월 6일 14시,수요일,경기도 파주시 금촌동,경상사고,0,0,1,0,차대사람 - 길가장자리구역통행중,안전운전불이행,포장 - 건조,맑음,단일로 - 기타,승용,남,69세,상해없음,보행자,남,62세,경상
4389,2018060600100343,2018년 6월 6일 15시,수요일,경기도 성남시 중원구 금광동,중상사고,0,1,0,0,차대사람 - 기타,안전운전불이행,포장 - 건조,맑음,기타 - 기타,승용,남,57세,상해없음,보행자,남,3세,중상
4390,2018060600100412,2018년 6월 6일 17시,수요일,경기도 군포시 산본동,중상사고,0,1,0,0,차대사람 - 길가장자리구역통행중,안전운전불이행,포장 - 건조,맑음,단일로 - 기타,승용,남,57세,상해없음,보행자,남,54세,중상
4391,2018060600100416,2018년 6월 6일 17시,수요일,경기도 안산시 상록구 부곡동,경상사고,0,0,2,0,차대사람 - 기타,보행자보호의무위반,포장 - 건조,맑음,단일로 - 기타,승용,남,41세,상해없음,보행자,여,32세,경상
4392,2018060600100446,2018년 6월 6일 18시,수요일,경기도 평택시 평택동,경상사고,0,0,3,0,차대사람 - 차도통행중,보행자보호의무위반,포장 - 건조,맑음,교차로 - 교차로안,승용,여,36세,상해없음,보행자,여,21세,경상
4393,2018060600100449,2018년 6월 6일 18시,수요일,경기도 오산시 원동,중상사고,0,1,0,0,차대사람 - 횡단중,안전운전불이행,포장 - 건조,맑음,교차로 - 교차로부근,승용,남,22세,상해없음,보행자,여,49세,중상
4394,2018060600100450,2018년 6월 6일 18시,수요일,경기도 성남시 중원구 상대원동,경상사고,0,0,1,0,차대사람 - 기타,안전운전불이행,포장 - 건조,맑음,교차로 - 교차로부근,승용,남,39세,상해없음,보행자,남,55세,경상
4395,2018060600100482,2018년 6월 6일 19시,수요일,경기도 시흥시 정왕동,경상사고,0,0,1,0,차대사람 - 기타,안전운전불이행,포장 - 건조,맑음,단일로 - 기타,승용,남,53세,상해없음,보행자,남,53세,경상
4396,2018060600100485,2018년 6월 6일 19시,수요일,경기도 용인시 수지구 죽전동,중상사고,0,1,0,0,차대사람 - 횡단중,안전운전불이행,포장 - 건조,맑음,단일로 - 기타,승용,남,53세,상해없음,보행자,남,80세,중상
4397,2018060700100006,2018년 6월 7일 00시,목요일,경기도 부천시 심곡동,경상사고,0,0,1,0,차대사람 - 길가장자리구역통행중,안전운전불이행,포장 - 건조,맑음,단일로 - 기타,승용,남,20세,상해없음,보행자,남,26세,경상
4398,2018060700100023,2018년 6월 7일 02시,목요일,경기도 성남시 수정구 수진동,경상사고,0,0,1,0,차대사람 - 기타,안전운전불이행,포장 - 건조,맑음,단일로 - 기타,승용,남,49세,상해없음,보행자,남,37세,경상
4399,2018060700100032,2018년 6월 7일 04시,목요일,경기도 안산시 단원구 고잔동,중상사고,0,1,0,0,차대사람 - 기타,중앙선침범,포장 - 건조,맑음,교차로 - 교차로안,승용,남,58세,상해없음,보행자,남,64세,중상
4400,2018060700100051,2018년 6월 7일 06시,목요일,경기도 김포시 북변동,경상사고,0,0,1,0,차대사람 - 기타,안전운전불이행,포장 - 건조,맑음,단일로 - 기타,승용,남,53세,상해없음,보행자,남,59세,경상
4401,2018060700100071,2018년 6월 7일 07시,목요일,경기도 시흥시 정왕동,중상사고,0,1,0,0,차대사람 - 기타,안전운전불이행,포장 - 건조,맑음,교차로 - 교차로안,화물,남,47세,상해없음,보행자,여,81세,중상
4402,2018060700100093,2018년 6월 7일 08시,목요일,경기도 안양시 동안구 호계동,경상사고,0,0,1,0,차대사람 - 기타,안전운전불이행,포장 - 건조,맑음,기타 - 기타,자전거,남,15세,상해없음,보행자,남,8세,경상
4403,2018060700100095,2018년 6월 7일 08시,목요일,경기도 수원시 권선구 탑동,경상사고,0,0,1,0,차대사람 - 길가장자리구역통행중,안전운전불이행,포장 - 건조,맑음,단일로 - 기타,승용,여,45세,상해없음,보행자,여,33세,경상
4404,2018060700100136,2018년 6월 7일 09시,목요일,경기도 김포시 북변동,경상사고,0,0,1,0,차대사람 - 기타,안전운전불이행,포장 - 건조,맑음,단일로 - 기타,이륜,남,40세,상해없음,보행자,여,71세,경상
4405,2018060700100140,2018년 6월 7일 09시,목요일,경기도 화성시 병점동,중상사고,0,1,0,0,차대사람 - 기타,안전운전불이행,포장 - 건조,맑음,교차로 - 교차로안,승용,남,34세,상해없음,보행자,여,64세,중상
4406,2018060700100167,2018년 6월 7일 09시,목요일,경기도 가평군 청평면,경상사고,0,0,1,0,차대사람 - 기타,기타,포장 - 기타,맑음,단일로 - 기타,화물,남,67세,상해없음,보행자,남,20세,경상
4407,2018060700100204,2018년 6월 7일 11시,목요일,경기도 성남시 중원구 상대원동,경상사고,0,0,1,0,차대사람 - 기타,안전운전불이행,포장 - 건조,맑음,단일로 - 기타,승용,남,58세,상해없음,보행자,여,59세,경상
4408,2018060700100206,2018년 6월 7일 11시,목요일,경기도 수원시 팔달구 매산로1가,경상사고,0,0,1,0,차대사람 - 기타,불법유턴,포장 - 건조,맑음,단일로 - 기타,승용,남,66세,상해없음,보행자,남,51세,경상
4409,2018060700100225,2018년 6월 7일 11시,목요일,경기도 고양시 일산동구 식사동,부상신고사고,0,0,0,1,차대사람 - 횡단중,안전운전불이행,포장 - 건조,맑음,교차로 - 교차로부근,승합,남,63세,상해없음,보행자,남,44세,부상신고
4410,2018060700100233,2018년 6월 7일 12시,목요일,경기도 김포시 풍무동,경상사고,0,0,1,0,차대사람 - 기타,안전운전불이행,포장 - 건조,맑음,주차장 - 주차장,승용,여,30세,상해없음,보행자,여,51세,경상
4411,2018060700100254,2018년 6월 7일 12시,목요일,경기도 의정부시 신곡동,중상사고,0,1,0,0,차대사람 - 횡단중,안전운전불이행,포장 - 건조,맑음,교차로 - 교차로부근,승용,남,51세,상해없음,보행자,여,79세,중상
4412,2018060700100255,2018년 6월 7일 12시,목요일,경기도 포천시 가산면,부상신고사고,0,0,0,1,차대사람 - 길가장자리구역통행중,안전운전불이행,포장 - 건조,맑음,단일로 - 기타,화물,남,60세,상해없음,보행자,여,65세,부상신고
4413,2018060700100297,2018년 6월 7일 14시,목요일,경기도 부천시 심곡동,중상사고,0,1,0,0,차대사람 - 길가장자리구역통행중,안전운전불이행,포장 - 건조,맑음,교차로 - 교차로부근,기타불명,기타불명,미분류,기타불명,보행자,여,68세,중상
4414,2018060700100314,2018년 6월 7일 14시,목요일,경기도 남양주시 도농동,경상사고,0,0,1,0,차대사람 - 기타,안전운전불이행,포장 - 건조,맑음,교차로 - 교차로안,승용,여,48세,상해없음,보행자,여,57세,경상
4415,2018060700100325,2018년 6월 7일 15시,목요일,경기도 김포시 사우동,중상사고,0,1,0,0,차대사람 - 횡단중,보행자보호의무위반,포장 - 건조,맑음,단일로 - 기타,승용,여,30세,상해없음,보행자,여,12세,중상
4416,2018060700100328,2018년 6월 7일 15시,목요일,경기도 광명시 소하동,경상사고,0,0,1,0,차대사람 - 횡단중,신호위반,포장 - 건조,맑음,교차로 - 교차로횡단보도내,승합,남,28세,상해없음,보행자,여,55세,경상
4417,2018060700100423,2018년 6월 7일 17시,목요일,경기도 고양시 일산동구 장항동,부상신고사고,0,0,0,1,차대사람 - 기타,안전운전불이행,포장 - 건조,맑음,단일로 - 기타,기타불명,기타불명,미분류,기타불명,보행자,여,21세,부상신고
4418,2018060700100435,2018년 6월 7일 18시,목요일,경기도 이천시 설성면,중상사고,0,1,0,0,차대사람 - 횡단중,안전운전불이행,포장 - 건조,맑음,단일로 - 기타,승용,남,57세,상해없음,보행자,여,77세,중상
4419,2018060700100440,2018년 6월 7일 18시,목요일,경기도 시흥시 정왕동,경상사고,0,0,1,0,차대사람 - 횡단중,신호위반,포장 - 건조,맑음,단일로 - 기타,승용,여,25세,상해없음,보행자,남,6세,경상
4420,2018060700100442,2018년 6월 7일 18시,목요일,경기도 안양시 만안구 안양동,중상사고,0,1,0,0,차대사람 - 기타,안전운전불이행,포장 - 건조,맑음,기타 - 기타,자전거,남,8세,상해없음,보행자,남,4세,중상
4421,2018060700100470,2018년 6월 7일 18시,목요일,경기도 구리시 사노동,중상사고,0,1,0,0,차대사람 - 횡단중,보행자보호의무위반,포장 - 건조,맑음,교차로 - 교차로횡단보도내,화물,남,74세,상해없음,보행자,여,71세,중상
4422,2018060700100480,2018년 6월 7일 19시,목요일,경기도 이천시 중리동,중상사고,0,1,0,0,차대사람 - 기타,보행자보호의무위반,포장 - 건조,맑음,교차로 - 교차로안,화물,남,52세,기타불명,보행자,여,57세,중상
4423,2018060700100481,2018년 6월 7일 19시,목요일,경기도 안산시 단원구 신길동,중상사고,0,1,0,0,차대사람 - 기타,안전운전불이행,포장 - 건조,맑음,교차로 - 교차로안,승용,남,28세,상해없음,보행자,남,23세,중상
4424,2018060700100503,2018년 6월 7일 20시,목요일,경기도 여주시 천송동,사망사고,1,1,0,0,차대사람 - 길가장자리구역통행중,안전운전불이행,포장 - 건조,맑음,교차로 - 교차로부근,승용,남,48세,상해없음,보행자,여,49세,사망
4425,2018060700100504,2018년 6월 7일 20시,목요일,경기도 오산시 외삼미동,중상사고,0,1,0,0,차대사람 - 기타,안전운전불이행,포장 - 건조,맑음,단일로 - 기타,승용,여,50세,상해없음,보행자,여,42세,중상
4426,2018060700100508,2018년 6월 7일 20시,목요일,경기도 시흥시 정왕동,중상사고,0,1,0,0,차대사람 - 기타,안전운전불이행,포장 - 건조,맑음,단일로 - 기타,승용,남,28세,상해없음,보행자,남,50세,중상
4427,2018060700100541,2018년 6월 7일 21시,목요일,경기도 성남시 수정구 신흥동,중상사고,0,1,0,0,차대사람 - 횡단중,안전운전불이행,포장 - 건조,맑음,단일로 - 기타,승용,남,41세,상해없음,보행자,남,48세,중상
4428,2018060700100542,2018년 6월 7일 21시,목요일,경기도 성남시 수정구 사송동,부상신고사고,0,0,0,1,차대사람 - 기타,안전운전불이행,포장 - 건조,맑음,단일로 - 기타,자전거,남,45세,상해없음,보행자,여,59세,부상신고
4429,2018060800100035,2018년 6월 8일 03시,금요일,경기도 오산시 수청동,중상사고,0,2,0,0,차대사람 - 횡단중,과속,포장 - 건조,맑음,단일로 - 기타,승용,남,56세,상해없음,보행자,남,58세,중상