,사고번호,사고일시,요일,시군구,사고내용,사망자수,중상자수,경상자수,부상신고자수,사고유형,법규위반,노면상태,기상상태,도로형태,가해운전자 차종,가해운전자 성별,가해운전자 연령,가해운전자 상해정도,피해운전자 차종,피해운전자 성별,피해운전자 연령,피해운전자 상해정도
4886,2018062300100363,2018년 6월 23일 15시,토요일,경기도 수원시 팔달구 화서동,경상사고,0,0,1,0,차대사람 - 횡단중,보행자보호의무위반,포장 - 건조,맑음,단일로 - 기타,승용,여,35세,상해없음,보행자,남,5세,경상
4887,2018062300100396,2018년 6월 23일 16시,토요일,경기도 평택시 서정동,중상사고,0,1,0,0,차대사람 - 횡단중,안전운전불이행,포장 - 건조,맑음,교차로 - 교차로안,화물,남,36세,상해없음,보행자,여,58세,중상
4888,2018062300100486,2018년 6월 23일 19시,토요일,경기도 성남시 분당구 서현동,경상사고,0,0,1,0,차대사람 - 기타,안전운전불이행,포장 - 건조,맑음,단일로 - 기타,승합,남,69세,기타불명,보행자,남,60세,경상
4889,2018062300100487,2018년 6월 23일 19시,토요일,경기도 수원시 권선구 금곡동,경상사고,0,0,1,0,차대사람 - 횡단중,보행자보호의무위반,포장 - 건조,맑음,교차로 - 교차로횡단보도내,이륜,남,20세,상해없음,보행자,남,15세,경상
4890,2018062300100557,2018년 6월 23일 21시,토요일,경기도 포천시 신읍동,중상사고,0,1,0,0,차대사람 - 차도통행중,안전운전불이행,포장 - 건조,맑음,단일로 - 기타,승용,여,64세,상해없음,보행자,남,54세,중상
4891,2018062300100571,2018년 6월 23일 22시,토요일,경기도 수원시 팔달구 인계동,중상사고,0,1,0,0,차대사람 - 횡단중,안전운전불이행,포장 - 건조,맑음,단일로 - 기타,승용,남,25세,상해없음,보행자,여,20세,중상
4892,2018062300100596,2018년 6월 23일 23시,토요일,경기도 오산시 오산동,부상신고사고,0,0,0,1,차대사람 - 보도통행중,기타,포장 - 건조,맑음,단일로 - 기타,자전거,남,58세,상해없음,보행자,여,39세,부상신고
4893,2018062400100004,2018년 6월 24일 00시,일요일,경기도 성남시 수정구 태평동,경상사고,0,0,1,0,차대사람 - 기타,안전거리미확보,포장 - 건조,맑음,기타 - 기타,승용,남,52세,상해없음,보행자,남,41세,경상
4894,2018062400100051,2018년 6월 24일 04시,일요일,경기도 오산시 오산동,경상사고,0,0,1,0,차대사람 - 횡단중,신호위반,포장 - 건조,맑음,교차로 - 교차로안,승용,남,58세,상해없음,보행자,남,31세,경상
4895,2018062400100078,2018년 6월 24일 06시,일요일,경기도 성남시 중원구 성남동,부상신고사고,0,0,0,1,차대사람 - 기타,안전운전불이행,포장 - 건조,맑음,단일로 - 기타,승용,남,42세,상해없음,보행자,남,25세,부상신고
4896,2018062400100169,2018년 6월 24일 12시,일요일,경기도 부천시 내동,부상신고사고,0,0,0,1,차대사람 - 기타,안전운전불이행,포장 - 건조,맑음,단일로 - 기타,승용,남,56세,상해없음,보행자,여,27세,부상신고
4897,2018062400100207,2018년 6월 24일 13시,일요일,경기도 고양시 일산서구 덕이동,중상사고,0,1,0,0,차대사람 - 횡단중,보행자보호의무위반,포장 - 건조,맑음,교차로 - 교차로횡단보도내,승용,여,60세,상해없음,보행자,여,22세,중상
4898,2018062400100213,2018년 6월 24일 14시,일요일,경기도 용인시 기흥구 구갈동,중상사고,0,1,0,0,차대사람 - 횡단중,안전운전불이행,포장 - 건조,맑음,교차로 - 교차로안,승용,여,37세,상해없음,보행자,여,70세,중상
4899,2018062400100272,2018년 6월 24일 16시,일요일,경기도 안양시 만안구 안양동,경상사고,0,0,1,0,차대사람 - 횡단중,보행자보호의무위반,포장 - 건조,맑음,교차로 - 교차로횡단보도내,승용,남,44세,상해없음,보행자,남,29세,경상
4900,2018062400100301,2018년 6월 24일 17시,일요일,경기도 부천시 소사본동,경상사고,0,0,1,0,차대사람 - 차도통행중,신호위반,포장 - 건조,맑음,단일로 - 기타,승용,남,74세,상해없음,보행자,남,8세,경상
4901,2018062400100331,2018년 6월 24일 18시,일요일,경기도 오산시 원동,중상사고,0,1,0,0,차대사람 - 차도통행중,안전운전불이행,포장 - 건조,맑음,단일로 - 기타,화물,남,58세,상해없음,보행자,여,74세,중상
4902,2018062400100353,2018년 6월 24일 18시,일요일,경기도 고양시 덕양구 고양동,중상사고,0,1,0,0,차대사람 - 횡단중,보행자보호의무위반,포장 - 건조,맑음,단일로 - 기타,승합,남,43세,상해없음,보행자,남,37세,중상
4903,2018062400100365,2018년 6월 24일 19시,일요일,경기도 여주시 연양동,경상사고,0,0,1,0,차대사람 - 차도통행중,안전운전불이행,포장 - 건조,맑음,단일로 - 고가도로위,승용,여,62세,상해없음,보행자,여,9세,경상
4904,2018062400100368,2018년 6월 24일 19시,일요일,경기도 안양시 만안구 안양동,경상사고,0,0,1,0,차대사람 - 횡단중,보행자보호의무위반,포장 - 건조,맑음,교차로 - 교차로횡단보도내,승용,남,26세,상해없음,보행자,여,7세,경상
4905,2018062400100404,2018년 6월 24일 21시,일요일,경기도 오산시 외삼미동,중상사고,0,1,0,0,차대사람 - 기타,안전운전불이행,포장 - 건조,맑음,단일로 - 기타,승용,여,44세,상해없음,보행자,남,59세,중상
4906,2018062400100430,2018년 6월 24일 22시,일요일,경기도 성남시 중원구 상대원동,중상사고,0,1,0,0,차대사람 - 기타,교차로운행방법위반,포장 - 건조,맑음,교차로 - 교차로안,승합,남,58세,상해없음,보행자,여,59세,중상
4907,2018062500100111,2018년 6월 25일 08시,월요일,경기도 성남시 중원구 상대원동,경상사고,0,0,1,0,차대사람 - 기타,안전운전불이행,포장 - 기타,맑음,단일로 - 기타,승용,여,44세,상해없음,보행자,여,55세,경상
4908,2018062500100156,2018년 6월 25일 09시,월요일,경기도 수원시 팔달구 인계동,경상사고,0,0,1,0,차대사람 - 횡단중,안전운전불이행,포장 - 건조,맑음,단일로 - 기타,승용,남,36세,상해없음,보행자,여,64세,경상
4909,2018062500100182,2018년 6월 25일 10시,월요일,경기도 평택시 서정동,경상사고,0,0,1,0,차대사람 - 횡단중,안전운전불이행,포장 - 건조,맑음,단일로 - 기타,승용,남,74세,상해없음,보행자,남,43세,경상
4910,2018062500100184,2018년 6월 25일 10시,월요일,경기도 광명시 하안동,경상사고,0,0,1,0,차대사람 - 횡단중,안전운전불이행,포장 - 건조,맑음,교차로 - 교차로안,승합,남,78세,상해없음,보행자,여,78세,경상
4911,2018062500100264,2018년 6월 25일 12시,월요일,경기도 부천시 중동,중상사고,0,1,0,0,차대사람 - 기타,안전운전불이행,포장 - 건조,맑음,단일로 - 기타,화물,남,25세,상해없음,보행자,여,57세,중상
4912,2018062500100267,2018년 6월 25일 12시,월요일,경기도 시흥시 정왕동,경상사고,0,0,1,0,차대사람 - 기타,기타,포장 - 건조,맑음,단일로 - 기타,승합,남,58세,상해없음,보행자,여,53세,경상
4913,2018062500100303,2018년 6월 25일 13시,월요일,경기도 평택시 지제동,부상신고사고,0,0,0,1,차대사람 - 차도통행중,안전운전불이행,포장 - 건조,맑음,단일로 - 기타,승합,여,55세,상해없음,보행자,남,51세,부상신고
4914,2018062500100338,2018년 6월 25일 13시,월요일,경기도 파주시 문산읍,중상사고,0,1,0,0,차대사람 - 횡단중,안전운전불이행,포장 - 건조,맑음,교차로 - 교차로안,승용,남,36세,상해없음,보행자,남,80세,중상
4915,2018062500100354,2018년 6월 25일 14시,월요일,경기도 안산시 단원구 초지동,경상사고,0,0,1,0,차대사람 - 기타,안전운전불이행,포장 - 건조,맑음,기타 - 기타,승용,남,50세,상해없음,보행자,남,58세,경상
4916,2018062500100394,2018년 6월 25일 15시,월요일,경기도 수원시 장안구 조원동,경상사고,0,0,1,0,차대사람 - 기타,안전운전불이행,포장 - 건조,맑음,단일로 - 기타,화물,남,49세,상해없음,보행자,여,72세,경상
4917,2018062500100395,2018년 6월 25일 15시,월요일,경기도 안양시 동안구 호계동,경상사고,0,0,1,0,차대사람 - 횡단중,보행자보호의무위반,포장 - 건조,맑음,단일로 - 기타,화물,남,34세,상해없음,보행자,여,48세,경상
4918,2018062500100444,2018년 6월 25일 16시,월요일,경기도 성남시 수정구 단대동,중상사고,0,1,0,0,차대사람 - 차도통행중,안전운전불이행,포장 - 건조,맑음,단일로 - 기타,승용,남,29세,상해없음,보행자,남,81세,중상
4919,2018062500100465,2018년 6월 25일 16시,월요일,경기도 남양주시 와부읍,중상사고,0,1,0,0,차대사람 - 횡단중,보행자보호의무위반,포장 - 건조,맑음,교차로 - 교차로횡단보도내,승용,남,36세,상해없음,보행자,남,9세,중상
4920,2018062500100469,2018년 6월 25일 16시,월요일,경기도 고양시 일산서구 일산동,경상사고,0,0,1,0,차대사람 - 횡단중,안전운전불이행,포장 - 건조,맑음,교차로 - 교차로안,승용,여,35세,상해없음,보행자,남,15세,경상
4921,2018062500100478,2018년 6월 25일 17시,월요일,경기도 평택시 장당동,경상사고,0,0,1,0,차대사람 - 횡단중,안전운전불이행,포장 - 건조,맑음,교차로 - 교차로안,승용,여,54세,상해없음,보행자,남,6세,경상
4922,2018062500100537,2018년 6월 25일 18시,월요일,경기도 안산시 단원구 선부동,부상신고사고,0,0,0,1,차대사람 - 기타,보행자보호의무위반,포장 - 건조,맑음,단일로 - 기타,승용,여,31세,상해없음,보행자,남,4세,부상신고
4923,2018062500100538,2018년 6월 25일 18시,월요일,경기도 성남시 중원구 상대원동,중상사고,0,1,0,0,차대사람 - 횡단중,안전운전불이행,포장 - 건조,맑음,단일로 - 기타,건설기계,남,48세,상해없음,보행자,남,52세,중상
4924,2018062500100540,2018년 6월 25일 18시,월요일,경기도 화성시 향남읍,경상사고,0,0,1,0,차대사람 - 기타,안전운전불이행,포장 - 건조,맑음,단일로 - 기타,승합,남,61세,상해없음,보행자,여,76세,경상
4925,2018062500100571,2018년 6월 25일 19시,월요일,경기도 평택시 통복동,경상사고,0,0,1,0,차대사람 - 횡단중,안전운전불이행,포장 - 건조,맑음,교차로 - 교차로안,승용,남,73세,상해없음,보행자,여,23세,경상
4926,2018062500100572,2018년 6월 25일 19시,월요일,경기도 이천시 대월면,경상사고,0,0,1,0,차대사람 - 길가장자리구역통행중,안전운전불이행,포장 - 건조,맑음,단일로 - 기타,승용,남,50세,상해없음,보행자,남,43세,경상
4927,2018062500100599,2018년 6월 25일 19시,월요일,경기도 고양시 일산동구 풍동,경상사고,0,0,1,0,차대사람 - 기타,기타,포장 - 건조,맑음,단일로 - 기타,자전거,남,21세,상해없음,보행자,여,64세,경상
4928,2018062500100607,2018년 6월 25일 20시,월요일,경기도 평택시 서정동,경상사고,0,0,1,0,차대사람 - 기타,안전운전불이행,포장 - 건조,맑음,단일로 - 기타,이륜,남,72세,상해없음,보행자,여,53세,경상
4929,2018062500100633,2018년 6월 25일 21시,월요일,경기도 평택시 용이동,경상사고,0,0,1,0,차대사람 - 기타,기타,포장 - 건조,맑음,교차로 - 교차로안,승용,여,48세,상해없음,보행자,남,31세,경상
4930,2018062500100636,2018년 6월 25일 21시,월요일,경기도 시흥시 산현동,사망사고,1,1,1,0,차대사람 - 횡단중,신호위반,포장 - 건조,맑음,교차로 - 교차로안,화물,남,58세,상해없음,보행자,여,48세,중상
4931,2018062500100638,2018년 6월 25일 21시,월요일,경기도 안산시 상록구 사동,중상사고,0,1,0,0,차대사람 - 횡단중,보행자보호의무위반,포장 - 건조,맑음,교차로 - 교차로횡단보도내,승용,남,59세,상해없음,보행자,남,40세,중상
4932,2018062500100668,2018년 6월 25일 22시,월요일,경기도 용인시 수지구 죽전동,경상사고,0,0,1,0,차대사람 - 횡단중,신호위반,포장 - 건조,맑음,교차로 - 교차로횡단보도내,승용,남,22세,상해없음,보행자,남,13세,경상
4933,2018062500100684,2018년 6월 25일 22시,월요일,경기도 파주시 금촌동,중상사고,0,1,0,0,차대사람 - 기타,안전운전불이행,포장 - 건조,맑음,단일로 - 기타,원동기,남,22세,상해없음,보행자,남,33세,중상
4934,2018062600100006,2018년 6월 26일 00시,화요일,경기도 과천시 문원동,경상사고,0,0,1,0,차대사람 - 기타,안전운전불이행,포장 - 건조,맑음,기타 - 기타,승합,남,57세,상해없음,보행자,남,48세,경상
4935,2018062600100026,2018년 6월 26일 01시,화요일,경기도 고양시 일산동구 백석동,사망사고,1,0,0,0,차대사람 - 기타,과속,포장 - 건조,맑음,교차로 - 교차로횡단보도내,승용,남,26세,상해없음,보행자,남,52세,사망
4936,2018062600100046,2018년 6월 26일 04시,화요일,경기도 성남시 수정구 태평동,중상사고,0,1,0,0,차대사람 - 기타,신호위반,포장 - 건조,맑음,단일로 - 기타,이륜,남,27세,상해없음,보행자,남,64세,중상
4937,2018062600100089,2018년 6월 26일 07시,화요일,경기도 성남시 수정구 수진동,경상사고,0,0,1,0,차대사람 - 기타,안전운전불이행,포장 - 건조,맑음,단일로 - 기타,승용,남,65세,상해없음,보행자,남,23세,경상
4938,2018062600100131,2018년 6월 26일 08시,화요일,경기도 수원시 영통구 원천동,경상사고,0,0,1,0,차대사람 - 횡단중,안전운전불이행,포장 - 젖음/습기,비,교차로 - 교차로안,승용,남,32세,상해없음,보행자,여,27세,경상
4939,2018062600100133,2018년 6월 26일 08시,화요일,경기도 시흥시 장곡동,경상사고,0,0,1,0,차대사람 - 길가장자리구역통행중,안전운전불이행,포장 - 젖음/습기,비,단일로 - 기타,승용,여,45세,기타불명,보행자,여,24세,경상
4940,2018062600100165,2018년 6월 26일 08시,화요일,경기도 고양시 일산서구 탄현동,경상사고,0,0,1,0,차대사람 - 횡단중,안전운전불이행,포장 - 젖음/습기,비,교차로 - 교차로횡단보도내,승용,남,29세,상해없음,보행자,여,15세,경상
4941,2018062600100180,2018년 6월 26일 09시,화요일,경기도 수원시 영통구 매탄동,경상사고,0,0,1,0,차대사람 - 기타,안전운전불이행,포장 - 젖음/습기,비,단일로 - 기타,승용,남,31세,상해없음,보행자,여,56세,경상
4942,2018062600100184,2018년 6월 26일 09시,화요일,경기도 하남시 신장동,경상사고,0,0,1,0,차대사람 - 횡단중,보행자보호의무위반,포장 - 젖음/습기,비,교차로 - 교차로횡단보도내,승용,남,62세,상해없음,보행자,남,65세,경상
4943,2018062600100200,2018년 6월 26일 09시,화요일,경기도 고양시 일산동구 식사동,중상사고,0,1,0,0,차대사람 - 기타,안전운전불이행,포장 - 젖음/습기,비,기타 - 기타,승용,남,47세,상해없음,보행자,남,52세,중상
4944,2018062600100210,2018년 6월 26일 10시,화요일,경기도 양평군 양평읍,경상사고,0,0,1,0,차대사람 - 기타,안전운전불이행,포장 - 건조,맑음,단일로 - 기타,승용,여,26세,상해없음,보행자,남,50세,경상
4945,2018062600100264,2018년 6월 26일 11시,화요일,경기도 고양시 일산동구 장항동,중상사고,0,1,0,0,차대사람 - 횡단중,보행자보호의무위반,포장 - 젖음/습기,비,교차로 - 교차로횡단보도내,승용,여,63세,상해없음,보행자,남,73세,중상
4946,2018062600100296,2018년 6월 26일 13시,화요일,경기도 평택시 안중읍,중상사고,0,1,0,0,차대사람 - 기타,안전운전불이행,포장 - 젖음/습기,비,단일로 - 기타,승합,남,57세,상해없음,보행자,여,77세,중상
4947,2018062600100298,2018년 6월 26일 13시,화요일,경기도 김포시 감정동,중상사고,0,1,0,0,차대사람 - 기타,기타,포장 - 건조,맑음,단일로 - 기타,승합,남,25세,상해없음,보행자,여,56세,중상
4948,2018062600100322,2018년 6월 26일 14시,화요일,경기도 용인시 처인구 유방동,경상사고,0,0,1,0,차대사람 - 횡단중,보행자보호의무위반,포장 - 젖음/습기,비,단일로 - 기타,승용,남,27세,상해없음,보행자,남,51세,경상
4949,2018062600100325,2018년 6월 26일 14시,화요일,경기도 하남시 풍산동,부상신고사고,0,0,0,1,차대사람 - 기타,신호위반,포장 - 젖음/습기,비,교차로 - 교차로횡단보도내,이륜,남,24세,상해없음,보행자,여,61세,부상신고
4950,2018062600100358,2018년 6월 26일 15시,화요일,경기도 성남시 분당구 수내동,중상사고,0,1,0,0,차대사람 - 기타,안전운전불이행,포장 - 건조,맑음,단일로 - 기타,승용,여,54세,상해없음,보행자,여,15세,중상
4951,2018062600100381,2018년 6월 26일 15시,화요일,경기도 구리시 인창동,경상사고,0,0,1,0,차대사람 - 기타,안전운전불이행,포장 - 건조,맑음,단일로 - 기타,승합,남,52세,상해없음,보행자,남,31세,경상
4952,2018062600100418,2018년 6월 26일 16시,화요일,경기도 남양주시 진건읍,부상신고사고,0,0,0,1,차대사람 - 기타,안전운전불이행,포장 - 젖음/습기,비,단일로 - 기타,승용,남,63세,상해없음,보행자,여,16세,부상신고
4953,2018062600100420,2018년 6월 26일 16시,화요일,경기도 양주시 백석읍,경상사고,0,0,1,0,차대사람 - 횡단중,보행자보호의무위반,포장 - 젖음/습기,비,교차로 - 교차로횡단보도내,승용,남,25세,상해없음,보행자,여,61세,경상
4954,2018062600100441,2018년 6월 26일 17시,화요일,경기도 안양시 만안구 박달동,경상사고,0,0,1,0,차대사람 - 기타,안전운전불이행,포장 - 젖음/습기,비,교차로 - 교차로안,승용,남,60세,상해없음,보행자,남,10세,경상
4955,2018062600100459,2018년 6월 26일 17시,화요일,경기도 고양시 일산동구 풍동,경상사고,0,0,1,0,차대사람 - 기타,안전운전불이행,포장 - 젖음/습기,비,주차장 - 주차장,승용,남,62세,상해없음,보행자,여,58세,경상
4956,2018062600100470,2018년 6월 26일 18시,화요일,경기도 김포시 감정동,중상사고,0,1,0,0,차대사람 - 기타,안전운전불이행,포장 - 건조,맑음,교차로 - 교차로안,승용,여,40세,상해없음,보행자,여,11세,중상
4957,2018062600100471,2018년 6월 26일 18시,화요일,경기도 부천시 춘의동,중상사고,0,1,0,0,차대사람 - 횡단중,보행자보호의무위반,포장 - 젖음/습기,비,단일로 - 기타,승용,남,62세,상해없음,보행자,남,47세,중상
4958,2018062600100507,2018년 6월 26일 19시,화요일,경기도 안산시 단원구 고잔동,중상사고,0,1,0,0,차대사람 - 횡단중,교차로운행방법위반,포장 - 건조,맑음,교차로 - 교차로안,승용,남,57세,기타불명,보행자,남,16세,중상
4959,2018062600100511,2018년 6월 26일 19시,화요일,경기도 부천시 내동,중상사고,0,1,1,0,차대사람 - 횡단중,신호위반,포장 - 젖음/습기,비,교차로 - 교차로횡단보도내,승용,여,66세,상해없음,보행자,남,59세,중상
4960,2018062600100537,2018년 6월 26일 20시,화요일,경기도 성남시 수정구 태평동,중상사고,0,2,0,0,차대사람 - 횡단중,신호위반,포장 - 젖음/습기,흐림,단일로 - 기타,승용,남,19세,상해없음,보행자,남,69세,중상
4961,2018062600100563,2018년 6월 26일 20시,화요일,경기도 양주시 만송동,중상사고,0,1,0,0,차대사람 - 횡단중,안전운전불이행,포장 - 젖음/습기,비,교차로 - 교차로부근,승용,남,62세,상해없음,보행자,여,19세,중상
4962,2018062600100575,2018년 6월 26일 21시,화요일,경기도 이천시 장호원읍,중상사고,0,1,0,0,차대사람 - 횡단중,안전운전불이행,포장 - 젖음/습기,비,교차로 - 교차로안,승합,남,64세,상해없음,보행자,여,51세,중상
4963,2018062600100582,2018년 6월 26일 21시,화요일,경기도 성남시 중원구 상대원동,경상사고,0,0,1,0,차대사람 - 기타,안전운전불이행,포장 - 젖음/습기,맑음,단일로 - 기타,승합,남,56세,상해없음,보행자,남,45세,경상
4964,2018062600100636,2018년 6월 26일 23시,화요일,경기도 시흥시 정왕동,중상사고,0,1,0,0,차대사람 - 기타,안전운전불이행,포장 - 젖음/습기,비,단일로 - 기타,승용,여,49세,상해없음,보행자,남,32세,중상
4965,2018062700100028,2018년 6월 27일 01시,수요일,경기도 의정부시 민락동,경상사고,0,0,1,0,차대사람 - 횡단중,안전운전불이행,포장 - 젖음/습기,비,단일로 - 기타,승용,남,56세,상해없음,보행자,여,26세,경상
4966,2018062700100081,2018년 6월 27일 07시,수요일,경기도 부천시 고강동,경상사고,0,0,1,0,차대사람 - 기타,안전운전불이행,포장 - 건조,맑음,단일로 - 기타,승용,여,57세,상해없음,보행자,여,28세,경상
4967,2018062700100105,2018년 6월 27일 08시,수요일,경기도 시흥시 장곡동,중상사고,0,1,0,0,차대사람 - 횡단중,과속,포장 - 젖음/습기,흐림,단일로 - 기타,승용,남,45세,상해없음,보행자,남,17세,중상
4968,2018062700100106,2018년 6월 27일 08시,수요일,경기도 안산시 상록구 본오동,경상사고,0,0,1,0,차대사람 - 기타,안전운전불이행,포장 - 건조,맑음,교차로 - 교차로안,승용,남,71세,상해없음,보행자,여,42세,경상
4969,2018062700100140,2018년 6월 27일 09시,수요일,경기도 이천시 관고동,경상사고,0,0,1,0,차대사람 - 횡단중,안전운전불이행,포장 - 건조,맑음,교차로 - 교차로안,승용,여,48세,상해없음,보행자,여,29세,경상
4970,2018062700100166,2018년 6월 27일 10시,수요일,경기도 광주시 경안동,경상사고,0,0,1,0,차대사람 - 횡단중,안전운전불이행,포장 - 건조,맑음,교차로 - 교차로안,승용,남,28세,상해없음,보행자,남,86세,경상
4971,2018062700100247,2018년 6월 27일 13시,수요일,경기도 남양주시 화도읍,중상사고,0,1,0,0,차대사람 - 기타,보행자보호의무위반,포장 - 건조,맑음,교차로 - 교차로횡단보도내,건설기계,남,56세,상해없음,보행자,여,82세,중상
4972,2018062700100252,2018년 6월 27일 14시,수요일,경기도 수원시 장안구 조원동,중상사고,0,1,0,0,차대사람 - 기타,안전운전불이행,포장 - 기타,맑음,기타 - 기타,승합,남,61세,상해없음,보행자,여,87세,중상
4973,2018062700100285,2018년 6월 27일 15시,수요일,경기도 김포시 양촌읍,중상사고,0,1,0,0,차대사람 - 기타,안전운전불이행,포장 - 건조,맑음,기타 - 기타,건설기계,남,62세,상해없음,보행자,남,63세,중상
4974,2018062700100287,2018년 6월 27일 15시,수요일,경기도 성남시 분당구 정자동,경상사고,0,0,1,0,차대사람 - 횡단중,보행자보호의무위반,포장 - 건조,맑음,기타 - 기타,승용,남,25세,상해없음,보행자,여,35세,경상
4975,2018062700100290,2018년 6월 27일 15시,수요일,경기도 용인시 수지구 풍덕천동,경상사고,0,0,1,0,차대사람 - 횡단중,보행자보호의무위반,포장 - 건조,맑음,교차로 - 교차로횡단보도내,승용,여,51세,상해없음,보행자,남,7세,경상
4976,2018062700100354,2018년 6월 27일 17시,수요일,경기도 김포시 통진읍,부상신고사고,0,0,0,1,차대사람 - 횡단중,안전운전불이행,포장 - 건조,맑음,교차로 - 교차로안,승용,여,42세,상해없음,보행자,남,11세,부상신고
4977,2018062700100355,2018년 6월 27일 17시,수요일,경기도 부천시 소사본동,경상사고,0,0,1,0,차대사람 - 길가장자리구역통행중,안전운전불이행,포장 - 건조,맑음,단일로 - 기타,승용,남,46세,상해없음,보행자,남,49세,경상
4978,2018062700100357,2018년 6월 27일 17시,수요일,경기도 부천시 중동,경상사고,0,0,1,0,차대사람 - 기타,안전운전불이행,포장 - 건조,맑음,단일로 - 기타,승용,여,40세,상해없음,보행자,남,15세,경상
4979,2018062700100361,2018년 6월 27일 17시,수요일,경기도 안양시 만안구 석수동,경상사고,0,0,1,0,차대사람 - 횡단중,안전운전불이행,포장 - 건조,맑음,단일로 - 기타,승용,여,54세,상해없음,보행자,남,10세,경상
4980,2018062700100398,2018년 6월 27일 17시,수요일,경기도 의정부시 의정부동,경상사고,0,0,1,0,차대사람 - 기타,안전운전불이행,포장 - 건조,맑음,단일로 - 기타,화물,여,49세,기타불명,보행자,남,47세,경상
4981,2018062700100443,2018년 6월 27일 19시,수요일,경기도 화성시 병점동,중상사고,0,1,0,0,차대사람 - 횡단중,안전운전불이행,포장 - 건조,맑음,단일로 - 기타,승용,남,30세,상해없음,보행자,여,57세,중상
4982,2018062700100466,2018년 6월 27일 20시,수요일,경기도 이천시 창전동,중상사고,0,1,0,0,차대사람 - 횡단중,보행자보호의무위반,포장 - 건조,맑음,교차로 - 교차로안,승용,여,48세,상해없음,보행자,여,24세,중상
4983,2018062700100469,2018년 6월 27일 20시,수요일,경기도 안산시 상록구 일동,경상사고,0,0,1,0,차대사람 - 횡단중,안전운전불이행,포장 - 건조,맑음,교차로 - 교차로안,승용,남,52세,상해없음,보행자,남,66세,경상
4984,2018062700100488,2018년 6월 27일 20시,수요일,경기도 고양시 덕양구 동산동,경상사고,0,0,1,0,차대사람 - 보도통행중,신호위반,포장 - 건조,맑음,교차로 - 교차로횡단보도내,승용,여,53세,상해없음,보행자,여,17세,경상
4985,2018062700100521,2018년 6월 27일 21시,수요일,경기도 포천시 소흘읍,중상사고,0,1,0,0,차대사람 - 차도통행중,안전운전불이행,포장 - 건조,맑음,단일로 - 기타,승용,남,30세,상해없음,보행자,남,81세,중상
4986,2018062700100561,2018년 6월 27일 23시,수요일,경기도 안산시 단원구 고잔동,경상사고,0,0,1,0,차대사람 - 횡단중,보행자보호의무위반,포장 - 건조,맑음,교차로 - 교차로안,승합,남,54세,상해없음,보행자,남,54세,경상
4987,2018062700100562,2018년 6월 27일 23시,수요일,경기도 수원시 팔달구 인계동,경상사고,0,0,1,0,차대사람 - 길가장자리구역통행중,안전운전불이행,포장 - 건조,맑음,교차로 - 교차로안,승용,남,47세,상해없음,보행자,남,25세,경상
4988,2018062800100003,2018년 6월 28일 00시,목요일,경기도 수원시 영통구 영통동,중상사고,0,1,0,0,차대사람 - 횡단중,보행자보호의무위반,포장 - 건조,맑음,교차로 - 교차로횡단보도내,승용,남,49세,상해없음,보행자,남,45세,중상
4989,2018062800100016,2018년 6월 28일 01시,목요일,경기도 안양시 동안구 호계동,경상사고,0,0,1,0,차대사람 - 차도통행중,안전운전불이행,포장 - 건조,맑음,단일로 - 고가도로위,승용,남,50세,상해없음,보행자,남,41세,경상
4990,2018062800100114,2018년 6월 28일 07시,목요일,경기도 양주시 덕정동,경상사고,0,0,1,0,차대사람 - 횡단중,안전운전불이행,포장 - 건조,맑음,단일로 - 기타,승용,남,42세,상해없음,보행자,남,33세,경상
4991,2018062800100127,2018년 6월 28일 08시,목요일,경기도 성남시 분당구 서현동,경상사고,0,0,1,0,차대사람 - 차도통행중,안전운전불이행,포장 - 건조,맑음,교차로 - 교차로안,승용,여,56세,상해없음,보행자,여,70세,경상
4992,2018062800100130,2018년 6월 28일 08시,목요일,경기도 부천시 원종동,경상사고,0,0,1,0,차대사람 - 차도통행중,안전운전불이행,포장 - 건조,흐림,교차로 - 교차로안,승용,여,26세,상해없음,보행자,여,15세,경상
4993,2018062800100162,2018년 6월 28일 09시,목요일,경기도 안산시 단원구 원곡동,중상사고,0,1,0,0,차대사람 - 기타,기타,포장 - 젖음/습기,흐림,기타 - 기타,승합,남,42세,상해없음,보행자,여,62세,중상
4994,2018062800100192,2018년 6월 28일 10시,목요일,경기도 광주시 경안동,중상사고,0,1,0,0,차대사람 - 횡단중,보행자보호의무위반,포장 - 건조,맑음,교차로 - 교차로횡단보도내,승합,남,64세,상해없음,보행자,남,66세,중상
4995,2018062800100193,2018년 6월 28일 10시,목요일,경기도 오산시 궐동,중상사고,0,1,0,0,차대사람 - 기타,안전운전불이행,포장 - 건조,맑음,교차로 - 교차로안,화물,남,50세,상해없음,보행자,남,38세,중상
4996,2018062800100219,2018년 6월 28일 11시,목요일,경기도 화성시 양감면,중상사고,0,1,0,0,차대사람 - 길가장자리구역통행중,안전운전불이행,포장 - 건조,맑음,단일로 - 기타,승용,남,79세,상해없음,보행자,여,83세,중상
4997,2018062800100294,2018년 6월 28일 14시,목요일,경기도 김포시 대곶면,중상사고,0,1,0,0,차대사람 - 기타,안전운전불이행,포장 - 건조,기타,단일로 - 기타,승용,남,31세,상해없음,보행자,남,27세,중상
4998,2018062800100318,2018년 6월 28일 15시,목요일,경기도 하남시 덕풍동,경상사고,0,0,1,0,차대사람 - 횡단중,보행자보호의무위반,포장 - 건조,맑음,교차로 - 교차로횡단보도내,승용,남,32세,상해없음,보행자,여,10세,경상