,사고번호,사고일시,요일,시군구,사고내용,사망자수,중상자수,경상자수,부상신고자수,사고유형,법규위반,노면상태,기상상태,도로형태,가해운전자 차종,가해운전자 성별,가해운전자 연령,가해운전자 상해정도,피해운전자 차종,피해운전자 성별,피해운전자 연령,피해운전자 상해정도
5112,2018070200100487,2018년 7월 2일 19시,월요일,경기도 부천시 삼정동,중상사고,0,1,1,0,차대사람 - 횡단중,신호위반,포장 - 젖음/습기,비,교차로 - 교차로횡단보도내,이륜,남,63세,경상,보행자,남,54세,중상
5113,2018070200100526,2018년 7월 2일 20시,월요일,경기도 부천시 작동,중상사고,0,1,0,0,차대사람 - 횡단중,안전운전불이행,포장 - 건조,맑음,단일로 - 기타,이륜,남,21세,상해없음,보행자,여,34세,중상
5114,2018070200100544,2018년 7월 2일 20시,월요일,경기도 포천시 가산면,경상사고,0,0,1,0,차대사람 - 기타,안전운전불이행,포장 - 젖음/습기,비,단일로 - 기타,승용,여,55세,상해없음,보행자,여,23세,경상
5115,2018070200100560,2018년 7월 2일 21시,월요일,경기도 성남시 분당구 야탑동,경상사고,0,0,1,0,차대사람 - 보도통행중,안전운전불이행,포장 - 건조,맑음,기타 - 기타,승용,여,60세,상해없음,보행자,여,26세,경상
5116,2018070200100563,2018년 7월 2일 21시,월요일,경기도 수원시 권선구 탑동,경상사고,0,0,1,0,차대사람 - 횡단중,보행자보호의무위반,포장 - 젖음/습기,비,교차로 - 교차로횡단보도내,승용,남,47세,상해없음,보행자,여,27세,경상
5117,2018070200100582,2018년 7월 2일 21시,월요일,경기도 고양시 덕양구 화정동,경상사고,0,0,1,0,차대사람 - 횡단중,보행자보호의무위반,포장 - 젖음/습기,비,교차로 - 교차로횡단보도내,이륜,남,19세,상해없음,보행자,여,34세,경상
5118,2018070200100587,2018년 7월 2일 21시,월요일,경기도 포천시 소흘읍,경상사고,0,0,1,0,차대사람 - 횡단중,신호위반,포장 - 젖음/습기,비,교차로 - 교차로안,승용,남,50세,상해없음,보행자,여,54세,경상
5119,2018070200100624,2018년 7월 2일 22시,월요일,경기도 남양주시 화도읍,중상사고,0,1,0,0,차대사람 - 기타,안전운전불이행,포장 - 젖음/습기,비,교차로 - 교차로안,승용,남,47세,상해없음,보행자,여,53세,중상
5120,2018070200100638,2018년 7월 2일 23시,월요일,경기도 평택시 서정동,중상사고,0,1,0,0,차대사람 - 기타,안전운전불이행,포장 - 건조,맑음,단일로 - 기타,승합,남,50세,상해없음,보행자,남,27세,중상
5121,2018070200100641,2018년 7월 2일 23시,월요일,경기도 부천시 중동,경상사고,0,0,1,0,차대사람 - 기타,중앙선침범,포장 - 건조,맑음,단일로 - 기타,승용,남,23세,상해없음,보행자,남,28세,경상
5122,2018070200100646,2018년 7월 2일 23시,월요일,경기도 부천시 고강동,사망사고,1,0,0,0,차대사람 - 횡단중,안전운전불이행,포장 - 젖음/습기,비,단일로 - 기타,승용,남,59세,상해없음,보행자,여,25세,사망
5123,2018070200100662,2018년 7월 2일 23시,월요일,경기도 고양시 일산동구 장항동,경상사고,0,0,1,0,차대사람 - 기타,안전운전불이행,포장 - 건조,맑음,주차장 - 주차장,승용,여,60세,상해없음,보행자,여,41세,경상
5124,2018070300100023,2018년 7월 3일 01시,화요일,경기도 안양시 동안구 비산동,사망사고,1,0,0,0,차대사람 - 횡단중,안전운전불이행,포장 - 젖음/습기,맑음,교차로 - 교차로횡단보도내,승합,남,50세,상해없음,보행자,남,36세,사망
5125,2018070300100039,2018년 7월 3일 02시,화요일,경기도 고양시 덕양구 행신동,경상사고,0,0,1,0,차대사람 - 횡단중,보행자보호의무위반,포장 - 젖음/습기,흐림,교차로 - 교차로횡단보도내,승합,남,65세,상해없음,보행자,남,26세,경상
5126,2018070300100048,2018년 7월 3일 04시,화요일,경기도 용인시 처인구 모현읍,사망사고,1,0,0,0,차대사람 - 횡단중,안전운전불이행,포장 - 젖음/습기,맑음,단일로 - 교량,화물,남,46세,상해없음,보행자,남,86세,사망
5127,2018070300100063,2018년 7월 3일 06시,화요일,경기도 성남시 중원구 도촌동,부상신고사고,0,0,0,1,차대사람 - 기타,안전운전불이행,포장 - 건조,맑음,교차로 - 교차로부근,승합,남,58세,상해없음,보행자,남,70세,부상신고
5128,2018070300100076,2018년 7월 3일 07시,화요일,경기도 용인시 기흥구 동백동,경상사고,0,0,1,0,차대사람 - 횡단중,보행자보호의무위반,포장 - 건조,맑음,교차로 - 교차로안,승용,남,46세,상해없음,보행자,여,25세,경상
5129,2018070300100103,2018년 7월 3일 08시,화요일,경기도 군포시 당동,중상사고,0,1,0,0,차대사람 - 기타,안전운전불이행,포장 - 건조,맑음,교차로 - 교차로안,승용,여,54세,상해없음,보행자,여,15세,중상
5130,2018070300100129,2018년 7월 3일 08시,화요일,경기도 의정부시 신곡동,중상사고,0,1,0,0,차대사람 - 기타,안전운전불이행,포장 - 건조,맑음,단일로 - 기타,기타불명,기타불명,미분류,기타불명,보행자,여,81세,중상
5131,2018070300100143,2018년 7월 3일 09시,화요일,경기도 오산시 원동,중상사고,0,1,0,0,차대사람 - 기타,안전운전불이행,포장 - 건조,맑음,단일로 - 기타,화물,남,63세,상해없음,보행자,여,75세,중상
5132,2018070300100144,2018년 7월 3일 09시,화요일,경기도 안산시 단원구 고잔동,중상사고,0,1,0,0,차대사람 - 횡단중,신호위반,포장 - 건조,맑음,교차로 - 교차로횡단보도내,승용,남,66세,상해없음,보행자,여,80세,중상
5133,2018070300100161,2018년 7월 3일 09시,화요일,경기도 남양주시 평내동,중상사고,0,1,0,0,차대사람 - 기타,안전운전불이행,포장 - 건조,맑음,기타 - 기타,승합,여,59세,상해없음,보행자,남,48세,중상
5134,2018070300100216,2018년 7월 3일 12시,화요일,경기도 성남시 분당구 야탑동,경상사고,0,0,1,0,차대사람 - 횡단중,보행자보호의무위반,포장 - 건조,맑음,교차로 - 교차로횡단보도내,특수,남,36세,상해없음,보행자,남,27세,경상
5135,2018070300100248,2018년 7월 3일 13시,화요일,경기도 수원시 영통구 원천동,경상사고,0,0,1,0,차대사람 - 횡단중,안전운전불이행,포장 - 건조,맑음,교차로 - 교차로횡단보도내,승용,남,67세,상해없음,보행자,여,65세,경상
5136,2018070300100249,2018년 7월 3일 13시,화요일,경기도 시흥시 무지내동,중상사고,0,1,0,0,차대사람 - 기타,안전운전불이행,포장 - 건조,맑음,단일로 - 기타,승용,남,44세,상해없음,보행자,남,63세,중상
5137,2018070300100344,2018년 7월 3일 16시,화요일,경기도 안양시 동안구 관양동,중상사고,0,1,0,0,차대사람 - 차도통행중,신호위반,포장 - 건조,맑음,교차로 - 교차로부근,화물,남,45세,상해없음,보행자,남,76세,중상
5138,2018070300100349,2018년 7월 3일 16시,화요일,경기도 안산시 상록구 사동,중상사고,0,1,0,0,차대사람 - 기타,안전운전불이행,포장 - 건조,맑음,교차로 - 교차로안,승용,남,42세,상해없음,보행자,여,82세,중상
5139,2018070300100351,2018년 7월 3일 16시,화요일,경기도 하남시 덕풍동,경상사고,0,0,1,0,차대사람 - 횡단중,안전운전불이행,포장 - 건조,맑음,교차로 - 교차로부근,승용,남,44세,상해없음,보행자,남,22세,경상
5140,2018070300100352,2018년 7월 3일 16시,화요일,경기도 용인시 수지구 죽전동,사망사고,1,0,0,0,차대사람 - 횡단중,신호위반,포장 - 건조,맑음,교차로 - 교차로안,승합,여,56세,상해없음,보행자,여,83세,사망
5141,2018070300100370,2018년 7월 3일 16시,화요일,경기도 의정부시 가능동,경상사고,0,0,1,0,차대사람 - 보도통행중,기타,포장 - 건조,맑음,교차로 - 교차로안,승용,여,66세,상해없음,보행자,여,14세,경상
5142,2018070300100383,2018년 7월 3일 17시,화요일,경기도 부천시 약대동,중상사고,0,1,0,0,차대사람 - 횡단중,신호위반,포장 - 건조,맑음,교차로 - 교차로횡단보도내,승용,남,52세,상해없음,보행자,남,26세,중상
5143,2018070300100425,2018년 7월 3일 18시,화요일,경기도 안산시 단원구 와동,경상사고,0,0,1,0,차대사람 - 기타,안전운전불이행,포장 - 건조,맑음,단일로 - 기타,승용,남,23세,상해없음,보행자,여,58세,경상
5144,2018070300100456,2018년 7월 3일 19시,화요일,경기도 안산시 단원구 고잔동,경상사고,0,0,1,0,차대사람 - 기타,기타,포장 - 건조,맑음,단일로 - 기타,승합,남,66세,기타불명,보행자,남,64세,경상
5145,2018070300100477,2018년 7월 3일 19시,화요일,경기도 의정부시 의정부동,경상사고,0,0,1,0,차대사람 - 보도통행중,안전운전불이행,포장 - 건조,맑음,단일로 - 기타,개인형이동수단(PM),남,15세,상해없음,보행자,여,47세,경상
5146,2018070300100484,2018년 7월 3일 20시,화요일,경기도 양평군 용문면,경상사고,0,0,1,0,차대사람 - 차도통행중,안전운전불이행,포장 - 건조,맑음,단일로 - 기타,승용,여,60세,상해없음,보행자,남,61세,경상
5147,2018070300100505,2018년 7월 3일 20시,화요일,경기도 파주시 동패동,경상사고,0,0,1,0,차대사람 - 기타,안전운전불이행,포장 - 건조,맑음,기타 - 기타,승용,여,35세,기타불명,보행자,여,57세,경상
5148,2018070300100517,2018년 7월 3일 21시,화요일,경기도 안성시 영동,경상사고,0,0,1,0,차대사람 - 보도통행중,보행자보호의무위반,포장 - 건조,맑음,교차로 - 교차로횡단보도내,승용,여,18세,상해없음,보행자,여,34세,경상
5149,2018070300100519,2018년 7월 3일 21시,화요일,경기도 화성시 진안동,경상사고,0,0,1,0,차대사람 - 횡단중,보행자보호의무위반,포장 - 건조,맑음,교차로 - 교차로횡단보도내,기타불명,기타불명,미분류,기타불명,보행자,남,21세,경상
5150,2018070300100521,2018년 7월 3일 21시,화요일,경기도 성남시 중원구 성남동,부상신고사고,0,0,0,1,차대사람 - 기타,안전운전불이행,포장 - 기타,흐림,단일로 - 기타,승용,남,46세,상해없음,보행자,남,37세,부상신고
5151,2018070300100540,2018년 7월 3일 21시,화요일,경기도 고양시 일산동구 마두동,중상사고,0,1,0,0,차대사람 - 기타,안전운전불이행,포장 - 건조,맑음,단일로 - 지하차도(도로)내,자전거,남,16세,상해없음,보행자,여,17세,중상
5152,2018070300100550,2018년 7월 3일 22시,화요일,경기도 이천시 관고동,경상사고,0,0,1,0,차대사람 - 기타,안전운전불이행,포장 - 건조,맑음,교차로 - 교차로안,승용,여,34세,상해없음,보행자,남,32세,경상
5153,2018070400100050,2018년 7월 4일 07시,수요일,경기도 안산시 단원구 화정동,사망사고,1,0,0,0,차대사람 - 차도통행중,과속,포장 - 건조,맑음,교차로 - 교차로안,승용,남,36세,상해없음,보행자,여,80세,사망
5154,2018070400100086,2018년 7월 4일 08시,수요일,경기도 평택시 평택동,중상사고,0,1,0,0,차대사람 - 횡단중,보행자보호의무위반,포장 - 건조,맑음,교차로 - 교차로부근,승합,남,52세,상해없음,보행자,남,66세,중상
5155,2018070400100133,2018년 7월 4일 09시,수요일,경기도 용인시 기흥구 농서동,사망사고,1,0,0,0,차대사람 - 기타,안전운전불이행,포장 - 건조,맑음,단일로 - 기타,건설기계,남,53세,상해없음,보행자,남,64세,사망
5156,2018070400100179,2018년 7월 4일 10시,수요일,경기도 양평군 양평읍,경상사고,0,0,1,0,차대사람 - 횡단중,보행자보호의무위반,포장 - 건조,맑음,단일로 - 기타,승용,남,63세,상해없음,보행자,남,82세,경상
5157,2018070400100182,2018년 7월 4일 10시,수요일,경기도 안양시 만안구 안양동,중상사고,0,1,0,0,차대사람 - 횡단중,보행자보호의무위반,포장 - 건조,맑음,교차로 - 교차로횡단보도내,화물,남,71세,상해없음,보행자,남,72세,중상
5158,2018070400100200,2018년 7월 4일 11시,수요일,경기도 수원시 권선구 세류동,중상사고,0,1,0,0,차대사람 - 기타,안전운전불이행,포장 - 건조,맑음,단일로 - 기타,승용,남,58세,상해없음,보행자,여,78세,중상
5159,2018070400100217,2018년 7월 4일 11시,수요일,경기도 고양시 덕양구 고양동,경상사고,0,0,1,0,차대사람 - 횡단중,신호위반,포장 - 건조,맑음,교차로 - 교차로안,승합,여,48세,상해없음,보행자,여,52세,경상
5160,2018070400100297,2018년 7월 4일 14시,수요일,경기도 고양시 덕양구 삼송동,부상신고사고,0,0,0,1,차대사람 - 차도통행중,안전운전불이행,포장 - 건조,맑음,교차로 - 교차로안,승용,여,55세,상해없음,보행자,여,30세,부상신고
5161,2018070400100315,2018년 7월 4일 15시,수요일,경기도 김포시 통진읍,경상사고,0,0,1,0,차대사람 - 기타,안전운전불이행,포장 - 건조,맑음,단일로 - 기타,승합,남,56세,상해없음,보행자,여,76세,경상
5162,2018070400100347,2018년 7월 4일 16시,수요일,경기도 수원시 팔달구 중동,경상사고,0,0,1,0,차대사람 - 차도통행중,안전운전불이행,포장 - 건조,맑음,단일로 - 기타,승용,여,44세,상해없음,보행자,남,21세,경상
5163,2018070400100349,2018년 7월 4일 16시,수요일,경기도 용인시 기흥구 구갈동,경상사고,0,0,1,0,차대사람 - 기타,안전운전불이행,포장 - 건조,맑음,단일로 - 기타,승용,여,32세,상해없음,보행자,여,10세,경상
5164,2018070400100351,2018년 7월 4일 16시,수요일,경기도 부천시 심곡동,경상사고,0,0,1,0,차대사람 - 횡단중,신호위반,포장 - 건조,맑음,교차로 - 교차로횡단보도내,승용,여,58세,상해없음,보행자,남,9세,경상
5165,2018070400100375,2018년 7월 4일 16시,수요일,경기도 의정부시 호원동,중상사고,0,1,0,0,차대사람 - 횡단중,안전운전불이행,포장 - 건조,맑음,단일로 - 기타,이륜,남,29세,기타불명,보행자,남,12세,중상
5166,2018070400100380,2018년 7월 4일 16시,수요일,경기도 가평군 가평읍,중상사고,0,1,0,0,차대사람 - 기타,안전운전불이행,포장 - 건조,맑음,단일로 - 기타,기타불명,기타불명,미분류,기타불명,보행자,여,78세,중상
5167,2018070400100394,2018년 7월 4일 17시,수요일,경기도 수원시 팔달구 우만동,경상사고,0,0,1,0,차대사람 - 기타,신호위반,포장 - 건조,맑음,교차로 - 교차로부근,승용,남,33세,상해없음,보행자,남,36세,경상
5168,2018070400100395,2018년 7월 4일 17시,수요일,경기도 수원시 팔달구 팔달로1가,중상사고,0,1,0,0,차대사람 - 기타,안전운전불이행,포장 - 건조,맑음,단일로 - 기타,승용,남,40세,상해없음,보행자,여,23세,중상
5169,2018070400100397,2018년 7월 4일 17시,수요일,경기도 안양시 동안구 호계동,경상사고,0,0,1,0,차대사람 - 횡단중,안전운전불이행,포장 - 건조,맑음,교차로 - 교차로안,화물,남,61세,상해없음,보행자,여,46세,경상
5170,2018070400100398,2018년 7월 4일 17시,수요일,경기도 용인시 기흥구 중동,경상사고,0,0,1,0,차대사람 - 횡단중,신호위반,포장 - 건조,맑음,교차로 - 교차로안,이륜,남,46세,상해없음,보행자,여,46세,경상
5171,2018070400100436,2018년 7월 4일 17시,수요일,경기도 의정부시 의정부동,중상사고,0,1,0,0,차대사람 - 기타,교차로운행방법위반,포장 - 건조,맑음,교차로 - 교차로안,승합,여,67세,상해없음,보행자,남,49세,중상
5172,2018070400100437,2018년 7월 4일 17시,수요일,경기도 고양시 덕양구 주교동,경상사고,0,0,1,0,차대사람 - 차도통행중,안전거리미확보,포장 - 기타,맑음,단일로 - 기타,화물,남,38세,상해없음,보행자,여,76세,경상
5173,2018070400100438,2018년 7월 4일 17시,수요일,경기도 남양주시 진접읍,경상사고,0,0,1,0,차대사람 - 기타,안전운전불이행,포장 - 건조,맑음,기타 - 기타,승용,남,58세,상해없음,보행자,여,56세,경상
5174,2018070400100450,2018년 7월 4일 18시,수요일,경기도 평택시 평택동,중상사고,0,1,0,0,차대사람 - 횡단중,안전운전불이행,포장 - 건조,맑음,단일로 - 기타,승합,남,60세,상해없음,보행자,여,24세,중상
5175,2018070400100452,2018년 7월 4일 18시,수요일,경기도 안산시 단원구 고잔동,경상사고,0,0,1,0,차대사람 - 기타,안전운전불이행,포장 - 건조,맑음,주차장 - 주차장,승용,여,33세,상해없음,보행자,남,55세,경상
5176,2018070400100488,2018년 7월 4일 19시,수요일,경기도 부천시 상동,경상사고,0,0,1,0,차대사람 - 횡단중,안전운전불이행,포장 - 건조,맑음,교차로 - 교차로안,이륜,남,21세,상해없음,보행자,여,28세,경상
5177,2018070400100489,2018년 7월 4일 19시,수요일,경기도 광명시 하안동,부상신고사고,0,0,0,1,차대사람 - 보도통행중,기타,포장 - 건조,맑음,단일로 - 기타,승용,여,61세,상해없음,보행자,남,4세,부상신고
5178,2018070400100542,2018년 7월 4일 21시,수요일,경기도 평택시 신장동,부상신고사고,0,0,0,1,차대사람 - 기타,안전운전불이행,포장 - 건조,맑음,단일로 - 기타,기타불명,기타불명,미분류,기타불명,보행자,남,63세,부상신고
5179,2018070400100580,2018년 7월 4일 22시,수요일,경기도 안산시 단원구 와동,경상사고,0,0,1,0,차대사람 - 차도통행중,안전운전불이행,포장 - 건조,맑음,교차로 - 교차로부근,승용,여,43세,상해없음,보행자,남,27세,경상
5180,2018070500100048,2018년 7월 5일 05시,목요일,경기도 광명시 철산동,부상신고사고,0,0,0,1,차대사람 - 횡단중,안전운전불이행,포장 - 건조,맑음,교차로 - 교차로안,승용,남,26세,상해없음,보행자,남,32세,부상신고
5181,2018070500100074,2018년 7월 5일 07시,목요일,경기도 수원시 장안구 정자동,경상사고,0,0,1,0,차대사람 - 기타,신호위반,포장 - 젖음/습기,맑음,교차로 - 교차로안,화물,남,56세,상해없음,보행자,여,19세,경상
5182,2018070500100075,2018년 7월 5일 07시,목요일,경기도 평택시 팽성읍,경상사고,0,0,1,0,차대사람 - 횡단중,안전운전불이행,포장 - 건조,맑음,단일로 - 기타,이륜,남,29세,상해없음,보행자,남,48세,경상
5183,2018070500100104,2018년 7월 5일 08시,목요일,경기도 화성시 능동,중상사고,0,1,0,0,차대사람 - 횡단중,안전운전불이행,포장 - 건조,맑음,단일로 - 기타,승합,남,62세,상해없음,보행자,여,15세,중상
5184,2018070500100130,2018년 7월 5일 08시,목요일,경기도 양주시 덕정동,중상사고,0,1,0,0,차대사람 - 기타,안전운전불이행,포장 - 건조,맑음,기타 - 기타,자전거,남,75세,상해없음,보행자,여,70세,중상
5185,2018070500100131,2018년 7월 5일 08시,목요일,경기도 포천시 소흘읍,중상사고,0,1,0,0,차대사람 - 기타,안전운전불이행,포장 - 건조,맑음,단일로 - 기타,화물,남,59세,상해없음,보행자,남,69세,중상
5186,2018070500100157,2018년 7월 5일 09시,목요일,경기도 고양시 덕양구 주교동,중상사고,0,1,0,0,차대사람 - 횡단중,안전운전불이행,포장 - 건조,맑음,단일로 - 기타,이륜,남,41세,상해없음,보행자,여,14세,중상
5187,2018070500100159,2018년 7월 5일 09시,목요일,경기도 남양주시 진접읍,경상사고,0,0,1,0,차대사람 - 기타,안전운전불이행,포장 - 건조,맑음,단일로 - 기타,승합,남,65세,상해없음,보행자,여,23세,경상
5188,2018070500100171,2018년 7월 5일 10시,목요일,경기도 이천시 창전동,경상사고,0,0,1,0,차대사람 - 기타,안전운전불이행,포장 - 건조,맑음,단일로 - 기타,자전거,남,66세,상해없음,보행자,여,79세,경상
5189,2018070500100173,2018년 7월 5일 10시,목요일,경기도 수원시 영통구 매탄동,경상사고,0,0,1,0,차대사람 - 기타,기타,포장 - 건조,맑음,단일로 - 기타,승합,남,56세,상해없음,보행자,여,79세,경상
5190,2018070500100192,2018년 7월 5일 10시,목요일,경기도 의정부시 의정부동,경상사고,0,0,1,0,차대사람 - 기타,안전운전불이행,포장 - 건조,맑음,단일로 - 기타,승용,남,28세,상해없음,보행자,남,29세,경상
5191,2018070500100193,2018년 7월 5일 10시,목요일,경기도 파주시 문산읍,경상사고,0,0,1,0,차대사람 - 기타,기타,포장 - 기타,맑음,단일로 - 기타,화물,남,79세,상해없음,보행자,남,50세,경상
5192,2018070500100195,2018년 7월 5일 10시,목요일,경기도 양주시 광사동,중상사고,0,1,0,0,차대사람 - 횡단중,보행자보호의무위반,포장 - 건조,맑음,교차로 - 교차로횡단보도내,이륜,남,36세,기타불명,보행자,여,49세,중상
5193,2018070500100289,2018년 7월 5일 14시,목요일,경기도 성남시 수정구 태평동,경상사고,0,0,1,0,차대사람 - 기타,안전운전불이행,포장 - 건조,맑음,단일로 - 기타,승합,남,48세,상해없음,보행자,남,53세,경상
5194,2018070500100313,2018년 7월 5일 14시,목요일,경기도 남양주시 수동면,중상사고,0,1,0,0,차대사람 - 기타,안전운전불이행,포장 - 건조,맑음,단일로 - 기타,농기계,남,70세,상해없음,보행자,여,72세,중상
5195,2018070500100362,2018년 7월 5일 16시,목요일,경기도 부천시 소사본동,중상사고,0,1,0,0,차대사람 - 길가장자리구역통행중,안전운전불이행,포장 - 건조,맑음,단일로 - 기타,승용,남,74세,상해없음,보행자,여,77세,중상
5196,2018070500100364,2018년 7월 5일 16시,목요일,경기도 성남시 분당구 서현동,경상사고,0,0,1,0,차대사람 - 횡단중,보행자보호의무위반,포장 - 건조,맑음,교차로 - 교차로횡단보도내,승용,남,29세,상해없음,보행자,남,56세,경상
5197,2018070500100387,2018년 7월 5일 16시,목요일,경기도 남양주시 오남읍,중상사고,0,1,0,0,차대사람 - 횡단중,보행자보호의무위반,포장 - 건조,맑음,교차로 - 교차로횡단보도내,화물,남,63세,상해없음,보행자,여,75세,중상
5198,2018070500100404,2018년 7월 5일 17시,목요일,경기도 용인시 처인구 김량장동,중상사고,0,1,0,0,차대사람 - 기타,안전운전불이행,포장 - 건조,맑음,단일로 - 기타,기타불명,기타불명,미분류,기타불명,보행자,여,60세,중상
5199,2018070500100405,2018년 7월 5일 17시,목요일,경기도 김포시 통진읍,경상사고,0,0,1,0,차대사람 - 기타,안전운전불이행,포장 - 건조,맑음,단일로 - 기타,기타불명,기타불명,미분류,기타불명,보행자,여,19세,경상
5200,2018070500100444,2018년 7월 5일 18시,목요일,경기도 수원시 장안구 영화동,경상사고,0,0,1,0,차대사람 - 횡단중,보행자보호의무위반,포장 - 건조,맑음,교차로 - 교차로횡단보도내,승용,여,57세,상해없음,보행자,여,26세,경상
5201,2018070500100446,2018년 7월 5일 18시,목요일,경기도 이천시 갈산동,경상사고,0,0,1,0,차대사람 - 횡단중,안전운전불이행,포장 - 젖음/습기,비,교차로 - 교차로안,승용,남,34세,상해없음,보행자,여,42세,경상
5202,2018070500100450,2018년 7월 5일 18시,목요일,경기도 안산시 단원구 원곡동,중상사고,0,1,0,0,차대사람 - 기타,안전운전불이행,포장 - 건조,맑음,단일로 - 기타,승용,남,31세,상해없음,보행자,남,57세,중상
5203,2018070500100466,2018년 7월 5일 18시,목요일,경기도 의정부시 신곡동,중상사고,0,1,0,0,차대사람 - 횡단중,신호위반,포장 - 건조,맑음,교차로 - 교차로횡단보도내,승용,여,59세,상해없음,보행자,여,11세,중상
5204,2018070500100479,2018년 7월 5일 19시,목요일,경기도 안산시 단원구 원시동,중상사고,0,1,0,0,차대사람 - 횡단중,보행자보호의무위반,포장 - 건조,맑음,교차로 - 교차로안,승합,남,28세,상해없음,보행자,남,56세,중상
5205,2018070500100482,2018년 7월 5일 19시,목요일,경기도 용인시 기흥구 마북동,중상사고,0,1,0,0,차대사람 - 기타,기타,포장 - 건조,맑음,단일로 - 기타,승합,남,32세,상해없음,보행자,여,59세,중상
5206,2018070500100500,2018년 7월 5일 19시,목요일,경기도 의정부시 신곡동,경상사고,0,0,1,0,차대사람 - 차도통행중,안전운전불이행,포장 - 건조,맑음,단일로 - 기타,자전거,남,71세,상해없음,보행자,여,46세,경상
5207,2018070500100503,2018년 7월 5일 19시,목요일,경기도 구리시 수택동,경상사고,0,0,1,0,차대사람 - 기타,안전운전불이행,포장 - 건조,맑음,단일로 - 기타,승용,여,44세,상해없음,보행자,여,58세,경상
5208,2018070500100515,2018년 7월 5일 20시,목요일,경기도 부천시 도당동,중상사고,0,2,0,0,차대사람 - 길가장자리구역통행중,안전운전불이행,포장 - 건조,맑음,단일로 - 기타,이륜,남,25세,중상,보행자,남,61세,중상
5209,2018070500100536,2018년 7월 5일 20시,목요일,경기도 포천시 영중면,경상사고,0,0,1,0,차대사람 - 길가장자리구역통행중,안전운전불이행,포장 - 건조,맑음,단일로 - 기타,화물,여,59세,상해없음,보행자,남,50세,경상
5210,2018070500100545,2018년 7월 5일 21시,목요일,경기도 안산시 단원구 고잔동,중상사고,0,1,0,0,차대사람 - 횡단중,안전운전불이행,포장 - 건조,맑음,주차장 - 주차장,승합,남,44세,상해없음,보행자,여,27세,중상
5211,2018070500100547,2018년 7월 5일 21시,목요일,경기도 시흥시 월곶동,경상사고,0,0,1,0,차대사람 - 횡단중,보행자보호의무위반,포장 - 건조,맑음,교차로 - 교차로부근,승용,여,46세,상해없음,보행자,여,17세,경상
5212,2018070600100086,2018년 7월 6일 07시,금요일,경기도 구리시 교문동,경상사고,0,0,1,0,차대사람 - 차도통행중,안전운전불이행,포장 - 건조,맑음,단일로 - 기타,승합,남,55세,상해없음,보행자,여,81세,경상
5213,2018070600100099,2018년 7월 6일 08시,금요일,경기도 안양시 동안구 평촌동,경상사고,0,0,1,0,차대사람 - 차도통행중,안전운전불이행,포장 - 건조,맑음,단일로 - 기타,화물,남,58세,상해없음,보행자,여,28세,경상
5214,2018070600100103,2018년 7월 6일 08시,금요일,경기도 부천시 춘의동,중상사고,0,1,0,0,차대사람 - 보도통행중,기타,포장 - 건조,맑음,단일로 - 기타,개인형이동수단(PM),남,31세,상해없음,보행자,남,64세,중상
5215,2018070600100104,2018년 7월 6일 08시,금요일,경기도 안산시 단원구 고잔동,경상사고,0,0,1,0,차대사람 - 기타,안전운전불이행,포장 - 건조,맑음,단일로 - 기타,기타불명,기타불명,미분류,기타불명,보행자,여,53세,경상
5216,2018070600100107,2018년 7월 6일 08시,금요일,경기도 성남시 중원구 하대원동,경상사고,0,0,1,0,차대사람 - 보도통행중,신호위반,포장 - 건조,맑음,교차로 - 교차로횡단보도내,승합,남,54세,상해없음,보행자,남,11세,경상
5217,2018070600100124,2018년 7월 6일 08시,금요일,경기도 남양주시 오남읍,경상사고,0,0,1,0,차대사람 - 기타,안전운전불이행,포장 - 건조,맑음,단일로 - 기타,승합,남,45세,기타불명,보행자,여,61세,경상
5218,2018070600100158,2018년 7월 6일 10시,금요일,경기도 오산시 수청동,경상사고,0,0,1,0,차대사람 - 횡단중,안전운전불이행,포장 - 건조,맑음,교차로 - 교차로횡단보도내,기타불명,기타불명,미분류,기타불명,보행자,여,87세,경상
5219,2018070600100187,2018년 7월 6일 11시,금요일,경기도 평택시 안중읍,중상사고,0,1,0,0,차대사람 - 횡단중,신호위반,포장 - 건조,맑음,교차로 - 교차로횡단보도내,승용,남,84세,상해없음,보행자,여,80세,중상
5220,2018070600100223,2018년 7월 6일 12시,금요일,경기도 안성시 양성면,사망사고,1,0,0,0,차대사람 - 기타,안전운전불이행,포장 - 건조,맑음,단일로 - 기타,승용,여,56세,상해없음,보행자,남,57세,사망
5221,2018070600100301,2018년 7월 6일 14시,금요일,경기도 남양주시 도농동,경상사고,0,0,1,2,차대사람 - 기타,안전운전불이행,포장 - 건조,맑음,기타 - 기타,승용,남,51세,상해없음,보행자,여,69세,부상신고
5222,2018070600100308,2018년 7월 6일 15시,금요일,경기도 부천시 중동,부상신고사고,0,0,0,1,차대사람 - 기타,안전운전불이행,포장 - 건조,맑음,교차로 - 교차로안,승용,남,43세,상해없음,보행자,남,56세,부상신고
5223,2018070600100309,2018년 7월 6일 15시,금요일,경기도 성남시 중원구 성남동,중상사고,0,1,0,0,차대사람 - 기타,안전운전불이행,포장 - 건조,맑음,기타 - 기타,화물,남,35세,상해없음,보행자,남,75세,중상
5224,2018070600100310,2018년 7월 6일 15시,금요일,경기도 시흥시 능곡동,중상사고,0,1,0,0,차대사람 - 횡단중,보행자보호의무위반,포장 - 건조,맑음,단일로 - 기타,승용,여,53세,상해없음,보행자,남,7세,중상
5225,2018070600100335,2018년 7월 6일 15시,금요일,경기도 고양시 일산서구 일산동,경상사고,0,0,1,0,차대사람 - 횡단중,안전운전불이행,포장 - 건조,맑음,단일로 - 기타,승용,남,59세,상해없음,보행자,남,48세,경상