,사고번호,사고일시,요일,시군구,사고내용,사망자수,중상자수,경상자수,부상신고자수,사고유형,법규위반,노면상태,기상상태,도로형태,가해운전자 차종,가해운전자 성별,가해운전자 연령,가해운전자 상해정도,피해운전자 차종,피해운전자 성별,피해운전자 연령,피해운전자 상해정도
5226,2018070600100377,2018년 7월 6일 16시,금요일,경기도 의정부시 의정부동,중상사고,0,1,0,0,차대사람 - 길가장자리구역통행중,안전운전불이행,포장 - 건조,맑음,단일로 - 기타,승용,남,62세,상해없음,보행자,남,51세,중상
5227,2018070600100389,2018년 7월 6일 17시,금요일,경기도 용인시 처인구 포곡읍,경상사고,0,0,1,0,차대사람 - 기타,보행자보호의무위반,포장 - 건조,맑음,교차로 - 교차로안,승용,남,39세,상해없음,보행자,남,11세,경상
5228,2018070600100395,2018년 7월 6일 17시,금요일,경기도 시흥시 정왕동,중상사고,0,1,0,0,차대사람 - 기타,안전운전불이행,포장 - 건조,맑음,기타 - 기타,화물,남,57세,상해없음,보행자,남,32세,중상
5229,2018070600100471,2018년 7월 6일 18시,금요일,경기도 포천시 신읍동,경상사고,0,0,1,0,차대사람 - 횡단중,안전운전불이행,포장 - 건조,맑음,교차로 - 교차로안,승용,여,50세,상해없음,보행자,남,46세,경상
5230,2018070600100481,2018년 7월 6일 19시,금요일,경기도 화성시 진안동,부상신고사고,0,0,0,1,차대사람 - 기타,보행자보호의무위반,포장 - 건조,맑음,교차로 - 교차로안,승용,남,62세,상해없음,보행자,남,9세,부상신고
5231,2018070600100507,2018년 7월 6일 19시,금요일,경기도 고양시 일산동구 장항동,중상사고,0,1,0,0,차대사람 - 기타,안전운전불이행,포장 - 건조,맑음,단일로 - 기타,승용,남,40세,상해없음,보행자,남,71세,중상
5232,2018070600100538,2018년 7월 6일 21시,금요일,경기도 화성시 진안동,경상사고,0,0,1,0,차대사람 - 기타,안전운전불이행,포장 - 건조,맑음,단일로 - 기타,승용,남,21세,상해없음,보행자,남,18세,경상
5233,2018070600100568,2018년 7월 6일 22시,금요일,경기도 수원시 영통구 매탄동,경상사고,0,0,1,0,차대사람 - 횡단중,보행자보호의무위반,포장 - 건조,맑음,기타 - 기타,승용,남,40세,상해없음,보행자,여,66세,경상
5234,2018070600100587,2018년 7월 6일 22시,금요일,경기도 남양주시 진건읍,경상사고,0,0,1,0,차대사람 - 기타,불법유턴,포장 - 건조,맑음,단일로 - 기타,승용,남,49세,상해없음,보행자,남,52세,경상
5235,2018070600100596,2018년 7월 6일 23시,금요일,경기도 양평군 용문면,경상사고,0,0,1,0,차대사람 - 기타,안전운전불이행,포장 - 건조,맑음,교차로 - 교차로안,승용,남,23세,상해없음,보행자,남,44세,경상
5236,2018070700100008,2018년 7월 7일 00시,토요일,경기도 광명시 철산동,중상사고,0,1,0,0,차대사람 - 길가장자리구역통행중,안전운전불이행,포장 - 건조,맑음,단일로 - 기타,승용,남,57세,상해없음,보행자,남,35세,중상
5237,2018070700100029,2018년 7월 7일 01시,토요일,경기도 수원시 장안구 천천동,중상사고,0,1,0,0,차대사람 - 횡단중,보행자보호의무위반,포장 - 건조,맑음,교차로 - 교차로횡단보도내,승합,남,55세,상해없음,보행자,여,51세,중상
5238,2018070700100034,2018년 7월 7일 01시,토요일,경기도 수원시 팔달구 인계동,경상사고,0,0,1,0,차대사람 - 기타,안전운전불이행,포장 - 건조,맑음,단일로 - 기타,승용,여,23세,상해없음,보행자,남,26세,경상
5239,2018070700100035,2018년 7월 7일 01시,토요일,경기도 수원시 영통구 이의동,경상사고,0,0,1,0,차대사람 - 횡단중,안전운전불이행,포장 - 건조,맑음,단일로 - 기타,승용,남,35세,상해없음,보행자,남,27세,경상
5240,2018070700100046,2018년 7월 7일 01시,토요일,경기도 의정부시 의정부동,중상사고,0,1,0,0,차대사람 - 길가장자리구역통행중,안전운전불이행,포장 - 건조,맑음,단일로 - 기타,승용,여,22세,상해없음,보행자,남,40세,중상
5241,2018070700100066,2018년 7월 7일 03시,토요일,경기도 부천시 심곡본동,중상사고,0,1,0,0,차대사람 - 기타,안전운전불이행,포장 - 건조,맑음,단일로 - 기타,승용,남,49세,기타불명,보행자,남,26세,중상
5242,2018070700100068,2018년 7월 7일 03시,토요일,경기도 안산시 상록구 사동,경상사고,0,0,1,0,차대사람 - 횡단중,보행자보호의무위반,포장 - 건조,맑음,교차로 - 교차로횡단보도내,승용,남,25세,상해없음,보행자,여,27세,경상
5243,2018070700100093,2018년 7월 7일 05시,토요일,경기도 성남시 중원구 성남동,부상신고사고,0,0,0,1,차대사람 - 기타,안전운전불이행,포장 - 건조,맑음,단일로 - 기타,기타불명,기타불명,미분류,기타불명,보행자,여,50세,부상신고
5244,2018070700100116,2018년 7월 7일 07시,토요일,경기도 오산시 궐동,사망사고,1,0,0,0,차대사람 - 보도통행중,안전운전불이행,포장 - 건조,맑음,교차로 - 교차로부근,승용,남,44세,상해없음,보행자,남,56세,사망
5245,2018070700100154,2018년 7월 7일 09시,토요일,경기도 용인시 처인구 이동읍,중상사고,0,1,0,0,차대사람 - 기타,안전운전불이행,포장 - 건조,맑음,단일로 - 기타,승용,여,55세,상해없음,보행자,여,31세,중상
5246,2018070700100180,2018년 7월 7일 10시,토요일,경기도 안성시 계동,경상사고,0,0,1,0,차대사람 - 기타,안전운전불이행,포장 - 건조,맑음,교차로 - 교차로안,승합,여,50세,상해없음,보행자,여,78세,경상
5247,2018070700100186,2018년 7월 7일 10시,토요일,경기도 안산시 단원구 원곡동,경상사고,0,0,1,0,차대사람 - 기타,안전운전불이행,포장 - 건조,맑음,교차로 - 교차로부근,승용,여,55세,상해없음,보행자,여,65세,경상
5248,2018070700100210,2018년 7월 7일 10시,토요일,경기도 포천시 소흘읍,경상사고,0,0,1,0,차대사람 - 횡단중,안전운전불이행,포장 - 건조,맑음,단일로 - 기타,승용,남,57세,상해없음,보행자,남,63세,경상
5249,2018070700100233,2018년 7월 7일 11시,토요일,경기도 남양주시 평내동,중상사고,0,1,0,0,차대사람 - 기타,기타,포장 - 건조,맑음,단일로 - 기타,승합,남,39세,상해없음,보행자,여,77세,중상
5250,2018070700100235,2018년 7월 7일 11시,토요일,경기도 고양시 일산서구 일산동,중상사고,0,1,1,0,차대사람 - 횡단중,보행자보호의무위반,포장 - 건조,맑음,교차로 - 교차로횡단보도내,승용,남,24세,상해없음,보행자,남,6세,중상
5251,2018070700100365,2018년 7월 7일 15시,토요일,경기도 평택시 평택동,경상사고,0,0,1,0,차대사람 - 보도통행중,안전운전불이행,포장 - 건조,맑음,단일로 - 기타,승용,여,22세,상해없음,보행자,남,14세,경상
5252,2018070700100369,2018년 7월 7일 15시,토요일,경기도 부천시 소사본동,경상사고,0,0,1,0,차대사람 - 기타,안전운전불이행,포장 - 건조,맑음,단일로 - 기타,승용,남,32세,상해없음,보행자,여,77세,경상
5253,2018070700100409,2018년 7월 7일 16시,토요일,경기도 하남시 신장동,경상사고,0,0,1,0,차대사람 - 횡단중,안전운전불이행,포장 - 건조,맑음,교차로 - 교차로부근,승용,여,61세,상해없음,보행자,여,29세,경상
5254,2018070700100469,2018년 7월 7일 18시,토요일,경기도 안양시 동안구 호계동,경상사고,0,0,1,0,차대사람 - 횡단중,보행자보호의무위반,포장 - 건조,맑음,교차로 - 교차로횡단보도내,승용,남,24세,상해없음,보행자,여,78세,경상
5255,2018070700100473,2018년 7월 7일 18시,토요일,경기도 부천시 심곡동,중상사고,0,1,0,0,차대사람 - 횡단중,안전운전불이행,포장 - 건조,맑음,교차로 - 교차로안,승용,남,32세,상해없음,보행자,남,24세,중상
5256,2018070700100475,2018년 7월 7일 18시,토요일,경기도 수원시 권선구 금곡동,경상사고,0,0,1,0,차대사람 - 기타,보행자보호의무위반,포장 - 건조,맑음,교차로 - 교차로횡단보도내,기타불명,기타불명,미분류,기타불명,보행자,여,10세,경상
5257,2018070700100507,2018년 7월 7일 18시,토요일,경기도 남양주시 와부읍,경상사고,0,0,1,0,차대사람 - 기타,보행자보호의무위반,포장 - 건조,맑음,단일로 - 기타,승용,남,60세,상해없음,보행자,여,18세,경상
5258,2018070700100512,2018년 7월 7일 18시,토요일,경기도 고양시 일산서구 일산동,중상사고,0,1,2,0,차대사람 - 보도통행중,기타,포장 - 건조,맑음,기타 - 기타,승용,여,61세,기타불명,보행자,여,58세,중상
5259,2018070700100525,2018년 7월 7일 19시,토요일,경기도 김포시 마산동,경상사고,0,0,1,0,차대사람 - 기타,안전운전불이행,포장 - 건조,맑음,기타 - 기타,자전거,남,44세,상해없음,보행자,남,77세,경상
5260,2018070700100526,2018년 7월 7일 19시,토요일,경기도 안산시 단원구 원곡동,경상사고,0,0,1,0,차대사람 - 기타,기타,포장 - 건조,맑음,단일로 - 기타,화물,남,55세,상해없음,보행자,남,4세,경상
5261,2018070700100569,2018년 7월 7일 20시,토요일,경기도 남양주시 수석동,중상사고,0,1,1,0,차대사람 - 기타,안전운전불이행,포장 - 건조,맑음,단일로 - 기타,자전거,남,56세,경상,보행자,여,66세,중상
5262,2018070700100610,2018년 7월 7일 22시,토요일,경기도 성남시 분당구 운중동,중상사고,0,1,0,0,차대사람 - 기타,안전운전불이행,포장 - 건조,맑음,기타 - 기타,자전거,남,57세,상해없음,보행자,여,50세,중상
5263,2018070800100022,2018년 7월 8일 01시,일요일,경기도 수원시 영통구 원천동,중상사고,0,1,0,0,차대사람 - 횡단중,안전운전불이행,포장 - 건조,맑음,단일로 - 기타,승용,남,45세,상해없음,보행자,남,59세,중상
5264,2018070800100118,2018년 7월 8일 11시,일요일,경기도 수원시 장안구 송죽동,중상사고,0,1,0,0,차대사람 - 보도통행중,기타,포장 - 건조,맑음,단일로 - 기타,자전거,남,49세,상해없음,보행자,여,59세,중상
5265,2018070800100195,2018년 7월 8일 14시,일요일,경기도 성남시 분당구 판교동,중상사고,0,1,0,0,차대사람 - 차도통행중,안전운전불이행,포장 - 건조,맑음,단일로 - 기타,승용,남,65세,상해없음,보행자,여,40세,중상
5266,2018070800100221,2018년 7월 8일 14시,일요일,경기도 파주시 목동동,중상사고,0,1,1,0,차대사람 - 횡단중,안전운전불이행,포장 - 건조,맑음,단일로 - 기타,승용,남,53세,상해없음,보행자,남,15세,경상
5267,2018070800100222,2018년 7월 8일 14시,일요일,경기도 동두천시 상봉암동,중상사고,0,1,0,0,차대사람 - 횡단중,신호위반,포장 - 건조,맑음,교차로 - 교차로횡단보도내,자전거,남,42세,상해없음,보행자,여,27세,중상
5268,2018070800100261,2018년 7월 8일 16시,일요일,경기도 이천시 호법면,중상사고,0,1,0,0,차대사람 - 횡단중,신호위반,포장 - 건조,맑음,교차로 - 교차로안,승용,여,53세,상해없음,보행자,여,72세,중상
5269,2018070800100264,2018년 7월 8일 16시,일요일,경기도 김포시 마산동,경상사고,0,0,1,0,차대사람 - 기타,안전운전불이행,포장 - 건조,맑음,기타 - 기타,이륜,남,19세,상해없음,보행자,여,74세,경상
5270,2018070800100268,2018년 7월 8일 16시,일요일,경기도 용인시 수지구 상현동,중상사고,0,1,0,0,차대사람 - 횡단중,보행자보호의무위반,포장 - 건조,맑음,교차로 - 교차로횡단보도내,승합,남,50세,상해없음,보행자,여,19세,중상
5271,2018070800100298,2018년 7월 8일 17시,일요일,경기도 과천시 문원동,경상사고,0,0,1,0,차대사람 - 차도통행중,안전운전불이행,포장 - 건조,맑음,기타 - 기타,승용,남,87세,상해없음,보행자,남,78세,경상
5272,2018070800100301,2018년 7월 8일 17시,일요일,경기도 시흥시 장현동,경상사고,0,0,1,0,차대사람 - 횡단중,안전운전불이행,포장 - 건조,맑음,교차로 - 교차로안,승용,남,25세,상해없음,보행자,남,4세,경상
5273,2018070800100317,2018년 7월 8일 17시,일요일,경기도 남양주시 진건읍,중상사고,0,1,0,0,차대사람 - 기타,안전운전불이행,포장 - 건조,맑음,기타 - 기타,화물,남,54세,상해없음,보행자,남,59세,중상
5274,2018070800100318,2018년 7월 8일 17시,일요일,경기도 남양주시 삼패동,경상사고,0,0,1,0,차대사람 - 기타,안전운전불이행,포장 - 건조,맑음,주차장 - 주차장,승용,여,53세,상해없음,보행자,여,63세,경상
5275,2018070800100320,2018년 7월 8일 17시,일요일,경기도 고양시 일산서구 주엽동,부상신고사고,0,0,0,1,차대사람 - 기타,안전운전불이행,포장 - 기타,맑음,기타 - 기타,기타불명,기타불명,미분류,기타불명,보행자,남,5세,부상신고
5276,2018070800100324,2018년 7월 8일 18시,일요일,경기도 수원시 장안구 정자동,경상사고,0,0,1,0,차대사람 - 기타,신호위반,포장 - 건조,맑음,단일로 - 기타,승용,남,58세,기타불명,보행자,남,8세,경상
5277,2018070800100326,2018년 7월 8일 18시,일요일,경기도 부천시 소사본동,경상사고,0,0,1,0,차대사람 - 기타,안전운전불이행,포장 - 건조,맑음,단일로 - 기타,특수,남,48세,상해없음,보행자,남,4세,경상
5278,2018070800100329,2018년 7월 8일 18시,일요일,경기도 성남시 분당구 정자동,경상사고,0,0,1,0,차대사람 - 기타,안전운전불이행,포장 - 건조,맑음,교차로 - 교차로횡단보도내,승용,여,58세,상해없음,보행자,여,38세,경상
5279,2018070800100383,2018년 7월 8일 19시,일요일,경기도 파주시 금촌동,경상사고,0,0,1,0,차대사람 - 기타,안전운전불이행,포장 - 건조,맑음,단일로 - 기타,승용,여,25세,상해없음,보행자,여,17세,경상
5280,2018070800100390,2018년 7월 8일 20시,일요일,경기도 안산시 상록구 건건동,사망사고,1,0,0,0,차대사람 - 횡단중,안전운전불이행,포장 - 건조,맑음,단일로 - 기타,승용,남,36세,상해없음,보행자,남,53세,사망
5281,2018070900100037,2018년 7월 9일 05시,월요일,경기도 성남시 분당구 삼평동,경상사고,0,0,1,0,차대사람 - 횡단중,보행자보호의무위반,포장 - 건조,맑음,교차로 - 교차로횡단보도내,승용,남,58세,상해없음,보행자,남,82세,경상
5282,2018070900100055,2018년 7월 9일 07시,월요일,경기도 오산시 오산동,경상사고,0,0,1,0,차대사람 - 횡단중,보행자보호의무위반,포장 - 젖음/습기,비,교차로 - 교차로횡단보도내,기타불명,기타불명,미분류,기타불명,보행자,여,31세,경상
5283,2018070900100112,2018년 7월 9일 09시,월요일,경기도 성남시 수정구 신흥동,중상사고,0,1,0,0,차대사람 - 기타,안전운전불이행,포장 - 건조,맑음,단일로 - 기타,승합,여,53세,상해없음,보행자,여,52세,중상
5284,2018070900100115,2018년 7월 9일 09시,월요일,경기도 성남시 중원구 상대원동,경상사고,0,0,1,0,차대사람 - 횡단중,안전운전불이행,포장 - 젖음/습기,비,기타 - 기타,화물,여,42세,상해없음,보행자,여,27세,경상
5285,2018070900100116,2018년 7월 9일 09시,월요일,경기도 시흥시 능곡동,경상사고,0,0,1,0,차대사람 - 횡단중,보행자보호의무위반,포장 - 건조,맑음,교차로 - 교차로안,기타불명,기타불명,미분류,기타불명,보행자,남,17세,경상
5286,2018070900100159,2018년 7월 9일 11시,월요일,경기도 안산시 상록구 사동,중상사고,0,1,0,0,차대사람 - 기타,안전운전불이행,포장 - 젖음/습기,비,단일로 - 기타,승용,여,66세,상해없음,보행자,남,58세,중상
5287,2018070900100191,2018년 7월 9일 12시,월요일,경기도 화성시 향남읍,중상사고,0,1,0,0,차대사람 - 기타,안전운전불이행,포장 - 건조,맑음,주차장 - 주차장,승용,남,39세,상해없음,보행자,남,45세,중상
5288,2018070900100202,2018년 7월 9일 12시,월요일,경기도 고양시 덕양구 토당동,경상사고,0,0,1,0,차대사람 - 횡단중,보행자보호의무위반,포장 - 젖음/습기,비,교차로 - 교차로안,승용,남,58세,상해없음,보행자,여,78세,경상
5289,2018070900100211,2018년 7월 9일 13시,월요일,경기도 평택시 안중읍,경상사고,0,0,1,0,차대사람 - 기타,안전운전불이행,포장 - 젖음/습기,비,단일로 - 기타,승합,남,45세,상해없음,보행자,여,55세,경상
5290,2018070900100232,2018년 7월 9일 13시,월요일,경기도 파주시 서패동,경상사고,0,0,1,0,차대사람 - 기타,기타,포장 - 기타,비,단일로 - 기타,승합,남,46세,기타불명,보행자,남,43세,경상
5291,2018070900100239,2018년 7월 9일 14시,월요일,경기도 용인시 처인구 김량장동,경상사고,0,0,1,0,차대사람 - 기타,안전운전불이행,포장 - 건조,맑음,단일로 - 기타,승용,남,46세,상해없음,보행자,여,59세,경상
5292,2018070900100253,2018년 7월 9일 14시,월요일,경기도 의정부시 호원동,중상사고,0,1,0,0,차대사람 - 횡단중,안전운전불이행,포장 - 젖음/습기,비,교차로 - 교차로횡단보도내,승용,여,38세,상해없음,보행자,여,73세,중상
5293,2018070900100270,2018년 7월 9일 15시,월요일,경기도 화성시 봉담읍,중상사고,0,1,0,0,차대사람 - 기타,안전운전불이행,포장 - 젖음/습기,비,단일로 - 기타,승합,남,49세,상해없음,보행자,여,78세,중상
5294,2018070900100295,2018년 7월 9일 16시,월요일,경기도 성남시 수정구 수진동,경상사고,0,0,1,0,차대사람 - 길가장자리구역통행중,안전운전불이행,포장 - 건조,맑음,단일로 - 기타,화물,남,47세,상해없음,보행자,남,47세,경상
5295,2018070900100320,2018년 7월 9일 16시,월요일,경기도 동두천시 보산동,경상사고,0,0,1,0,차대사람 - 기타,안전운전불이행,포장 - 젖음/습기,비,교차로 - 교차로부근,승합,여,57세,상해없음,보행자,여,68세,경상
5296,2018070900100331,2018년 7월 9일 17시,월요일,경기도 수원시 장안구 파장동,경상사고,0,0,1,0,차대사람 - 기타,안전운전불이행,포장 - 기타,흐림,단일로 - 기타,승용,남,49세,상해없음,보행자,여,63세,경상
5297,2018070900100362,2018년 7월 9일 17시,월요일,경기도 고양시 일산서구 탄현동,경상사고,0,0,1,0,차대사람 - 기타,기타,포장 - 젖음/습기,비,기타 - 기타,승용,여,43세,상해없음,보행자,여,58세,경상
5298,2018070900100370,2018년 7월 9일 18시,월요일,경기도 양평군 강하면,중상사고,0,1,0,0,차대사람 - 길가장자리구역통행중,안전운전불이행,포장 - 젖음/습기,비,단일로 - 기타,승용,남,18세,상해없음,보행자,남,89세,중상
5299,2018070900100377,2018년 7월 9일 18시,월요일,경기도 시흥시 신천동,경상사고,0,0,1,0,차대사람 - 기타,안전운전불이행,포장 - 젖음/습기,비,교차로 - 교차로부근,화물,남,64세,상해없음,보행자,남,55세,경상
5300,2018070900100404,2018년 7월 9일 18시,월요일,경기도 구리시 수택동,경상사고,0,0,1,0,차대사람 - 기타,안전운전불이행,포장 - 젖음/습기,비,단일로 - 기타,승용,남,31세,상해없음,보행자,남,15세,경상
5301,2018070900100415,2018년 7월 9일 19시,월요일,경기도 수원시 영통구 영통동,중상사고,0,1,0,0,차대사람 - 횡단중,신호위반,포장 - 젖음/습기,비,교차로 - 교차로횡단보도내,승용,남,37세,상해없음,보행자,여,21세,중상
5302,2018070900100433,2018년 7월 9일 19시,월요일,경기도 파주시 광탄면,중상사고,0,1,0,0,차대사람 - 기타,안전운전불이행,포장 - 젖음/습기,비,단일로 - 기타,승용,여,48세,상해없음,보행자,남,55세,중상
5303,2018070900100447,2018년 7월 9일 20시,월요일,경기도 수원시 장안구 조원동,중상사고,0,1,0,0,차대사람 - 횡단중,보행자보호의무위반,포장 - 젖음/습기,비,단일로 - 기타,승용,남,56세,상해없음,보행자,여,87세,중상
5304,2018070900100450,2018년 7월 9일 20시,월요일,경기도 수원시 영통구 영통동,중상사고,0,1,0,0,차대사람 - 횡단중,보행자보호의무위반,포장 - 젖음/습기,비,교차로 - 교차로횡단보도내,승용,남,20세,상해없음,보행자,남,42세,중상
5305,2018070900100474,2018년 7월 9일 21시,월요일,경기도 평택시 서정동,경상사고,0,0,1,0,차대사람 - 횡단중,신호위반,포장 - 젖음/습기,비,단일로 - 기타,기타불명,기타불명,미분류,기타불명,보행자,여,35세,경상
5306,2018070900100477,2018년 7월 9일 21시,월요일,경기도 안산시 단원구 원곡동,중상사고,0,1,0,0,차대사람 - 기타,기타,포장 - 젖음/습기,비,단일로 - 기타,승합,남,41세,상해없음,보행자,남,27세,중상
5307,2018070900100506,2018년 7월 9일 22시,월요일,경기도 부천시 송내동,경상사고,0,0,1,0,차대사람 - 횡단중,보행자보호의무위반,포장 - 젖음/습기,비,교차로 - 교차로횡단보도내,화물,남,49세,상해없음,보행자,남,57세,경상
5308,2018070900100511,2018년 7월 9일 22시,월요일,경기도 수원시 팔달구 매산로1가,경상사고,0,0,1,0,차대사람 - 기타,안전운전불이행,포장 - 건조,맑음,단일로 - 기타,승용,남,26세,상해없음,보행자,남,47세,경상
5309,2018070900100514,2018년 7월 9일 22시,월요일,경기도 하남시 덕풍동,중상사고,0,1,0,0,차대사람 - 횡단중,안전운전불이행,포장 - 젖음/습기,비,단일로 - 기타,이륜,남,21세,상해없음,보행자,남,68세,중상
5310,2018070900100515,2018년 7월 9일 22시,월요일,경기도 용인시 수지구 성복동,경상사고,0,0,1,0,차대사람 - 횡단중,보행자보호의무위반,포장 - 젖음/습기,비,교차로 - 교차로횡단보도내,승용,남,65세,기타불명,보행자,남,25세,경상
5311,2018070900100532,2018년 7월 9일 23시,월요일,경기도 안산시 단원구 고잔동,중상사고,0,1,0,0,차대사람 - 횡단중,안전운전불이행,포장 - 젖음/습기,비,교차로 - 교차로횡단보도내,승용,남,34세,상해없음,보행자,여,52세,중상
5312,2018070900100534,2018년 7월 9일 23시,월요일,경기도 수원시 팔달구 매산로1가,부상신고사고,0,0,0,1,차대사람 - 횡단중,안전운전불이행,포장 - 건조,맑음,교차로 - 교차로부근,승용,남,22세,상해없음,보행자,남,45세,부상신고
5313,2018071000100007,2018년 7월 10일 00시,화요일,경기도 평택시 포승읍,사망사고,1,0,0,0,차대사람 - 기타,안전운전불이행,포장 - 젖음/습기,비,교차로 - 교차로안,승용,남,31세,상해없음,보행자,남,53세,사망
5314,2018071000100015,2018년 7월 10일 00시,화요일,경기도 안양시 만안구 안양동,중상사고,0,1,0,0,차대사람 - 횡단중,안전운전불이행,포장 - 건조,맑음,단일로 - 기타,승용,남,49세,상해없음,보행자,남,32세,중상
5315,2018071000100046,2018년 7월 10일 03시,화요일,경기도 이천시 대월면,중상사고,0,1,1,0,차대사람 - 기타,안전운전불이행,포장 - 건조,맑음,단일로 - 기타,화물,남,55세,상해없음,보행자,남,61세,중상
5316,2018071000100050,2018년 7월 10일 04시,화요일,경기도 평택시 장당동,경상사고,0,0,1,0,차대사람 - 횡단중,보행자보호의무위반,포장 - 건조,맑음,교차로 - 교차로횡단보도내,승합,여,41세,상해없음,보행자,여,53세,경상
5317,2018071000100070,2018년 7월 10일 06시,화요일,경기도 화성시 남양읍,경상사고,0,0,1,0,차대사람 - 기타,안전운전불이행,포장 - 젖음/습기,비,기타 - 기타,승용,남,52세,상해없음,보행자,남,20세,경상
5318,2018071000100071,2018년 7월 10일 06시,화요일,경기도 부천시 오정동,경상사고,0,0,1,0,차대사람 - 기타,안전운전불이행,포장 - 건조,맑음,단일로 - 기타,승용,남,50세,상해없음,보행자,남,64세,경상
5319,2018071000100088,2018년 7월 10일 07시,화요일,경기도 하남시 감일동,경상사고,0,0,1,0,차대사람 - 기타,안전운전불이행,포장 - 건조,맑음,기타 - 기타,승용,남,42세,상해없음,보행자,남,56세,경상
5320,2018071000100112,2018년 7월 10일 08시,화요일,경기도 수원시 팔달구 우만동,경상사고,0,0,1,0,차대사람 - 기타,안전운전불이행,포장 - 건조,맑음,단일로 - 기타,승합,여,46세,상해없음,보행자,여,53세,경상
5321,2018071000100161,2018년 7월 10일 10시,화요일,경기도 수원시 영통구 이의동,경상사고,0,0,1,0,차대사람 - 기타,불법유턴,포장 - 건조,맑음,기타 - 기타,승용,남,62세,상해없음,보행자,남,78세,경상
5322,2018071000100244,2018년 7월 10일 13시,화요일,경기도 수원시 팔달구 구천동,중상사고,0,1,0,0,차대사람 - 기타,안전운전불이행,포장 - 건조,맑음,단일로 - 기타,승용,남,43세,상해없음,보행자,남,75세,중상
5323,2018071000100248,2018년 7월 10일 13시,화요일,경기도 부천시 소사본동,경상사고,0,0,1,0,차대사람 - 횡단중,안전운전불이행,포장 - 건조,맑음,교차로 - 교차로횡단보도내,화물,남,66세,상해없음,보행자,여,66세,경상
5324,2018071000100278,2018년 7월 10일 14시,화요일,경기도 안산시 단원구 원곡동,경상사고,0,0,1,0,차대사람 - 기타,안전운전불이행,포장 - 건조,맑음,교차로 - 교차로안,승용,남,57세,상해없음,보행자,남,32세,경상
5325,2018071000100342,2018년 7월 10일 15시,화요일,경기도 구리시 인창동,중상사고,0,1,0,0,차대사람 - 기타,안전운전불이행,포장 - 건조,맑음,교차로 - 교차로안,승용,남,56세,상해없음,보행자,여,75세,중상
5326,2018071000100352,2018년 7월 10일 16시,화요일,경기도 부천시 역곡동,중상사고,0,1,0,0,차대사람 - 횡단중,안전운전불이행,포장 - 건조,맑음,단일로 - 기타,이륜,남,41세,상해없음,보행자,여,56세,중상
5327,2018071000100355,2018년 7월 10일 16시,화요일,경기도 성남시 분당구 정자동,경상사고,0,0,1,0,차대사람 - 보도통행중,안전운전불이행,포장 - 건조,흐림,기타 - 기타,기타불명,기타불명,미분류,기타불명,보행자,남,28세,경상
5328,2018071000100373,2018년 7월 10일 16시,화요일,경기도 남양주시 별내동,중상사고,0,1,0,0,차대사람 - 기타,안전운전불이행,포장 - 건조,맑음,단일로 - 기타,승용,남,48세,상해없음,보행자,남,66세,중상
5329,2018071000100389,2018년 7월 10일 17시,화요일,경기도 수원시 권선구 당수동,경상사고,0,0,1,0,차대사람 - 횡단중,보행자보호의무위반,포장 - 건조,흐림,교차로 - 교차로안,승용,여,40세,상해없음,보행자,여,24세,경상
5330,2018071000100413,2018년 7월 10일 17시,화요일,경기도 고양시 덕양구 삼송동,중상사고,0,1,0,0,차대사람 - 차도통행중,안전운전불이행,포장 - 젖음/습기,흐림,단일로 - 기타,이륜,남,17세,상해없음,보행자,남,74세,중상
5331,2018071000100420,2018년 7월 10일 18시,화요일,경기도 양평군 용문면,중상사고,0,1,0,0,차대사람 - 기타,안전운전불이행,포장 - 젖음/습기,흐림,단일로 - 기타,화물,남,56세,상해없음,보행자,남,47세,중상
5332,2018071000100470,2018년 7월 10일 19시,화요일,경기도 부천시 중동,경상사고,0,0,1,0,차대사람 - 횡단중,보행자보호의무위반,포장 - 건조,맑음,단일로 - 기타,승용,여,38세,상해없음,보행자,남,6세,경상
5333,2018071000100471,2018년 7월 10일 19시,화요일,경기도 부천시 원미동,경상사고,0,0,1,0,차대사람 - 보도통행중,보행자보호의무위반,포장 - 건조,맑음,단일로 - 기타,승용,남,56세,상해없음,보행자,남,8세,경상
5334,2018071000100511,2018년 7월 10일 20시,화요일,경기도 고양시 덕양구 화정동,경상사고,0,0,1,0,차대사람 - 횡단중,보행자보호의무위반,포장 - 건조,흐림,교차로 - 교차로횡단보도내,승용,남,52세,상해없음,보행자,남,15세,경상
5335,2018071000100523,2018년 7월 10일 21시,화요일,경기도 광주시 곤지암읍,중상사고,0,1,0,0,차대사람 - 차도통행중,안전운전불이행,포장 - 건조,흐림,단일로 - 기타,이륜,남,79세,상해없음,보행자,여,22세,중상
5336,2018071000100596,2018년 7월 10일 23시,화요일,경기도 화성시 진안동,경상사고,0,0,1,0,차대사람 - 횡단중,보행자보호의무위반,포장 - 건조,맑음,교차로 - 교차로횡단보도내,승용,남,64세,상해없음,보행자,여,37세,경상
5337,2018071000100599,2018년 7월 10일 23시,화요일,경기도 부천시 원종동,경상사고,0,0,1,0,차대사람 - 차도통행중,불법유턴,포장 - 젖음/습기,비,단일로 - 기타,승용,남,44세,상해없음,보행자,남,25세,경상
5338,2018071000100609,2018년 7월 10일 23시,화요일,경기도 고양시 일산동구 장항동,중상사고,0,1,0,0,차대사람 - 횡단중,안전운전불이행,포장 - 건조,맑음,교차로 - 교차로안,승용,남,34세,상해없음,보행자,남,42세,중상