,사고번호,사고일시,요일,시군구,사고내용,사망자수,중상자수,경상자수,부상신고자수,사고유형,법규위반,노면상태,기상상태,도로형태,가해운전자 차종,가해운전자 성별,가해운전자 연령,가해운전자 상해정도,피해운전자 차종,피해운전자 성별,피해운전자 연령,피해운전자 상해정도
5453,2018071500100472,2018년 7월 15일 23시,일요일,경기도 수원시 팔달구 화서동,경상사고,0,0,1,0,차대사람 - 기타,보행자보호의무위반,포장 - 건조,맑음,교차로 - 교차로횡단보도내,승용,남,36세,상해없음,보행자,남,48세,경상
5454,2018071500100475,2018년 7월 15일 23시,일요일,경기도 과천시 관문동,경상사고,0,0,1,0,차대사람 - 횡단중,안전운전불이행,포장 - 건조,맑음,단일로 - 기타,승용,남,63세,상해없음,보행자,남,17세,경상
5455,2018071600100006,2018년 7월 16일 00시,월요일,경기도 안양시 동안구 호계동,중상사고,0,1,0,0,차대사람 - 기타,기타,포장 - 건조,맑음,기타 - 기타,승합,남,47세,상해없음,보행자,남,26세,중상
5456,2018071600100007,2018년 7월 16일 00시,월요일,경기도 부천시 역곡동,경상사고,0,0,1,0,차대사람 - 차도통행중,안전운전불이행,포장 - 건조,맑음,단일로 - 기타,이륜,남,20세,상해없음,보행자,남,18세,경상
5457,2018071600100025,2018년 7월 16일 02시,월요일,경기도 시흥시 안현동,경상사고,0,0,1,0,차대사람 - 기타,안전운전불이행,포장 - 건조,맑음,교차로 - 교차로부근,승용,남,31세,기타불명,보행자,남,38세,경상
5458,2018071600100047,2018년 7월 16일 06시,월요일,경기도 용인시 기흥구 영덕동,경상사고,0,0,1,0,차대사람 - 횡단중,안전운전불이행,포장 - 건조,맑음,단일로 - 기타,승용,남,55세,상해없음,보행자,남,21세,경상
5459,2018071600100048,2018년 7월 16일 06시,월요일,경기도 용인시 처인구 김량장동,중상사고,0,1,0,0,차대사람 - 횡단중,보행자보호의무위반,포장 - 건조,맑음,교차로 - 교차로안,승용,남,36세,상해없음,보행자,남,72세,중상
5460,2018071600100057,2018년 7월 16일 06시,월요일,경기도 고양시 일산서구 대화동,중상사고,0,1,0,0,차대사람 - 기타,안전운전불이행,포장 - 건조,맑음,단일로 - 기타,승용,남,61세,상해없음,보행자,남,54세,중상
5461,2018071600100098,2018년 7월 16일 08시,월요일,경기도 성남시 수정구 수진동,중상사고,0,1,0,0,차대사람 - 횡단중,안전운전불이행,포장 - 건조,맑음,교차로 - 교차로안,화물,남,68세,상해없음,보행자,남,64세,중상
5462,2018071600100101,2018년 7월 16일 08시,월요일,경기도 평택시 서정동,중상사고,0,1,0,0,차대사람 - 횡단중,보행자보호의무위반,포장 - 건조,맑음,교차로 - 교차로횡단보도내,승용,여,37세,상해없음,보행자,여,18세,중상
5463,2018071600100108,2018년 7월 16일 08시,월요일,경기도 수원시 영통구 영통동,중상사고,0,1,0,0,차대사람 - 횡단중,신호위반,포장 - 건조,맑음,교차로 - 교차로안,승합,남,49세,상해없음,보행자,남,8세,중상
5464,2018071600100146,2018년 7월 16일 08시,월요일,경기도 포천시 내촌면,중상사고,0,1,0,0,차대사람 - 횡단중,안전운전불이행,포장 - 건조,맑음,단일로 - 기타,화물,남,52세,상해없음,보행자,남,76세,중상
5465,2018071600100187,2018년 7월 16일 10시,월요일,경기도 부천시 소사동,부상신고사고,0,0,0,1,차대사람 - 횡단중,안전운전불이행,포장 - 건조,맑음,단일로 - 기타,화물,남,49세,상해없음,보행자,여,68세,부상신고
5466,2018071600100189,2018년 7월 16일 10시,월요일,경기도 광명시 광명동,경상사고,0,0,1,0,차대사람 - 기타,안전운전불이행,포장 - 건조,맑음,단일로 - 기타,승용,남,31세,상해없음,보행자,여,87세,경상
5467,2018071600100204,2018년 7월 16일 10시,월요일,경기도 고양시 일산동구 백석동,중상사고,0,1,0,0,차대사람 - 기타,안전운전불이행,포장 - 건조,맑음,단일로 - 기타,승합,남,36세,상해없음,보행자,여,62세,중상
5468,2018071600100243,2018년 7월 16일 11시,월요일,경기도 의정부시 가능동,경상사고,0,0,1,0,차대사람 - 보도통행중,기타,포장 - 건조,맑음,교차로 - 교차로부근,승용,남,39세,상해없음,보행자,여,56세,경상
5469,2018071600100268,2018년 7월 16일 12시,월요일,경기도 남양주시 화도읍,경상사고,0,0,1,0,차대사람 - 횡단중,신호위반,포장 - 건조,맑음,교차로 - 교차로안,승용,여,62세,상해없음,보행자,여,59세,경상
5470,2018071600100282,2018년 7월 16일 13시,월요일,경기도 성남시 분당구 분당동,경상사고,0,0,1,0,차대사람 - 기타,안전운전불이행,포장 - 건조,맑음,기타 - 기타,승용,남,62세,상해없음,보행자,남,80세,경상
5471,2018071600100283,2018년 7월 16일 13시,월요일,경기도 하남시 풍산동,경상사고,0,0,1,0,차대사람 - 기타,안전운전불이행,포장 - 건조,맑음,단일로 - 기타,승합,남,41세,상해없음,보행자,여,77세,경상
5472,2018071600100353,2018년 7월 16일 15시,월요일,경기도 안산시 단원구 원곡동,부상신고사고,0,0,0,1,차대사람 - 기타,안전운전불이행,포장 - 건조,맑음,단일로 - 기타,승용,남,64세,상해없음,보행자,남,42세,부상신고
5473,2018071600100355,2018년 7월 16일 15시,월요일,경기도 성남시 분당구 서현동,경상사고,0,0,1,0,차대사람 - 횡단중,안전운전불이행,포장 - 건조,맑음,단일로 - 기타,승용,여,57세,상해없음,보행자,남,9세,경상
5474,2018071600100391,2018년 7월 16일 16시,월요일,경기도 시흥시 정왕동,부상신고사고,0,0,0,1,차대사람 - 기타,안전운전불이행,포장 - 건조,맑음,단일로 - 기타,승용,남,41세,상해없음,보행자,남,47세,부상신고
5475,2018071600100392,2018년 7월 16일 16시,월요일,경기도 시흥시 정왕동,경상사고,0,0,1,0,차대사람 - 기타,안전운전불이행,포장 - 건조,맑음,단일로 - 기타,이륜,남,56세,상해없음,보행자,남,5세,경상
5476,2018071600100409,2018년 7월 16일 16시,월요일,경기도 고양시 덕양구 성사동,경상사고,0,0,1,0,차대사람 - 차도통행중,안전운전불이행,포장 - 기타,맑음,교차로 - 교차로안,승합,남,50세,상해없음,보행자,남,61세,경상
5477,2018071600100410,2018년 7월 16일 16시,월요일,경기도 파주시 목동동,경상사고,0,0,1,0,차대사람 - 기타,기타,포장 - 건조,맑음,교차로 - 교차로부근,이륜,남,16세,상해없음,보행자,남,7세,경상
5478,2018071600100465,2018년 7월 16일 17시,월요일,경기도 파주시 탄현면,경상사고,0,0,1,0,차대사람 - 차도통행중,안전운전불이행,포장 - 건조,맑음,단일로 - 기타,화물,남,47세,기타불명,보행자,남,51세,경상
5479,2018071600100483,2018년 7월 16일 18시,월요일,경기도 부천시 중동,경상사고,0,0,1,0,차대사람 - 기타,안전운전불이행,포장 - 건조,맑음,단일로 - 기타,승합,남,58세,상해없음,보행자,남,63세,경상
5480,2018071600100489,2018년 7월 16일 18시,월요일,경기도 용인시 수지구 상현동,경상사고,0,0,1,0,차대사람 - 횡단중,보행자보호의무위반,포장 - 건조,맑음,교차로 - 교차로횡단보도내,승용,여,41세,상해없음,보행자,여,25세,경상
5481,2018071600100522,2018년 7월 16일 18시,월요일,경기도 파주시 야당동,중상사고,0,1,0,0,차대사람 - 횡단중,기타,포장 - 건조,맑음,교차로 - 교차로부근,승용,여,34세,상해없음,보행자,여,10세,중상
5482,2018071600100536,2018년 7월 16일 19시,월요일,경기도 안산시 상록구 본오동,경상사고,0,0,1,0,차대사람 - 보도통행중,보행자보호의무위반,포장 - 건조,맑음,교차로 - 교차로횡단보도내,이륜,여,38세,상해없음,보행자,여,56세,경상
5483,2018071600100580,2018년 7월 16일 20시,월요일,경기도 남양주시 도농동,중상사고,0,1,0,0,차대사람 - 기타,안전운전불이행,포장 - 건조,맑음,기타 - 기타,자전거,남,15세,상해없음,보행자,여,29세,중상
5484,2018071700100011,2018년 7월 17일 00시,화요일,경기도 구리시 인창동,중상사고,0,1,0,0,차대사람 - 기타,안전운전불이행,포장 - 건조,맑음,기타 - 기타,기타불명,남,68세,상해없음,보행자,여,53세,중상
5485,2018071700100022,2018년 7월 17일 01시,화요일,경기도 의정부시 가능동,경상사고,0,0,1,0,차대사람 - 기타,안전운전불이행,포장 - 건조,맑음,단일로 - 기타,승용,여,43세,상해없음,보행자,남,48세,경상
5486,2018071700100070,2018년 7월 17일 06시,화요일,경기도 평택시 고덕면,중상사고,0,1,0,0,차대사람 - 차도통행중,신호위반,포장 - 건조,맑음,교차로 - 교차로안,승용,남,68세,상해없음,보행자,여,61세,중상
5487,2018071700100082,2018년 7월 17일 07시,화요일,경기도 오산시 궐동,중상사고,0,1,0,0,차대사람 - 기타,안전운전불이행,포장 - 건조,맑음,교차로 - 교차로안,승용,여,38세,상해없음,보행자,남,58세,중상
5488,2018071700100115,2018년 7월 17일 08시,화요일,경기도 부천시 소사동,경상사고,0,0,1,0,차대사람 - 기타,안전운전불이행,포장 - 건조,맑음,기타 - 기타,화물,남,66세,상해없음,보행자,여,76세,경상
5489,2018071700100121,2018년 7월 17일 08시,화요일,경기도 용인시 수지구 풍덕천동,경상사고,0,0,1,0,차대사람 - 기타,안전운전불이행,포장 - 건조,맑음,단일로 - 기타,승용,여,48세,상해없음,보행자,여,23세,경상
5490,2018071700100160,2018년 7월 17일 09시,화요일,경기도 용인시 처인구 포곡읍,중상사고,0,1,0,0,차대사람 - 기타,안전운전불이행,포장 - 건조,맑음,교차로 - 교차로안,승용,여,55세,상해없음,보행자,여,62세,중상
5491,2018071700100163,2018년 7월 17일 09시,화요일,경기도 수원시 권선구 권선동,경상사고,0,0,1,0,차대사람 - 기타,안전운전불이행,포장 - 건조,맑음,단일로 - 기타,화물,남,45세,상해없음,보행자,여,63세,경상
5492,2018071700100164,2018년 7월 17일 09시,화요일,경기도 군포시 당정동,경상사고,0,0,1,0,차대사람 - 횡단중,신호위반,포장 - 건조,맑음,교차로 - 교차로부근,건설기계,남,55세,상해없음,보행자,여,41세,경상
5493,2018071700100187,2018년 7월 17일 09시,화요일,경기도 고양시 일산동구 장항동,부상신고사고,0,0,0,1,차대사람 - 횡단중,안전운전불이행,포장 - 건조,맑음,교차로 - 교차로부근,화물,남,52세,상해없음,보행자,여,28세,부상신고
5494,2018071700100198,2018년 7월 17일 10시,화요일,경기도 부천시 괴안동,사망사고,1,0,0,0,차대사람 - 기타,안전운전불이행,포장 - 건조,맑음,단일로 - 기타,승용,남,76세,상해없음,보행자,여,52세,사망
5495,2018071700100231,2018년 7월 17일 11시,화요일,경기도 수원시 장안구 천천동,경상사고,0,0,1,0,차대사람 - 기타,안전운전불이행,포장 - 건조,맑음,단일로 - 기타,기타불명,기타불명,미분류,기타불명,보행자,남,57세,경상
5496,2018071700100233,2018년 7월 17일 11시,화요일,경기도 안양시 동안구 비산동,경상사고,0,0,1,0,차대사람 - 기타,불법유턴,포장 - 건조,맑음,교차로 - 교차로안,승합,남,57세,상해없음,보행자,남,56세,경상
5497,2018071700100240,2018년 7월 17일 11시,화요일,경기도 부천시 원종동,경상사고,0,0,1,0,차대사람 - 기타,안전운전불이행,포장 - 건조,맑음,단일로 - 기타,승용,여,40세,상해없음,보행자,남,49세,경상
5498,2018071700100279,2018년 7월 17일 12시,화요일,경기도 부천시 심곡동,경상사고,0,0,1,0,차대사람 - 차도통행중,안전운전불이행,포장 - 건조,맑음,기타 - 기타,자전거,남,71세,기타불명,보행자,여,58세,경상
5499,2018071700100312,2018년 7월 17일 13시,화요일,경기도 안산시 상록구 본오동,경상사고,0,0,1,0,차대사람 - 기타,안전운전불이행,포장 - 건조,맑음,교차로 - 교차로안,승용,남,67세,상해없음,보행자,여,8세,경상
5500,2018071700100335,2018년 7월 17일 14시,화요일,경기도 수원시 장안구 영화동,경상사고,0,0,1,0,차대사람 - 기타,안전운전불이행,포장 - 건조,맑음,단일로 - 기타,승용,남,52세,상해없음,보행자,남,13세,경상
5501,2018071700100339,2018년 7월 17일 14시,화요일,경기도 수원시 권선구 입북동,중상사고,0,1,0,0,차대사람 - 기타,안전운전불이행,포장 - 건조,맑음,단일로 - 기타,승용,남,38세,상해없음,보행자,남,66세,중상
5502,2018071700100340,2018년 7월 17일 14시,화요일,경기도 용인시 수지구 동천동,중상사고,0,1,0,0,차대사람 - 횡단중,교차로운행방법위반,포장 - 건조,맑음,교차로 - 교차로안,승용,여,29세,상해없음,보행자,여,76세,중상
5503,2018071700100383,2018년 7월 17일 15시,화요일,경기도 성남시 분당구 분당동,중상사고,0,1,0,0,차대사람 - 기타,안전운전불이행,포장 - 건조,맑음,단일로 - 기타,승용,남,52세,상해없음,보행자,남,25세,중상
5504,2018071700100425,2018년 7월 17일 16시,화요일,경기도 광주시 경안동,경상사고,0,0,1,0,차대사람 - 횡단중,안전운전불이행,포장 - 건조,맑음,교차로 - 교차로횡단보도내,승용,남,63세,상해없음,보행자,여,13세,경상
5505,2018071700100428,2018년 7월 17일 16시,화요일,경기도 부천시 심곡동,경상사고,0,0,1,0,차대사람 - 기타,보행자보호의무위반,포장 - 건조,맑음,단일로 - 기타,승용,여,54세,상해없음,보행자,남,62세,경상
5506,2018071700100431,2018년 7월 17일 16시,화요일,경기도 수원시 영통구 원천동,중상사고,0,1,0,0,차대사람 - 기타,안전운전불이행,포장 - 건조,맑음,단일로 - 기타,화물,남,45세,상해없음,보행자,여,90세 이상,중상
5507,2018071700100455,2018년 7월 17일 16시,화요일,경기도 고양시 덕양구 행신동,중상사고,0,1,0,0,차대사람 - 횡단중,안전운전불이행,포장 - 건조,맑음,교차로 - 교차로횡단보도내,승용,여,64세,상해없음,보행자,여,52세,중상
5508,2018071700100506,2018년 7월 17일 17시,화요일,경기도 파주시 동패동,경상사고,0,0,1,0,차대사람 - 횡단중,안전운전불이행,포장 - 건조,맑음,교차로 - 교차로부근,승용,여,42세,상해없음,보행자,여,11세,경상
5509,2018071700100507,2018년 7월 17일 17시,화요일,경기도 파주시 금촌동,부상신고사고,0,0,0,1,차대사람 - 기타,교차로운행방법위반,포장 - 건조,맑음,교차로 - 교차로안,승합,남,56세,상해없음,보행자,여,66세,부상신고
5510,2018071700100522,2018년 7월 17일 18시,화요일,경기도 안양시 동안구 호계동,중상사고,0,1,0,0,차대사람 - 보도통행중,보행자보호의무위반,포장 - 건조,맑음,교차로 - 교차로횡단보도내,자전거,기타불명,미분류,기타불명,보행자,여,74세,중상
5511,2018071700100524,2018년 7월 17일 18시,화요일,경기도 안산시 단원구 고잔동,중상사고,0,1,0,0,차대사람 - 보도통행중,기타,포장 - 건조,맑음,기타 - 기타,개인형이동수단(PM),여,41세,상해없음,보행자,여,57세,중상
5512,2018071700100525,2018년 7월 17일 18시,화요일,경기도 수원시 팔달구 인계동,부상신고사고,0,0,0,1,차대사람 - 횡단중,보행자보호의무위반,포장 - 건조,맑음,단일로 - 기타,자전거,기타불명,미분류,기타불명,보행자,남,3세,부상신고
5513,2018071700100526,2018년 7월 17일 18시,화요일,경기도 수원시 권선구 곡반정동,경상사고,0,0,1,0,차대사람 - 횡단중,보행자보호의무위반,포장 - 건조,맑음,교차로 - 교차로횡단보도내,승용,여,55세,상해없음,보행자,여,38세,경상
5514,2018071700100549,2018년 7월 17일 18시,화요일,경기도 남양주시 오남읍,중상사고,0,1,0,0,차대사람 - 기타,안전운전불이행,포장 - 건조,맑음,기타 - 기타,화물,남,58세,상해없음,보행자,남,83세,중상
5515,2018071700100551,2018년 7월 17일 18시,화요일,경기도 구리시 수택동,경상사고,0,0,1,0,차대사람 - 기타,안전운전불이행,포장 - 건조,맑음,단일로 - 기타,기타불명,기타불명,미분류,기타불명,보행자,남,40세,경상
5516,2018071700100552,2018년 7월 17일 18시,화요일,경기도 포천시 소흘읍,경상사고,0,0,1,0,차대사람 - 횡단중,신호위반,포장 - 건조,맑음,단일로 - 기타,원동기,남,19세,상해없음,보행자,남,8세,경상
5517,2018071700100598,2018년 7월 17일 20시,화요일,경기도 부천시 삼정동,중상사고,0,1,0,0,차대사람 - 횡단중,안전운전불이행,포장 - 건조,맑음,교차로 - 교차로부근,승용,남,44세,상해없음,보행자,남,51세,중상
5518,2018071700100626,2018년 7월 17일 21시,화요일,경기도 부천시 중동,중상사고,0,1,0,0,차대사람 - 기타,기타,포장 - 건조,맑음,단일로 - 기타,자전거,남,19세,상해없음,보행자,여,47세,중상
5519,2018071700100647,2018년 7월 17일 21시,화요일,경기도 남양주시 화도읍,경상사고,0,0,1,0,차대사람 - 기타,안전운전불이행,포장 - 건조,맑음,교차로 - 교차로안,승용,여,41세,상해없음,보행자,남,43세,경상
5520,2018071700100673,2018년 7월 17일 22시,화요일,경기도 고양시 덕양구 주교동,중상사고,0,1,0,0,차대사람 - 횡단중,보행자보호의무위반,포장 - 건조,맑음,단일로 - 기타,화물,남,42세,상해없음,보행자,여,63세,중상
5521,2018071700100682,2018년 7월 17일 23시,화요일,경기도 안양시 동안구 비산동,경상사고,0,0,1,0,차대사람 - 차도통행중,불법유턴,포장 - 건조,맑음,교차로 - 교차로부근,이륜,남,16세,상해없음,보행자,남,58세,경상
5522,2018071700100683,2018년 7월 17일 23시,화요일,경기도 화성시 진안동,경상사고,0,0,1,0,차대사람 - 차도통행중,안전운전불이행,포장 - 건조,맑음,단일로 - 기타,승용,남,32세,상해없음,보행자,남,35세,경상
5523,2018071700100684,2018년 7월 17일 23시,화요일,경기도 안산시 단원구 원곡동,사망사고,1,0,0,0,차대사람 - 횡단중,안전운전불이행,포장 - 건조,맑음,단일로 - 기타,승용,여,19세,상해없음,보행자,남,58세,사망
5524,2018071800100006,2018년 7월 18일 00시,수요일,경기도 평택시 포승읍,중상사고,0,1,0,0,차대사람 - 기타,안전운전불이행,포장 - 건조,맑음,기타 - 기타,승용,여,39세,상해없음,보행자,남,45세,중상
5525,2018071800100007,2018년 7월 18일 00시,수요일,경기도 안성시 금광면,경상사고,0,0,2,0,차대사람 - 기타,안전운전불이행,포장 - 건조,맑음,기타 - 기타,승용,남,44세,상해없음,보행자,남,25세,경상
5526,2018071800100062,2018년 7월 18일 06시,수요일,경기도 화성시 장안면,경상사고,0,0,1,0,차대사람 - 기타,기타,포장 - 건조,맑음,기타 - 기타,화물,남,40세,상해없음,보행자,남,36세,경상
5527,2018071800100069,2018년 7월 18일 06시,수요일,경기도 의정부시 의정부동,경상사고,0,0,1,0,차대사람 - 차도통행중,안전운전불이행,포장 - 건조,맑음,단일로 - 기타,화물,남,53세,상해없음,보행자,남,42세,경상
5528,2018071800100109,2018년 7월 18일 08시,수요일,경기도 수원시 장안구 천천동,경상사고,0,0,1,1,차대사람 - 기타,기타,포장 - 건조,맑음,단일로 - 기타,자전거,남,12세,부상신고,보행자,여,6세,경상
5529,2018071800100116,2018년 7월 18일 08시,수요일,경기도 시흥시 거모동,경상사고,0,0,1,0,차대사람 - 기타,안전운전불이행,포장 - 건조,맑음,교차로 - 교차로안,화물,남,50세,상해없음,보행자,여,66세,경상
5530,2018071800100118,2018년 7월 18일 08시,수요일,경기도 용인시 수지구 신봉동,중상사고,0,1,0,0,차대사람 - 차도통행중,안전운전불이행,포장 - 건조,맑음,단일로 - 기타,승용,남,51세,상해없음,보행자,남,17세,중상
5531,2018071800100142,2018년 7월 18일 08시,수요일,경기도 고양시 덕양구 행신동,경상사고,0,0,1,0,차대사람 - 횡단중,안전운전불이행,포장 - 건조,맑음,교차로 - 교차로안,승용,여,45세,상해없음,보행자,여,19세,경상
5532,2018071800100151,2018년 7월 18일 09시,수요일,경기도 안양시 동안구 호계동,부상신고사고,0,0,0,1,차대사람 - 기타,기타,포장 - 건조,맑음,기타 - 기타,승합,남,54세,상해없음,보행자,여,36세,부상신고
5533,2018071800100153,2018년 7월 18일 09시,수요일,경기도 광주시 오포읍,중상사고,0,1,0,0,차대사람 - 기타,안전운전불이행,포장 - 건조,맑음,단일로 - 기타,승용,여,38세,상해없음,보행자,여,33세,중상
5534,2018071800100155,2018년 7월 18일 09시,수요일,경기도 부천시 상동,경상사고,0,0,1,0,차대사람 - 횡단중,신호위반,포장 - 건조,맑음,단일로 - 기타,승용,남,38세,상해없음,보행자,남,14세,경상
5535,2018071800100156,2018년 7월 18일 09시,수요일,경기도 부천시 원미동,중상사고,0,1,0,0,차대사람 - 기타,안전운전불이행,포장 - 건조,맑음,교차로 - 교차로안,승용,남,42세,상해없음,보행자,여,71세,중상
5536,2018071800100181,2018년 7월 18일 09시,수요일,경기도 고양시 덕양구 신원동,중상사고,0,1,0,0,차대사람 - 기타,안전운전불이행,포장 - 건조,맑음,단일로 - 기타,승용,여,60세,상해없음,보행자,여,79세,중상
5537,2018071800100195,2018년 7월 18일 10시,수요일,경기도 이천시 마장면,경상사고,0,0,1,0,차대사람 - 횡단중,보행자보호의무위반,포장 - 건조,맑음,교차로 - 교차로횡단보도내,승용,남,44세,상해없음,보행자,남,35세,경상
5538,2018071800100209,2018년 7월 18일 10시,수요일,경기도 양주시 덕정동,경상사고,0,0,1,0,차대사람 - 기타,보행자보호의무위반,포장 - 건조,맑음,교차로 - 교차로횡단보도내,승용,남,77세,상해없음,보행자,여,68세,경상
5539,2018071800100215,2018년 7월 18일 11시,수요일,경기도 수원시 장안구 송죽동,경상사고,0,0,1,0,차대사람 - 기타,안전운전불이행,포장 - 건조,맑음,교차로 - 교차로안,승용,남,43세,상해없음,보행자,여,69세,경상
5540,2018071800100219,2018년 7월 18일 11시,수요일,경기도 용인시 수지구 풍덕천동,중상사고,0,1,0,0,차대사람 - 차도통행중,안전운전불이행,포장 - 건조,맑음,교차로 - 교차로부근,승용,여,68세,상해없음,보행자,여,17세,중상
5541,2018071800100235,2018년 7월 18일 11시,수요일,경기도 가평군 청평면,경상사고,0,0,1,0,차대사람 - 기타,안전운전불이행,포장 - 건조,맑음,교차로 - 교차로안,승합,남,71세,상해없음,보행자,남,87세,경상
5542,2018071800100278,2018년 7월 18일 13시,수요일,경기도 화성시 남양읍,중상사고,0,1,0,0,차대사람 - 횡단중,중앙선침범,포장 - 건조,맑음,교차로 - 교차로부근,원동기,남,74세,상해없음,보행자,여,74세,중상
5543,2018071800100307,2018년 7월 18일 14시,수요일,경기도 화성시 진안동,경상사고,0,0,1,0,차대사람 - 기타,안전운전불이행,포장 - 건조,맑음,단일로 - 기타,승용,남,42세,상해없음,보행자,여,29세,경상
5544,2018071800100308,2018년 7월 18일 14시,수요일,경기도 수원시 권선구 권선동,중상사고,0,1,0,0,차대사람 - 보도통행중,보행자보호의무위반,포장 - 건조,맑음,단일로 - 기타,승용,여,40세,상해없음,보행자,남,3세,중상
5545,2018071800100338,2018년 7월 18일 15시,수요일,경기도 광주시 오포읍,중상사고,0,1,1,0,차대사람 - 기타,안전운전불이행,포장 - 건조,맑음,단일로 - 기타,승용,여,43세,상해없음,보행자,여,14세,중상
5546,2018071800100340,2018년 7월 18일 15시,수요일,경기도 부천시 심곡동,경상사고,0,0,1,0,차대사람 - 기타,안전운전불이행,포장 - 건조,맑음,단일로 - 지하차도(도로)내,승용,남,18세,상해없음,보행자,남,24세,경상
5547,2018071800100341,2018년 7월 18일 15시,수요일,경기도 부천시 원미동,중상사고,0,1,0,0,차대사람 - 기타,보행자보호의무위반,포장 - 건조,맑음,단일로 - 기타,승용,여,45세,상해없음,보행자,남,7세,중상
5548,2018071800100377,2018년 7월 18일 16시,수요일,경기도 평택시 세교동,경상사고,0,0,1,0,차대사람 - 차도통행중,보행자보호의무위반,포장 - 건조,맑음,단일로 - 기타,승합,남,53세,상해없음,보행자,남,10세,경상
5549,2018071800100407,2018년 7월 18일 16시,수요일,경기도 의정부시 호원동,경상사고,0,0,1,0,차대사람 - 횡단중,기타,포장 - 건조,맑음,교차로 - 교차로부근,승용,여,42세,상해없음,보행자,여,15세,경상
5550,2018071800100450,2018년 7월 18일 17시,수요일,경기도 고양시 일산동구 식사동,경상사고,0,0,1,0,차대사람 - 횡단중,보행자보호의무위반,포장 - 건조,맑음,교차로 - 교차로안,승용,여,51세,상해없음,보행자,남,9세,경상
5551,2018071800100468,2018년 7월 18일 18시,수요일,경기도 수원시 팔달구 인계동,경상사고,0,0,1,0,차대사람 - 기타,안전운전불이행,포장 - 건조,맑음,단일로 - 기타,승용,남,68세,상해없음,보행자,남,58세,경상
5552,2018071800100514,2018년 7월 18일 19시,수요일,경기도 수원시 팔달구 우만동,경상사고,0,0,1,0,차대사람 - 기타,기타,포장 - 건조,맑음,단일로 - 기타,승용,남,49세,상해없음,보행자,남,6세,경상
5553,2018071800100517,2018년 7월 18일 19시,수요일,경기도 화성시 진안동,경상사고,0,0,1,0,차대사람 - 횡단중,보행자보호의무위반,포장 - 건조,맑음,교차로 - 교차로안,승용,여,62세,상해없음,보행자,남,9세,경상
5554,2018071800100518,2018년 7월 18일 19시,수요일,경기도 안산시 단원구 고잔동,경상사고,0,0,1,0,차대사람 - 기타,보행자보호의무위반,포장 - 건조,맑음,단일로 - 기타,승용,남,46세,상해없음,보행자,여,18세,경상
5555,2018071800100551,2018년 7월 18일 20시,수요일,경기도 시흥시 신천동,중상사고,0,1,0,0,차대사람 - 기타,안전운전불이행,포장 - 건조,맑음,교차로 - 교차로부근,화물,남,59세,상해없음,보행자,남,65세,중상
5556,2018071800100572,2018년 7월 18일 20시,수요일,경기도 남양주시 퇴계원면,중상사고,0,1,0,0,차대사람 - 보도통행중,보행자보호의무위반,포장 - 건조,맑음,교차로 - 교차로횡단보도내,승용,여,70세,상해없음,보행자,남,9세,중상
5557,2018071800100638,2018년 7월 18일 23시,수요일,경기도 평택시 지산동,중상사고,0,1,1,0,차대사람 - 기타,안전운전불이행,포장 - 건조,맑음,교차로 - 교차로부근,승용,여,43세,상해없음,보행자,여,56세,경상
5558,2018071900100057,2018년 7월 19일 05시,목요일,경기도 성남시 중원구 중앙동,경상사고,0,0,1,0,차대사람 - 횡단중,신호위반,포장 - 건조,맑음,교차로 - 교차로횡단보도내,승용,남,64세,상해없음,보행자,남,36세,경상
5559,2018071900100062,2018년 7월 19일 05시,목요일,경기도 포천시 선단동,중상사고,0,1,1,0,차대사람 - 횡단중,안전운전불이행,포장 - 건조,맑음,단일로 - 기타,승용,남,63세,상해없음,보행자,남,86세,경상
5560,2018071900100085,2018년 7월 19일 07시,목요일,경기도 부천시 역곡동,경상사고,0,0,1,0,차대사람 - 횡단중,안전운전불이행,포장 - 건조,맑음,단일로 - 기타,승용,남,27세,상해없음,보행자,여,21세,경상
5561,2018071900100113,2018년 7월 19일 08시,목요일,경기도 부천시 중동,중상사고,0,1,0,0,차대사람 - 차도통행중,안전운전불이행,포장 - 건조,맑음,단일로 - 기타,승용,여,39세,상해없음,보행자,남,26세,중상
5562,2018071900100212,2018년 7월 19일 10시,목요일,경기도 안양시 동안구 호계동,경상사고,0,0,1,0,차대사람 - 기타,안전운전불이행,포장 - 건조,맑음,단일로 - 기타,승합,남,66세,상해없음,보행자,남,52세,경상
5563,2018071900100216,2018년 7월 19일 10시,목요일,경기도 군포시 산본동,중상사고,0,1,0,0,차대사람 - 기타,안전운전불이행,포장 - 건조,맑음,단일로 - 기타,승합,남,57세,상해없음,보행자,여,75세,중상
5564,2018071900100219,2018년 7월 19일 10시,목요일,경기도 화성시 봉담읍,경상사고,0,0,1,0,차대사람 - 횡단중,안전운전불이행,포장 - 건조,맑음,교차로 - 교차로부근,승용,여,42세,상해없음,보행자,남,68세,경상
5565,2018071900100250,2018년 7월 19일 11시,목요일,경기도 수원시 팔달구 팔달로2가,경상사고,0,0,1,0,차대사람 - 횡단중,안전운전불이행,포장 - 건조,맑음,교차로 - 교차로안,이륜,남,53세,상해없음,보행자,여,71세,경상