,사고번호,사고일시,요일,시군구,사고내용,사망자수,중상자수,경상자수,부상신고자수,사고유형,법규위반,노면상태,기상상태,도로형태,가해운전자 차종,가해운전자 성별,가해운전자 연령,가해운전자 상해정도,피해운전자 차종,피해운전자 성별,피해운전자 연령,피해운전자 상해정도
5566,2018071900100277,2018년 7월 19일 12시,목요일,경기도 평택시 합정동,경상사고,0,0,1,0,차대사람 - 기타,기타,포장 - 건조,맑음,기타 - 기타,화물,남,42세,상해없음,보행자,여,46세,경상
5567,2018071900100282,2018년 7월 19일 12시,목요일,경기도 성남시 분당구 서현동,경상사고,0,0,1,0,차대사람 - 기타,안전운전불이행,포장 - 건조,맑음,교차로 - 교차로횡단보도내,기타불명,기타불명,미분류,기타불명,보행자,여,21세,경상
5568,2018071900100306,2018년 7월 19일 12시,목요일,경기도 파주시 파주읍,경상사고,0,0,1,0,차대사람 - 기타,안전운전불이행,포장 - 건조,맑음,단일로 - 기타,승용,남,65세,상해없음,보행자,여,70세,경상
5569,2018071900100378,2018년 7월 19일 15시,목요일,경기도 광주시 오포읍,중상사고,0,1,0,0,차대사람 - 기타,안전운전불이행,포장 - 건조,맑음,단일로 - 기타,승용,여,48세,상해없음,보행자,남,11세,중상
5570,2018071900100381,2018년 7월 19일 15시,목요일,경기도 성남시 중원구 성남동,중상사고,0,1,0,0,차대사람 - 기타,안전운전불이행,포장 - 건조,맑음,단일로 - 기타,기타불명,기타불명,미분류,기타불명,보행자,남,55세,중상
5571,2018071900100451,2018년 7월 19일 16시,목요일,경기도 고양시 일산서구 덕이동,경상사고,0,0,1,0,차대사람 - 기타,불법유턴,포장 - 건조,맑음,기타 - 기타,승용,여,57세,상해없음,보행자,여,50세,경상
5572,2018071900100471,2018년 7월 19일 17시,목요일,경기도 수원시 팔달구 인계동,중상사고,0,1,0,0,차대사람 - 횡단중,안전운전불이행,포장 - 건조,맑음,교차로 - 교차로횡단보도내,승용,여,47세,상해없음,보행자,남,14세,중상
5573,2018071900100472,2018년 7월 19일 17시,목요일,경기도 군포시 산본동,중상사고,0,1,0,0,차대사람 - 기타,안전운전불이행,포장 - 건조,맑음,단일로 - 기타,승용,남,66세,상해없음,보행자,여,77세,중상
5574,2018071900100529,2018년 7월 19일 18시,목요일,경기도 부천시 심곡본동,중상사고,0,1,1,0,차대사람 - 차도통행중,안전운전불이행,포장 - 건조,맑음,단일로 - 기타,승용,남,38세,상해없음,보행자,여,50세,중상
5575,2018071900100533,2018년 7월 19일 18시,목요일,경기도 성남시 중원구 상대원동,경상사고,0,0,1,0,차대사람 - 길가장자리구역통행중,안전운전불이행,포장 - 건조,맑음,단일로 - 기타,승합,남,79세,상해없음,보행자,여,23세,경상
5576,2018071900100569,2018년 7월 19일 18시,목요일,경기도 고양시 일산서구 대화동,중상사고,0,1,0,0,차대사람 - 횡단중,안전운전불이행,포장 - 건조,맑음,단일로 - 기타,승용,남,45세,상해없음,보행자,남,38세,중상
5577,2018071900100585,2018년 7월 19일 19시,목요일,경기도 화성시 봉담읍,경상사고,0,0,1,0,차대사람 - 기타,안전운전불이행,포장 - 건조,맑음,교차로 - 교차로안,승용,남,25세,상해없음,보행자,남,63세,경상
5578,2018071900100609,2018년 7월 19일 20시,목요일,경기도 안성시 공도읍,중상사고,0,1,0,0,차대사람 - 기타,기타,포장 - 건조,맑음,주차장 - 주차장,승용,여,37세,상해없음,보행자,여,46세,중상
5579,2018071900100610,2018년 7월 19일 20시,목요일,경기도 광주시 장지동,중상사고,0,1,0,0,차대사람 - 차도통행중,안전운전불이행,포장 - 건조,맑음,교차로 - 교차로안,승용,여,61세,상해없음,보행자,남,41세,중상
5580,2018071900100611,2018년 7월 19일 20시,목요일,경기도 용인시 처인구 포곡읍,사망사고,1,0,0,0,차대사람 - 횡단중,안전운전불이행,포장 - 건조,맑음,교차로 - 교차로안,승용,남,19세,상해없음,보행자,남,84세,사망
5581,2018071900100613,2018년 7월 19일 20시,목요일,경기도 부천시 심곡동,경상사고,0,0,1,0,차대사람 - 기타,안전운전불이행,포장 - 건조,맑음,단일로 - 기타,승용,남,24세,상해없음,보행자,남,27세,경상
5582,2018071900100616,2018년 7월 19일 20시,목요일,경기도 용인시 수지구 죽전동,경상사고,0,0,1,0,차대사람 - 기타,보행자보호의무위반,포장 - 건조,맑음,교차로 - 교차로안,승용,여,28세,상해없음,보행자,여,25세,경상
5583,2018071900100638,2018년 7월 19일 20시,목요일,경기도 고양시 일산동구 백석동,경상사고,0,0,1,0,차대사람 - 횡단중,안전운전불이행,포장 - 건조,맑음,교차로 - 교차로횡단보도내,승합,남,55세,상해없음,보행자,남,66세,경상
5584,2018071900100639,2018년 7월 19일 20시,목요일,경기도 파주시 문산읍,경상사고,0,0,1,0,차대사람 - 횡단중,신호위반,포장 - 건조,맑음,단일로 - 기타,승용,여,21세,상해없음,보행자,여,26세,경상
5585,2018071900100651,2018년 7월 19일 21시,목요일,경기도 오산시 양산동,중상사고,0,1,0,0,차대사람 - 횡단중,보행자보호의무위반,포장 - 건조,맑음,교차로 - 교차로안,승합,남,61세,상해없음,보행자,여,59세,중상
5586,2018071900100653,2018년 7월 19일 21시,목요일,경기도 안산시 단원구 신길동,중상사고,0,1,0,0,차대사람 - 기타,안전운전불이행,포장 - 건조,맑음,주차장 - 주차장,승용,남,47세,상해없음,보행자,여,53세,중상
5587,2018071900100680,2018년 7월 19일 22시,목요일,경기도 부천시 괴안동,중상사고,0,1,0,0,차대사람 - 횡단중,안전운전불이행,포장 - 건조,맑음,단일로 - 기타,승용,남,64세,상해없음,보행자,여,38세,중상
5588,2018071900100721,2018년 7월 19일 23시,목요일,경기도 남양주시 화도읍,경상사고,0,0,1,0,차대사람 - 기타,안전운전불이행,포장 - 건조,맑음,기타 - 기타,승용,남,30세,상해없음,보행자,남,66세,경상
5589,2018072000100048,2018년 7월 20일 04시,금요일,경기도 파주시 금촌동,중상사고,0,1,0,0,차대사람 - 기타,안전운전불이행,포장 - 건조,맑음,기타 - 기타,승용,남,63세,기타불명,보행자,남,22세,중상
5590,2018072000100066,2018년 7월 20일 06시,금요일,경기도 화성시 석우동,경상사고,0,0,1,0,차대사람 - 횡단중,보행자보호의무위반,포장 - 건조,맑음,교차로 - 교차로횡단보도내,승용,여,38세,상해없음,보행자,남,42세,경상
5591,2018072000100119,2018년 7월 20일 08시,금요일,경기도 오산시 궐동,경상사고,0,0,1,0,차대사람 - 기타,안전운전불이행,포장 - 건조,맑음,단일로 - 기타,승용,여,46세,상해없음,보행자,여,34세,경상
5592,2018072000100158,2018년 7월 20일 08시,금요일,경기도 남양주시 화도읍,경상사고,0,0,1,0,차대사람 - 횡단중,안전운전불이행,포장 - 건조,맑음,기타 - 기타,승용,여,50세,상해없음,보행자,남,15세,경상
5593,2018072000100160,2018년 7월 20일 08시,금요일,경기도 동두천시 탑동동,경상사고,0,0,1,0,차대사람 - 기타,안전운전불이행,포장 - 건조,맑음,교차로 - 교차로안,승용,여,22세,상해없음,보행자,남,44세,경상
5594,2018072000100177,2018년 7월 20일 09시,금요일,경기도 수원시 영통구 망포동,경상사고,0,0,1,0,차대사람 - 보도통행중,기타,포장 - 건조,맑음,교차로 - 교차로부근,승용,여,36세,상해없음,보행자,여,27세,경상
5595,2018072000100320,2018년 7월 20일 13시,금요일,경기도 성남시 수정구 시흥동,경상사고,0,0,1,0,차대사람 - 기타,안전운전불이행,포장 - 건조,맑음,단일로 - 기타,승합,남,62세,상해없음,보행자,여,30세,경상
5596,2018072000100326,2018년 7월 20일 13시,금요일,경기도 부천시 원종동,경상사고,0,0,1,0,차대사람 - 길가장자리구역통행중,안전운전불이행,포장 - 건조,맑음,단일로 - 기타,승용,남,67세,상해없음,보행자,여,51세,경상
5597,2018072000100403,2018년 7월 20일 15시,금요일,경기도 안양시 동안구 호계동,중상사고,0,1,0,0,차대사람 - 횡단중,기타,포장 - 건조,맑음,단일로 - 기타,이륜,남,64세,기타불명,보행자,남,7세,중상
5598,2018072000100446,2018년 7월 20일 16시,금요일,경기도 시흥시 은행동,경상사고,0,0,1,0,차대사람 - 기타,불법유턴,포장 - 건조,맑음,단일로 - 기타,승용,남,59세,상해없음,보행자,남,28세,경상
5599,2018072000100496,2018년 7월 20일 17시,금요일,경기도 용인시 처인구 김량장동,경상사고,0,0,1,0,차대사람 - 차도통행중,안전운전불이행,포장 - 건조,맑음,단일로 - 기타,승용,남,60세,상해없음,보행자,여,14세,경상
5600,2018072000100532,2018년 7월 20일 17시,금요일,경기도 의정부시 가능동,경상사고,0,0,1,0,차대사람 - 횡단중,보행자보호의무위반,포장 - 건조,맑음,단일로 - 기타,승합,남,45세,상해없음,보행자,여,27세,경상
5601,2018072000100568,2018년 7월 20일 18시,금요일,경기도 군포시 산본동,경상사고,0,0,1,0,차대사람 - 차도통행중,안전운전불이행,포장 - 건조,맑음,단일로 - 기타,승용,남,74세,상해없음,보행자,여,53세,경상
5602,2018072000100569,2018년 7월 20일 18시,금요일,경기도 시흥시 신천동,경상사고,0,0,1,0,차대사람 - 기타,안전운전불이행,포장 - 건조,맑음,단일로 - 기타,승용,남,32세,상해없음,보행자,남,32세,경상
5603,2018072000100608,2018년 7월 20일 18시,금요일,경기도 남양주시 화도읍,중상사고,0,1,0,0,차대사람 - 횡단중,안전운전불이행,포장 - 건조,맑음,교차로 - 교차로부근,화물,남,58세,기타불명,보행자,남,10세,중상
5604,2018072000100665,2018년 7월 20일 20시,금요일,경기도 안산시 상록구 월피동,중상사고,0,1,0,0,차대사람 - 횡단중,안전운전불이행,포장 - 건조,맑음,교차로 - 교차로안,승용,여,21세,상해없음,보행자,여,79세,중상
5605,2018072000100687,2018년 7월 20일 20시,금요일,경기도 양주시 덕계동,중상사고,0,1,0,0,차대사람 - 횡단중,안전운전불이행,포장 - 건조,맑음,교차로 - 교차로안,이륜,남,23세,상해없음,보행자,남,16세,중상
5606,2018072000100707,2018년 7월 20일 21시,금요일,경기도 안성시 신흥동,경상사고,0,0,1,0,차대사람 - 차도통행중,안전운전불이행,포장 - 건조,맑음,단일로 - 기타,승용,남,61세,상해없음,보행자,남,52세,경상
5607,2018072000100708,2018년 7월 20일 21시,금요일,경기도 안성시 공도읍,경상사고,0,0,1,0,차대사람 - 차도통행중,안전운전불이행,포장 - 건조,흐림,교차로 - 교차로안,승용,여,36세,상해없음,보행자,여,31세,경상
5608,2018072000100711,2018년 7월 20일 21시,금요일,경기도 부천시 괴안동,경상사고,0,0,1,0,차대사람 - 기타,안전운전불이행,포장 - 기타,맑음,단일로 - 기타,이륜,남,22세,상해없음,보행자,여,48세,경상
5609,2018072000100742,2018년 7월 20일 21시,금요일,경기도 양주시 회정동,중상사고,0,1,0,0,차대사람 - 횡단중,안전운전불이행,포장 - 건조,맑음,교차로 - 교차로부근,승용,남,49세,상해없음,보행자,여,67세,중상
5610,2018072000100753,2018년 7월 20일 22시,금요일,경기도 여주시 홍문동,중상사고,0,1,0,0,차대사람 - 기타,안전운전불이행,포장 - 건조,맑음,단일로 - 기타,화물,남,23세,상해없음,보행자,남,23세,중상
5611,2018072000100770,2018년 7월 20일 22시,금요일,경기도 가평군 청평면,중상사고,0,1,0,0,차대사람 - 차도통행중,안전운전불이행,포장 - 건조,맑음,교차로 - 교차로부근,승합,남,55세,상해없음,보행자,여,78세,중상
5612,2018072000100777,2018년 7월 20일 23시,금요일,경기도 용인시 처인구 김량장동,경상사고,0,0,1,0,차대사람 - 길가장자리구역통행중,교차로운행방법위반,포장 - 건조,맑음,교차로 - 교차로부근,승용,남,57세,상해없음,보행자,남,39세,경상
5613,2018072000100782,2018년 7월 20일 23시,금요일,경기도 부천시 원종동,경상사고,0,0,1,0,차대사람 - 보도통행중,보행자보호의무위반,포장 - 건조,맑음,교차로 - 교차로횡단보도내,승용,남,63세,상해없음,보행자,여,41세,경상
5614,2018072000100802,2018년 7월 20일 23시,금요일,경기도 의정부시 낙양동,경상사고,0,0,1,0,차대사람 - 기타,안전운전불이행,포장 - 건조,맑음,단일로 - 기타,승용,남,56세,상해없음,보행자,남,51세,경상
5615,2018072100100039,2018년 7월 21일 01시,토요일,경기도 남양주시 도농동,중상사고,0,1,0,0,차대사람 - 횡단중,안전운전불이행,포장 - 건조,맑음,교차로 - 교차로안,승용,남,26세,상해없음,보행자,남,60세,중상
5616,2018072100100085,2018년 7월 21일 05시,토요일,경기도 평택시 평택동,부상신고사고,0,0,0,1,차대사람 - 기타,안전운전불이행,포장 - 건조,맑음,단일로 - 기타,승용,여,37세,상해없음,보행자,여,36세,부상신고
5617,2018072100100089,2018년 7월 21일 05시,토요일,경기도 용인시 기흥구 마북동,중상사고,0,1,0,0,차대사람 - 차도통행중,안전운전불이행,포장 - 건조,맑음,단일로 - 기타,화물,남,52세,상해없음,보행자,여,89세,중상
5618,2018072100100169,2018년 7월 21일 09시,토요일,경기도 의정부시 의정부동,경상사고,0,0,1,0,차대사람 - 기타,신호위반,포장 - 건조,맑음,교차로 - 교차로안,개인형이동수단(PM),남,23세,상해없음,보행자,남,29세,경상
5619,2018072100100244,2018년 7월 21일 12시,토요일,경기도 수원시 팔달구 우만동,경상사고,0,0,1,0,차대사람 - 차도통행중,안전운전불이행,포장 - 건조,맑음,교차로 - 교차로부근,승용,여,29세,기타불명,보행자,남,23세,경상
5620,2018072100100248,2018년 7월 21일 12시,토요일,경기도 부천시 도당동,경상사고,0,0,1,0,차대사람 - 횡단중,신호위반,포장 - 건조,맑음,교차로 - 교차로횡단보도내,승용,여,50세,상해없음,보행자,여,22세,경상
5621,2018072100100318,2018년 7월 21일 13시,토요일,경기도 고양시 일산동구 백석동,부상신고사고,0,0,0,1,차대사람 - 기타,안전운전불이행,포장 - 건조,맑음,단일로 - 기타,화물,남,41세,상해없음,보행자,남,44세,부상신고
5622,2018072100100327,2018년 7월 21일 14시,토요일,경기도 용인시 기흥구 영덕동,경상사고,0,0,1,0,차대사람 - 횡단중,안전운전불이행,포장 - 건조,맑음,교차로 - 교차로부근,승용,여,37세,상해없음,보행자,여,9세,경상
5623,2018072100100500,2018년 7월 21일 19시,토요일,경기도 광주시 경안동,경상사고,0,0,1,0,차대사람 - 보도통행중,기타,포장 - 건조,맑음,기타 - 기타,승용,남,42세,상해없음,보행자,여,35세,경상
5624,2018072100100504,2018년 7월 21일 19시,토요일,경기도 수원시 팔달구 고등동,경상사고,0,0,1,0,차대사람 - 횡단중,보행자보호의무위반,포장 - 건조,맑음,교차로 - 교차로횡단보도내,화물,남,45세,상해없음,보행자,여,36세,경상
5625,2018072100100528,2018년 7월 21일 20시,토요일,경기도 수원시 장안구 정자동,중상사고,0,1,0,0,차대사람 - 횡단중,보행자보호의무위반,포장 - 건조,맑음,단일로 - 기타,승용,남,41세,상해없음,보행자,여,60세,중상
5626,2018072100100531,2018년 7월 21일 20시,토요일,경기도 평택시 서정동,경상사고,0,0,1,0,차대사람 - 횡단중,안전운전불이행,포장 - 건조,맑음,단일로 - 기타,승용,남,27세,상해없음,보행자,여,78세,경상
5627,2018072100100591,2018년 7월 21일 22시,토요일,경기도 광주시 초월읍,경상사고,0,0,1,0,차대사람 - 기타,안전운전불이행,포장 - 건조,맑음,기타 - 기타,승합,남,57세,상해없음,보행자,여,42세,경상
5628,2018072100100622,2018년 7월 21일 23시,토요일,경기도 화성시 서신면,경상사고,0,0,1,0,차대사람 - 횡단중,안전운전불이행,포장 - 건조,맑음,단일로 - 기타,이륜,남,24세,상해없음,보행자,여,4세,경상
5629,2018072200100023,2018년 7월 22일 01시,일요일,경기도 성남시 중원구 성남동,중상사고,0,1,0,0,차대사람 - 기타,안전운전불이행,포장 - 건조,맑음,교차로 - 교차로부근,승용,남,42세,상해없음,보행자,남,49세,중상
5630,2018072200100050,2018년 7월 22일 04시,일요일,경기도 안산시 단원구 신길동,경상사고,0,0,1,0,차대사람 - 기타,안전운전불이행,포장 - 건조,맑음,단일로 - 기타,승용,남,25세,상해없음,보행자,여,26세,경상
5631,2018072200100061,2018년 7월 22일 05시,일요일,경기도 수원시 팔달구 화서동,중상사고,0,1,0,0,차대사람 - 기타,안전운전불이행,포장 - 건조,맑음,교차로 - 교차로안,승용,남,68세,상해없음,보행자,여,67세,중상
5632,2018072200100073,2018년 7월 22일 06시,일요일,경기도 양평군 양평읍,경상사고,0,0,1,0,차대사람 - 보도통행중,보행자보호의무위반,포장 - 건조,맑음,교차로 - 교차로부근,승용,남,67세,상해없음,보행자,여,62세,경상
5633,2018072200100075,2018년 7월 22일 06시,일요일,경기도 광명시 광명동,중상사고,0,1,0,0,차대사람 - 기타,안전운전불이행,포장 - 건조,맑음,단일로 - 기타,승합,남,42세,상해없음,보행자,남,56세,중상
5634,2018072200100115,2018년 7월 22일 09시,일요일,경기도 성남시 분당구 야탑동,중상사고,0,1,0,0,차대사람 - 기타,안전운전불이행,포장 - 건조,맑음,기타 - 기타,기타불명,기타불명,미분류,기타불명,보행자,여,79세,중상
5635,2018072200100174,2018년 7월 22일 11시,일요일,경기도 남양주시 화도읍,경상사고,0,0,1,0,차대사람 - 차도통행중,안전운전불이행,포장 - 건조,맑음,단일로 - 기타,승용,남,28세,상해없음,보행자,남,63세,경상
5636,2018072200100182,2018년 7월 22일 12시,일요일,경기도 평택시 평택동,경상사고,0,0,1,0,차대사람 - 횡단중,보행자보호의무위반,포장 - 건조,맑음,교차로 - 교차로횡단보도내,승합,여,49세,상해없음,보행자,여,43세,경상
5637,2018072200100245,2018년 7월 22일 14시,일요일,경기도 하남시 창우동,경상사고,0,0,1,0,차대사람 - 기타,안전운전불이행,포장 - 건조,맑음,단일로 - 기타,승용,여,55세,상해없음,보행자,남,60세,경상
5638,2018072200100284,2018년 7월 22일 15시,일요일,경기도 광명시 소하동,중상사고,0,1,0,0,차대사람 - 횡단중,안전운전불이행,포장 - 건조,맑음,단일로 - 기타,승용,남,47세,상해없음,보행자,남,62세,중상
5639,2018072200100286,2018년 7월 22일 15시,일요일,경기도 군포시 산본동,경상사고,0,0,2,0,차대사람 - 기타,안전운전불이행,포장 - 건조,맑음,단일로 - 기타,승용,남,53세,상해없음,보행자,여,12세,경상
5640,2018072200100288,2018년 7월 22일 15시,일요일,경기도 안산시 상록구 부곡동,경상사고,0,0,1,0,차대사람 - 기타,안전운전불이행,포장 - 건조,맑음,단일로 - 기타,승용,남,48세,상해없음,보행자,남,26세,경상
5641,2018072200100319,2018년 7월 22일 16시,일요일,경기도 의정부시 의정부동,경상사고,0,0,1,0,차대사람 - 기타,보행자보호의무위반,포장 - 건조,맑음,교차로 - 교차로횡단보도내,승용,남,42세,상해없음,보행자,남,14세,경상
5642,2018072200100342,2018년 7월 22일 17시,일요일,경기도 시흥시 대야동,경상사고,0,0,1,0,차대사람 - 보도통행중,안전운전불이행,포장 - 건조,맑음,교차로 - 교차로부근,승용,여,43세,상해없음,보행자,여,31세,경상
5643,2018072200100367,2018년 7월 22일 18시,일요일,경기도 안양시 동안구 호계동,경상사고,0,0,1,0,차대사람 - 차도통행중,안전운전불이행,포장 - 건조,맑음,교차로 - 교차로부근,이륜,남,23세,기타불명,보행자,여,16세,경상
5644,2018072200100372,2018년 7월 22일 18시,일요일,경기도 부천시 원종동,부상신고사고,0,0,0,1,차대사람 - 기타,안전운전불이행,포장 - 건조,맑음,단일로 - 기타,승용,남,59세,상해없음,보행자,남,53세,부상신고
5645,2018072200100392,2018년 7월 22일 18시,일요일,경기도 남양주시 별내면,경상사고,0,0,1,0,차대사람 - 기타,안전운전불이행,포장 - 건조,맑음,단일로 - 기타,승용,남,24세,상해없음,보행자,여,26세,경상
5646,2018072200100432,2018년 7월 22일 20시,일요일,경기도 광주시 탄벌동,경상사고,0,0,1,0,차대사람 - 차도통행중,안전운전불이행,포장 - 건조,맑음,교차로 - 교차로부근,승용,남,60세,상해없음,보행자,여,76세,경상
5647,2018072200100433,2018년 7월 22일 20시,일요일,경기도 시흥시 죽율동,부상신고사고,0,0,0,1,차대사람 - 기타,안전운전불이행,포장 - 건조,맑음,단일로 - 기타,기타불명,기타불명,미분류,기타불명,보행자,남,42세,부상신고
5648,2018072200100460,2018년 7월 22일 21시,일요일,경기도 수원시 장안구 연무동,경상사고,0,0,1,0,차대사람 - 차도통행중,안전운전불이행,포장 - 건조,맑음,단일로 - 기타,승용,여,41세,상해없음,보행자,남,34세,경상
5649,2018072200100463,2018년 7월 22일 21시,일요일,경기도 부천시 상동,경상사고,0,0,1,0,차대사람 - 보도통행중,보행자보호의무위반,포장 - 건조,맑음,교차로 - 교차로부근,승용,남,53세,상해없음,보행자,남,32세,경상
5650,2018072200100492,2018년 7월 22일 22시,일요일,경기도 부천시 괴안동,경상사고,0,0,1,0,차대사람 - 기타,안전운전불이행,포장 - 건조,맑음,단일로 - 기타,승용,남,28세,기타불명,보행자,남,61세,경상
5651,2018072300100036,2018년 7월 23일 04시,월요일,경기도 성남시 중원구 성남동,경상사고,0,0,1,0,차대사람 - 길가장자리구역통행중,안전운전불이행,포장 - 건조,맑음,단일로 - 기타,승용,남,49세,상해없음,보행자,남,25세,경상
5652,2018072300100102,2018년 7월 23일 08시,월요일,경기도 평택시 평택동,경상사고,0,0,1,0,차대사람 - 기타,안전운전불이행,포장 - 건조,맑음,단일로 - 기타,승용,남,64세,상해없음,보행자,여,25세,경상
5653,2018072300100106,2018년 7월 23일 08시,월요일,경기도 부천시 소사본동,부상신고사고,0,0,0,1,차대사람 - 기타,안전운전불이행,포장 - 건조,맑음,단일로 - 기타,승용,남,63세,상해없음,보행자,여,32세,부상신고
5654,2018072300100131,2018년 7월 23일 08시,월요일,경기도 고양시 덕양구 화정동,경상사고,0,0,1,0,차대사람 - 횡단중,보행자보호의무위반,포장 - 건조,맑음,교차로 - 교차로횡단보도내,승용,여,36세,상해없음,보행자,남,41세,경상
5655,2018072300100132,2018년 7월 23일 08시,월요일,경기도 남양주시 진접읍,경상사고,0,0,1,0,차대사람 - 횡단중,안전운전불이행,포장 - 건조,맑음,단일로 - 기타,승용,여,57세,상해없음,보행자,여,5세,경상
5656,2018072300100140,2018년 7월 23일 09시,월요일,경기도 수원시 권선구 권선동,경상사고,0,0,1,0,차대사람 - 기타,기타,포장 - 건조,맑음,기타 - 기타,개인형이동수단(PM),남,43세,상해없음,보행자,남,66세,경상
5657,2018072300100178,2018년 7월 23일 10시,월요일,경기도 부천시 내동,경상사고,0,0,1,0,차대사람 - 횡단중,보행자보호의무위반,포장 - 건조,맑음,교차로 - 교차로횡단보도내,승용,남,62세,상해없음,보행자,남,80세,경상
5658,2018072300100211,2018년 7월 23일 11시,월요일,경기도 성남시 분당구 백현동,경상사고,0,0,1,0,차대사람 - 기타,안전운전불이행,포장 - 건조,맑음,교차로 - 교차로횡단보도내,승용,남,41세,상해없음,보행자,남,23세,경상
5659,2018072300100232,2018년 7월 23일 11시,월요일,경기도 의정부시 의정부동,부상신고사고,0,0,0,1,차대사람 - 기타,교차로운행방법위반,포장 - 건조,맑음,교차로 - 교차로안,승용,남,50세,상해없음,보행자,여,57세,부상신고
5660,2018072300100269,2018년 7월 23일 13시,월요일,경기도 화성시 석우동,경상사고,0,0,1,0,차대사람 - 기타,불법유턴,포장 - 건조,맑음,단일로 - 기타,승합,남,68세,상해없음,보행자,여,43세,경상
5661,2018072300100270,2018년 7월 23일 13시,월요일,경기도 수원시 팔달구 인계동,경상사고,0,0,1,0,차대사람 - 횡단중,안전운전불이행,포장 - 건조,맑음,단일로 - 기타,승용,남,25세,상해없음,보행자,여,77세,경상
5662,2018072300100273,2018년 7월 23일 13시,월요일,경기도 부천시 원종동,경상사고,0,0,1,0,차대사람 - 횡단중,안전운전불이행,포장 - 건조,맑음,단일로 - 기타,승용,남,58세,상해없음,보행자,여,47세,경상
5663,2018072300100294,2018년 7월 23일 13시,월요일,경기도 동두천시 지행동,경상사고,0,0,1,0,차대사람 - 기타,신호위반,포장 - 건조,맑음,교차로 - 교차로안,승용,남,78세,상해없음,보행자,여,45세,경상
5664,2018072300100302,2018년 7월 23일 14시,월요일,경기도 수원시 팔달구 우만동,중상사고,0,1,0,0,차대사람 - 횡단중,신호위반,포장 - 건조,맑음,교차로 - 교차로횡단보도내,화물,남,41세,상해없음,보행자,남,75세,중상
5665,2018072300100307,2018년 7월 23일 14시,월요일,경기도 부천시 역곡동,경상사고,0,0,1,0,차대사람 - 기타,안전운전불이행,포장 - 건조,맑음,단일로 - 기타,승용,남,73세,상해없음,보행자,여,57세,경상
5666,2018072300100326,2018년 7월 23일 14시,월요일,경기도 의정부시 금오동,중상사고,0,1,0,0,차대사람 - 횡단중,보행자보호의무위반,포장 - 건조,맑음,단일로 - 기타,승용,여,39세,상해없음,보행자,남,25세,중상
5667,2018072300100342,2018년 7월 23일 15시,월요일,경기도 화성시 우정읍,경상사고,0,0,1,0,차대사람 - 기타,안전운전불이행,포장 - 기타,맑음,교차로 - 교차로안,승용,여,55세,상해없음,보행자,남,86세,경상
5668,2018072300100407,2018년 7월 23일 16시,월요일,경기도 고양시 일산동구 정발산동,중상사고,0,1,0,0,차대사람 - 횡단중,안전운전불이행,포장 - 건조,맑음,교차로 - 교차로부근,승용,여,55세,상해없음,보행자,여,76세,중상
5669,2018072300100409,2018년 7월 23일 16시,월요일,경기도 양주시 덕정동,부상신고사고,0,0,0,1,차대사람 - 보도통행중,안전운전불이행,포장 - 건조,맑음,단일로 - 교량,승용,여,29세,상해없음,보행자,남,60세,부상신고
5670,2018072300100423,2018년 7월 23일 17시,월요일,경기도 안산시 단원구 원곡동,경상사고,0,0,1,0,차대사람 - 횡단중,기타,포장 - 건조,맑음,단일로 - 기타,이륜,남,37세,상해없음,보행자,남,7세,경상
5671,2018072300100468,2018년 7월 23일 18시,월요일,경기도 부천시 도당동,경상사고,0,0,1,0,차대사람 - 기타,안전운전불이행,포장 - 건조,맑음,교차로 - 교차로안,승용,남,56세,상해없음,보행자,남,30세,경상
5672,2018072300100473,2018년 7월 23일 18시,월요일,경기도 시흥시 대야동,경상사고,0,0,1,0,차대사람 - 차도통행중,안전운전불이행,포장 - 건조,맑음,단일로 - 기타,승용,남,59세,상해없음,보행자,여,70세,경상
5673,2018072300100546,2018년 7월 23일 20시,월요일,경기도 용인시 처인구 남사면,경상사고,0,0,1,0,차대사람 - 횡단중,안전운전불이행,비포장 - 건조,맑음,단일로 - 기타,승용,남,59세,상해없음,보행자,남,52세,경상
5674,2018072300100547,2018년 7월 23일 20시,월요일,경기도 오산시 원동,중상사고,0,1,0,0,차대사람 - 보도통행중,보행자보호의무위반,포장 - 건조,맑음,기타 - 기타,승용,남,54세,상해없음,보행자,남,51세,중상
5675,2018072300100633,2018년 7월 23일 23시,월요일,경기도 평택시 장당동,중상사고,0,1,0,0,차대사람 - 횡단중,안전운전불이행,포장 - 건조,맑음,단일로 - 기타,승용,남,28세,상해없음,보행자,여,48세,중상
5676,2018072300100634,2018년 7월 23일 23시,월요일,경기도 수원시 권선구 권선동,중상사고,0,1,0,0,차대사람 - 기타,중앙선침범,포장 - 건조,맑음,단일로 - 기타,승용,남,48세,상해없음,보행자,여,49세,중상
5677,2018072400100073,2018년 7월 24일 07시,화요일,경기도 광주시 역동,중상사고,0,1,0,0,차대사람 - 횡단중,안전운전불이행,포장 - 건조,맑음,교차로 - 교차로안,승용,남,28세,상해없음,보행자,남,76세,중상
5678,2018072400100138,2018년 7월 24일 08시,화요일,경기도 고양시 덕양구 토당동,중상사고,0,1,0,0,차대사람 - 횡단중,보행자보호의무위반,포장 - 건조,맑음,교차로 - 교차로안,승용,남,64세,상해없음,보행자,남,12세,중상
5679,2018072400100153,2018년 7월 24일 09시,화요일,경기도 평택시 용이동,중상사고,0,1,0,0,차대사람 - 횡단중,안전운전불이행,포장 - 건조,맑음,교차로 - 교차로안,승용,여,46세,상해없음,보행자,남,14세,중상