,사고번호,사고일시,요일,시군구,사고내용,사망자수,중상자수,경상자수,부상신고자수,사고유형,법규위반,노면상태,기상상태,도로형태,가해운전자 차종,가해운전자 성별,가해운전자 연령,가해운전자 상해정도,피해운전자 차종,피해운전자 성별,피해운전자 연령,피해운전자 상해정도
5794,2018072900100145,2018년 7월 29일 10시,일요일,경기도 의정부시 가능동,경상사고,0,0,1,0,차대사람 - 횡단중,보행자보호의무위반,포장 - 건조,맑음,교차로 - 교차로안,승용,남,72세,상해없음,보행자,남,52세,경상
5795,2018072900100174,2018년 7월 29일 12시,일요일,경기도 김포시 북변동,중상사고,0,1,0,0,차대사람 - 기타,안전운전불이행,포장 - 건조,맑음,단일로 - 기타,승합,남,50세,상해없음,보행자,여,52세,중상
5796,2018072900100176,2018년 7월 29일 12시,일요일,경기도 수원시 권선구 오목천동,경상사고,0,0,1,0,차대사람 - 기타,안전운전불이행,포장 - 건조,맑음,주차장 - 주차장,승용,남,77세,상해없음,보행자,남,33세,경상
5797,2018072900100293,2018년 7월 29일 16시,일요일,경기도 김포시 풍무동,경상사고,0,0,1,0,차대사람 - 횡단중,안전운전불이행,포장 - 건조,맑음,단일로 - 기타,승용,여,60세,상해없음,보행자,남,61세,경상
5798,2018072900100294,2018년 7월 29일 16시,일요일,경기도 김포시 고촌읍,경상사고,0,0,1,0,차대사람 - 기타,안전운전불이행,포장 - 건조,맑음,교차로 - 교차로부근,기타불명,기타불명,미분류,기타불명,보행자,남,59세,경상
5799,2018072900100395,2018년 7월 29일 19시,일요일,경기도 안산시 단원구 와동,부상신고사고,0,0,0,1,차대사람 - 기타,안전운전불이행,포장 - 건조,맑음,교차로 - 교차로부근,승용,남,62세,상해없음,보행자,남,25세,부상신고
5800,2018072900100419,2018년 7월 29일 20시,일요일,경기도 안성시 석정동,경상사고,0,0,1,0,차대사람 - 기타,보행자보호의무위반,포장 - 건조,기타,단일로 - 기타,이륜,남,47세,상해없음,보행자,남,58세,경상
5801,2018072900100420,2018년 7월 29일 20시,일요일,경기도 군포시 금정동,중상사고,0,2,0,1,차대사람 - 횡단중,신호위반,포장 - 건조,맑음,단일로 - 기타,이륜,남,26세,상해없음,보행자,여,63세,중상
5802,2018072900100449,2018년 7월 29일 20시,일요일,경기도 파주시 동패동,부상신고사고,0,0,0,1,차대사람 - 기타,안전운전불이행,포장 - 건조,맑음,교차로 - 교차로부근,자전거,남,13세,상해없음,보행자,남,4세,부상신고
5803,2018072900100456,2018년 7월 29일 21시,일요일,경기도 광명시 철산동,경상사고,0,0,1,0,차대사람 - 횡단중,안전운전불이행,포장 - 건조,맑음,교차로 - 교차로안,승용,남,43세,상해없음,보행자,여,82세,경상
5804,2018073000100022,2018년 7월 30일 02시,월요일,경기도 부천시 중동,경상사고,0,0,1,0,차대사람 - 기타,안전운전불이행,포장 - 건조,맑음,교차로 - 교차로안,승용,남,62세,상해없음,보행자,남,23세,경상
5805,2018073000100054,2018년 7월 30일 06시,월요일,경기도 광주시 오포읍,경상사고,0,0,1,0,차대사람 - 기타,안전운전불이행,비포장 - 건조,맑음,단일로 - 기타,승용,남,54세,상해없음,보행자,여,67세,경상
5806,2018073000100073,2018년 7월 30일 07시,월요일,경기도 오산시 오산동,경상사고,0,0,1,0,차대사람 - 횡단중,보행자보호의무위반,포장 - 건조,맑음,교차로 - 교차로횡단보도내,승용,남,47세,상해없음,보행자,여,67세,경상
5807,2018073000100088,2018년 7월 30일 07시,월요일,경기도 동두천시 생연동,경상사고,0,0,1,0,차대사람 - 기타,안전운전불이행,포장 - 건조,맑음,단일로 - 기타,승용,남,51세,상해없음,보행자,여,77세,경상
5808,2018073000100089,2018년 7월 30일 07시,월요일,경기도 연천군 신서면,중상사고,0,1,0,0,차대사람 - 횡단중,안전운전불이행,포장 - 건조,맑음,단일로 - 기타,승용,남,26세,상해없음,보행자,여,83세,중상
5809,2018073000100102,2018년 7월 30일 08시,월요일,경기도 과천시 중앙동,경상사고,0,0,1,0,차대사람 - 기타,안전운전불이행,포장 - 건조,맑음,교차로 - 교차로부근,기타불명,기타불명,미분류,기타불명,보행자,여,20세,경상
5810,2018073000100182,2018년 7월 30일 10시,월요일,경기도 용인시 기흥구 보정동,중상사고,0,1,0,0,차대사람 - 횡단중,보행자보호의무위반,포장 - 건조,맑음,단일로 - 기타,화물,남,38세,상해없음,보행자,여,51세,중상
5811,2018073000100213,2018년 7월 30일 11시,월요일,경기도 성남시 중원구 여수동,중상사고,0,1,0,0,차대사람 - 기타,기타,포장 - 건조,맑음,기타 - 기타,화물,여,50세,상해없음,보행자,남,66세,중상
5812,2018073000100246,2018년 7월 30일 11시,월요일,경기도 고양시 일산동구 마두동,경상사고,0,0,1,0,차대사람 - 횡단중,안전운전불이행,포장 - 건조,맑음,교차로 - 교차로안,승용,여,62세,상해없음,보행자,여,19세,경상
5813,2018073000100263,2018년 7월 30일 12시,월요일,경기도 이천시 중리동,경상사고,0,0,1,0,차대사람 - 기타,안전운전불이행,포장 - 건조,맑음,주차장 - 주차장,승용,여,49세,상해없음,보행자,남,66세,경상
5814,2018073000100288,2018년 7월 30일 12시,월요일,경기도 남양주시 호평동,부상신고사고,0,0,0,1,차대사람 - 기타,안전운전불이행,포장 - 건조,맑음,기타 - 기타,승용,여,28세,상해없음,보행자,여,44세,부상신고
5815,2018073000100339,2018년 7월 30일 14시,월요일,경기도 화성시 마도면,중상사고,0,1,0,0,차대사람 - 기타,안전운전불이행,포장 - 건조,맑음,주차장 - 주차장,기타불명,남,44세,상해없음,보행자,여,23세,중상
5816,2018073000100412,2018년 7월 30일 16시,월요일,경기도 부천시 송내동,경상사고,0,0,1,0,차대사람 - 횡단중,안전운전불이행,포장 - 건조,맑음,단일로 - 기타,승용,남,63세,상해없음,보행자,남,8세,경상
5817,2018073000100413,2018년 7월 30일 16시,월요일,경기도 성남시 분당구 삼평동,경상사고,0,0,1,0,차대사람 - 기타,안전운전불이행,포장 - 건조,맑음,기타 - 기타,자전거,남,37세,상해없음,보행자,여,49세,경상
5818,2018073000100416,2018년 7월 30일 16시,월요일,경기도 안산시 상록구 본오동,중상사고,0,1,0,0,차대사람 - 차도통행중,안전운전불이행,포장 - 건조,맑음,단일로 - 기타,화물,남,45세,상해없음,보행자,여,67세,중상
5819,2018073000100450,2018년 7월 30일 17시,월요일,경기도 안양시 동안구 비산동,경상사고,0,0,1,0,차대사람 - 차도통행중,안전운전불이행,포장 - 건조,맑음,단일로 - 기타,승용,남,51세,상해없음,보행자,남,60세,경상
5820,2018073000100451,2018년 7월 30일 17시,월요일,경기도 화성시 진안동,중상사고,0,1,0,0,차대사람 - 횡단중,보행자보호의무위반,포장 - 건조,맑음,교차로 - 교차로부근,승용,여,43세,상해없음,보행자,여,72세,중상
5821,2018073000100456,2018년 7월 30일 17시,월요일,경기도 수원시 팔달구 인계동,경상사고,0,0,1,0,차대사람 - 기타,신호위반,포장 - 건조,맑음,단일로 - 기타,승용,남,39세,상해없음,보행자,남,56세,경상
5822,2018073000100504,2018년 7월 30일 18시,월요일,경기도 용인시 처인구 김량장동,중상사고,0,1,0,0,차대사람 - 횡단중,보행자보호의무위반,포장 - 건조,맑음,교차로 - 교차로횡단보도내,화물,남,54세,상해없음,보행자,남,48세,중상
5823,2018073000100510,2018년 7월 30일 18시,월요일,경기도 용인시 수지구 풍덕천동,부상신고사고,0,0,0,1,차대사람 - 기타,안전운전불이행,포장 - 건조,맑음,단일로 - 기타,승용,여,37세,상해없음,보행자,남,8세,부상신고
5824,2018073000100540,2018년 7월 30일 18시,월요일,경기도 남양주시 진접읍,경상사고,0,0,1,0,차대사람 - 차도통행중,안전운전불이행,포장 - 건조,맑음,단일로 - 기타,승용,여,56세,상해없음,보행자,여,78세,경상
5825,2018073000100555,2018년 7월 30일 19시,월요일,경기도 용인시 처인구 삼가동,경상사고,0,0,2,0,차대사람 - 기타,안전운전불이행,포장 - 건조,맑음,기타 - 기타,승용,여,45세,상해없음,보행자,여,60세,경상
5826,2018073000100558,2018년 7월 30일 19시,월요일,경기도 안양시 만안구 안양동,경상사고,0,0,1,0,차대사람 - 기타,기타,포장 - 건조,맑음,단일로 - 기타,승합,여,54세,상해없음,보행자,여,41세,경상
5827,2018073000100579,2018년 7월 30일 20시,월요일,경기도 수원시 팔달구 우만동,경상사고,0,0,1,0,차대사람 - 기타,안전운전불이행,포장 - 건조,맑음,단일로 - 기타,이륜,남,62세,상해없음,보행자,남,68세,경상
5828,2018073000100582,2018년 7월 30일 20시,월요일,경기도 군포시 당정동,경상사고,0,0,1,0,차대사람 - 차도통행중,안전운전불이행,포장 - 건조,맑음,교차로 - 교차로부근,승용,남,60세,상해없음,보행자,남,45세,경상
5829,2018073000100636,2018년 7월 30일 21시,월요일,경기도 남양주시 별내면,경상사고,0,0,1,0,차대사람 - 횡단중,보행자보호의무위반,포장 - 건조,맑음,교차로 - 교차로안,승합,남,46세,상해없음,보행자,남,50세,경상
5830,2018073000100663,2018년 7월 30일 22시,월요일,경기도 의정부시 의정부동,중상사고,0,1,0,0,차대사람 - 기타,안전운전불이행,포장 - 건조,맑음,단일로 - 기타,이륜,남,22세,상해없음,보행자,남,57세,중상
5831,2018073100100077,2018년 7월 31일 07시,화요일,경기도 부천시 괴안동,경상사고,0,0,1,0,차대사람 - 기타,안전운전불이행,포장 - 건조,맑음,단일로 - 기타,승용,남,30세,상해없음,보행자,여,23세,경상
5832,2018073100100078,2018년 7월 31일 07시,화요일,경기도 광명시 철산동,경상사고,0,0,1,0,차대사람 - 횡단중,안전운전불이행,포장 - 건조,맑음,단일로 - 기타,승용,남,61세,상해없음,보행자,남,40세,경상
5833,2018073100100101,2018년 7월 31일 08시,화요일,경기도 수원시 장안구 조원동,중상사고,0,1,0,0,차대사람 - 기타,신호위반,포장 - 건조,맑음,교차로 - 교차로안,승용,남,27세,상해없음,보행자,남,82세,중상
5834,2018073100100128,2018년 7월 31일 08시,화요일,경기도 포천시 소흘읍,경상사고,0,0,1,0,차대사람 - 차도통행중,안전운전불이행,포장 - 건조,맑음,단일로 - 기타,승용,여,51세,상해없음,보행자,여,24세,경상
5835,2018073100100138,2018년 7월 31일 09시,화요일,경기도 평택시 지산동,경상사고,0,0,1,0,차대사람 - 횡단중,안전운전불이행,포장 - 건조,맑음,교차로 - 교차로안,화물,남,46세,상해없음,보행자,남,48세,경상
5836,2018073100100161,2018년 7월 31일 09시,화요일,경기도 고양시 일산동구 중산동,중상사고,0,1,0,0,차대사람 - 횡단중,신호위반,포장 - 건조,맑음,단일로 - 기타,승용,남,44세,상해없음,보행자,여,21세,중상
5837,2018073100100173,2018년 7월 31일 10시,화요일,경기도 수원시 장안구 영화동,경상사고,0,0,1,0,차대사람 - 횡단중,안전운전불이행,포장 - 건조,맑음,단일로 - 기타,승용,여,50세,상해없음,보행자,여,72세,경상
5838,2018073100100174,2018년 7월 31일 10시,화요일,경기도 용인시 기흥구 보라동,중상사고,0,1,0,0,차대사람 - 횡단중,보행자보호의무위반,포장 - 건조,맑음,교차로 - 교차로안,승용,여,53세,상해없음,보행자,여,19세,중상
5839,2018073100100178,2018년 7월 31일 10시,화요일,경기도 안산시 상록구 성포동,중상사고,0,1,0,0,차대사람 - 횡단중,신호위반,포장 - 건조,맑음,단일로 - 기타,승용,여,53세,상해없음,보행자,여,80세,중상
5840,2018073100100227,2018년 7월 31일 11시,화요일,경기도 동두천시 지행동,중상사고,0,1,0,0,차대사람 - 기타,안전운전불이행,포장 - 건조,맑음,단일로 - 기타,승용,여,37세,상해없음,보행자,여,12세,중상
5841,2018073100100268,2018년 7월 31일 12시,화요일,경기도 의정부시 호원동,중상사고,0,1,0,0,차대사람 - 기타,기타,포장 - 건조,맑음,교차로 - 교차로안,화물,남,49세,상해없음,보행자,여,11세,중상
5842,2018073100100456,2018년 7월 31일 18시,화요일,경기도 평택시 평택동,경상사고,0,0,1,0,차대사람 - 횡단중,보행자보호의무위반,포장 - 건조,맑음,교차로 - 교차로횡단보도내,승용,여,55세,상해없음,보행자,여,57세,경상
5843,2018073100100489,2018년 7월 31일 18시,화요일,경기도 파주시 문발동,경상사고,0,0,1,0,차대사람 - 기타,안전운전불이행,포장 - 건조,맑음,주차장 - 주차장,승용,남,40세,상해없음,보행자,남,53세,경상
5844,2018073100100538,2018년 7월 31일 20시,화요일,경기도 용인시 기흥구 동백동,경상사고,0,0,2,0,차대사람 - 기타,안전운전불이행,포장 - 건조,맑음,교차로 - 교차로안,승용,남,57세,상해없음,보행자,남,49세,경상
5845,2018073100100540,2018년 7월 31일 20시,화요일,경기도 수원시 영통구 영통동,중상사고,0,1,0,0,차대사람 - 차도통행중,안전운전불이행,포장 - 건조,맑음,단일로 - 기타,승용,남,44세,상해없음,보행자,남,50세,중상
5846,2018073100100575,2018년 7월 31일 21시,화요일,경기도 시흥시 신천동,사망사고,1,0,0,0,차대사람 - 차도통행중,안전운전불이행,포장 - 건조,맑음,단일로 - 기타,승용,여,56세,상해없음,보행자,남,61세,사망
5847,2018080100100024,2018년 8월 1일 01시,수요일,경기도 수원시 팔달구 매산로1가,중상사고,0,1,0,0,차대사람 - 횡단중,안전운전불이행,포장 - 건조,흐림,교차로 - 교차로안,승용,남,25세,상해없음,보행자,남,18세,중상
5848,2018080100100079,2018년 8월 1일 06시,수요일,경기도 광명시 광명동,경상사고,0,0,1,0,차대사람 - 길가장자리구역통행중,안전운전불이행,포장 - 건조,맑음,단일로 - 기타,승용,남,30세,상해없음,보행자,남,52세,경상
5849,2018080100100129,2018년 8월 1일 08시,수요일,경기도 성남시 분당구 정자동,경상사고,0,0,1,0,차대사람 - 기타,안전운전불이행,포장 - 건조,맑음,기타 - 기타,승용,남,31세,상해없음,보행자,여,28세,경상
5850,2018080100100158,2018년 8월 1일 09시,수요일,경기도 평택시 비전동,중상사고,0,1,0,0,차대사람 - 횡단중,보행자보호의무위반,포장 - 건조,맑음,단일로 - 기타,이륜,남,29세,상해없음,보행자,여,69세,중상
5851,2018080100100160,2018년 8월 1일 09시,수요일,경기도 부천시 원미동,중상사고,0,1,0,0,차대사람 - 기타,안전운전불이행,포장 - 건조,맑음,단일로 - 기타,승합,여,53세,상해없음,보행자,남,78세,중상
5852,2018080100100161,2018년 8월 1일 09시,수요일,경기도 성남시 분당구 구미동,경상사고,0,0,1,0,차대사람 - 차도통행중,안전운전불이행,포장 - 건조,맑음,단일로 - 기타,승용,여,55세,상해없음,보행자,남,26세,경상
5853,2018080100100189,2018년 8월 1일 09시,수요일,경기도 남양주시 지금동,경상사고,0,0,1,0,차대사람 - 기타,안전운전불이행,포장 - 건조,맑음,단일로 - 기타,승합,남,37세,상해없음,보행자,여,55세,경상
5854,2018080100100219,2018년 8월 1일 10시,수요일,경기도 가평군 조종면,경상사고,0,0,1,0,차대사람 - 기타,안전운전불이행,포장 - 건조,맑음,단일로 - 기타,승용,남,51세,상해없음,보행자,남,56세,경상
5855,2018080100100230,2018년 8월 1일 11시,수요일,경기도 수원시 영통구 영통동,중상사고,0,1,0,0,차대사람 - 보도통행중,기타,포장 - 건조,맑음,단일로 - 기타,이륜,남,56세,상해없음,보행자,여,76세,중상
5856,2018080100100322,2018년 8월 1일 13시,수요일,경기도 파주시 문산읍,경상사고,0,0,1,0,차대사람 - 기타,안전운전불이행,포장 - 건조,맑음,단일로 - 기타,승용,남,78세,상해없음,보행자,남,57세,경상
5857,2018080100100329,2018년 8월 1일 14시,수요일,경기도 안성시 서인동,부상신고사고,0,0,0,1,차대사람 - 기타,안전운전불이행,포장 - 건조,맑음,단일로 - 기타,승용,남,59세,상해없음,보행자,남,33세,부상신고
5858,2018080100100400,2018년 8월 1일 16시,수요일,경기도 안양시 동안구 관양동,경상사고,0,0,1,0,차대사람 - 기타,기타,포장 - 건조,맑음,교차로 - 교차로부근,승합,남,51세,상해없음,보행자,여,56세,경상
5859,2018080100100452,2018년 8월 1일 17시,수요일,경기도 성남시 중원구 중앙동,중상사고,0,1,0,0,차대사람 - 기타,보행자보호의무위반,포장 - 건조,맑음,단일로 - 기타,승합,남,47세,상해없음,보행자,여,66세,중상
5860,2018080100100496,2018년 8월 1일 18시,수요일,경기도 부천시 상동,경상사고,0,0,1,0,차대사람 - 기타,안전운전불이행,포장 - 건조,맑음,교차로 - 교차로부근,승용,남,80세,상해없음,보행자,남,35세,경상
5861,2018080100100560,2018년 8월 1일 20시,수요일,경기도 안성시 일죽면,중상사고,0,1,0,0,차대사람 - 차도통행중,안전운전불이행,포장 - 건조,맑음,단일로 - 기타,승용,남,32세,상해없음,보행자,여,71세,중상
5862,2018080100100587,2018년 8월 1일 20시,수요일,경기도 고양시 일산동구 백석동,경상사고,0,0,1,0,차대사람 - 기타,안전운전불이행,포장 - 건조,맑음,단일로 - 기타,자전거,남,37세,상해없음,보행자,여,36세,경상
5863,2018080100100598,2018년 8월 1일 21시,수요일,경기도 시흥시 신천동,중상사고,0,1,0,0,차대사람 - 차도통행중,안전운전불이행,포장 - 건조,맑음,단일로 - 기타,승합,여,45세,상해없음,보행자,여,69세,중상
5864,2018080100100628,2018년 8월 1일 22시,수요일,경기도 평택시 평택동,중상사고,0,1,0,0,차대사람 - 기타,안전운전불이행,포장 - 건조,맑음,교차로 - 교차로안,승용,남,25세,상해없음,보행자,남,35세,중상
5865,2018080200100007,2018년 8월 2일 00시,목요일,경기도 안산시 상록구 팔곡이동,경상사고,0,0,1,0,차대사람 - 횡단중,안전운전불이행,포장 - 건조,맑음,단일로 - 기타,승용,여,56세,상해없음,보행자,남,59세,경상
5866,2018080200100058,2018년 8월 2일 05시,목요일,경기도 안산시 단원구 선부동,경상사고,0,0,1,0,차대사람 - 보도통행중,안전운전불이행,포장 - 건조,맑음,단일로 - 기타,승용,여,51세,상해없음,보행자,남,27세,경상
5867,2018080200100092,2018년 8월 2일 07시,목요일,경기도 용인시 수지구 풍덕천동,중상사고,0,1,0,0,차대사람 - 횡단중,보행자보호의무위반,포장 - 건조,맑음,교차로 - 교차로안,승용,남,49세,상해없음,보행자,여,69세,중상
5868,2018080200100108,2018년 8월 2일 07시,목요일,경기도 고양시 덕양구 고양동,경상사고,0,0,1,0,차대사람 - 횡단중,안전운전불이행,포장 - 건조,맑음,교차로 - 교차로안,승용,남,58세,상해없음,보행자,여,25세,경상
5869,2018080200100123,2018년 8월 2일 08시,목요일,경기도 수원시 팔달구 화서동,경상사고,0,0,1,0,차대사람 - 기타,교차로운행방법위반,포장 - 건조,맑음,교차로 - 교차로안,승용,남,56세,상해없음,보행자,여,74세,경상
5870,2018080200100127,2018년 8월 2일 08시,목요일,경기도 수원시 영통구 이의동,경상사고,0,0,1,0,차대사람 - 기타,안전운전불이행,포장 - 건조,맑음,단일로 - 기타,자전거,남,72세,상해없음,보행자,여,49세,경상
5871,2018080200100174,2018년 8월 2일 09시,목요일,경기도 성남시 분당구 이매동,경상사고,0,0,1,0,차대사람 - 기타,신호위반,포장 - 건조,맑음,기타 - 기타,승용,남,67세,상해없음,보행자,남,68세,경상
5872,2018080200100231,2018년 8월 2일 11시,목요일,경기도 성남시 중원구 상대원동,중상사고,0,1,0,0,차대사람 - 횡단중,보행자보호의무위반,포장 - 건조,맑음,단일로 - 기타,승용,남,76세,상해없음,보행자,남,11세,중상
5873,2018080200100233,2018년 8월 2일 11시,목요일,경기도 하남시 신장동,경상사고,0,0,1,0,차대사람 - 횡단중,안전운전불이행,포장 - 건조,맑음,교차로 - 교차로횡단보도내,승용,남,51세,상해없음,보행자,여,66세,경상
5874,2018080200100247,2018년 8월 2일 11시,목요일,경기도 남양주시 별내면,경상사고,0,0,1,0,차대사람 - 기타,안전운전불이행,포장 - 건조,맑음,단일로 - 기타,승용,남,53세,상해없음,보행자,남,21세,경상
5875,2018080200100258,2018년 8월 2일 12시,목요일,경기도 수원시 장안구 정자동,중상사고,0,1,0,0,차대사람 - 기타,교차로운행방법위반,포장 - 건조,맑음,교차로 - 교차로부근,승용,남,39세,상해없음,보행자,남,74세,중상
5876,2018080200100293,2018년 8월 2일 13시,목요일,경기도 평택시 서정동,경상사고,0,0,1,0,차대사람 - 횡단중,안전운전불이행,포장 - 건조,맑음,교차로 - 교차로안,승용,남,22세,상해없음,보행자,여,15세,경상
5877,2018080200100467,2018년 8월 2일 18시,목요일,경기도 여주시 금사면,중상사고,0,1,0,0,차대사람 - 기타,안전운전불이행,포장 - 건조,맑음,단일로 - 기타,승합,남,62세,상해없음,보행자,여,58세,중상
5878,2018080200100472,2018년 8월 2일 18시,목요일,경기도 하남시 신장동,중상사고,0,1,1,0,차대사람 - 횡단중,안전운전불이행,포장 - 건조,맑음,교차로 - 교차로안,이륜,남,18세,경상,보행자,여,50세,중상
5879,2018080200100508,2018년 8월 2일 19시,목요일,경기도 수원시 팔달구 우만동,중상사고,0,1,0,0,차대사람 - 횡단중,보행자보호의무위반,포장 - 건조,맑음,단일로 - 기타,승용,남,60세,상해없음,보행자,남,51세,중상
5880,2018080200100541,2018년 8월 2일 20시,목요일,경기도 광주시 오포읍,경상사고,0,0,1,0,차대사람 - 기타,안전운전불이행,포장 - 건조,맑음,교차로 - 교차로안,승용,여,40세,상해없음,보행자,남,4세,경상
5881,2018080200100542,2018년 8월 2일 20시,목요일,경기도 화성시 반송동,사망사고,1,0,0,0,차대사람 - 기타,과속,포장 - 건조,맑음,교차로 - 교차로횡단보도내,승용,남,59세,상해없음,보행자,여,22세,사망
5882,2018080200100543,2018년 8월 2일 20시,목요일,경기도 화성시 반송동,경상사고,0,0,1,0,차대사람 - 횡단중,보행자보호의무위반,포장 - 건조,맑음,교차로 - 교차로횡단보도내,승용,남,69세,상해없음,보행자,남,21세,경상
5883,2018080200100600,2018년 8월 2일 22시,목요일,경기도 수원시 장안구 조원동,경상사고,0,0,1,0,차대사람 - 차도통행중,안전운전불이행,포장 - 건조,맑음,단일로 - 기타,이륜,남,33세,상해없음,보행자,여,83세,경상
5884,2018080200100603,2018년 8월 2일 22시,목요일,경기도 군포시 당동,경상사고,0,0,1,0,차대사람 - 기타,안전운전불이행,포장 - 건조,맑음,단일로 - 기타,승용,남,61세,상해없음,보행자,여,23세,경상
5885,2018080200100604,2018년 8월 2일 22시,목요일,경기도 시흥시 정왕동,중상사고,0,1,0,0,차대사람 - 기타,안전운전불이행,포장 - 건조,맑음,교차로 - 교차로부근,승합,남,41세,상해없음,보행자,남,47세,중상
5886,2018080200100625,2018년 8월 2일 23시,목요일,경기도 성남시 수정구 신흥동,중상사고,0,1,0,0,차대사람 - 기타,안전운전불이행,포장 - 건조,맑음,단일로 - 기타,화물,남,49세,상해없음,보행자,여,59세,중상
5887,2018080300100021,2018년 8월 3일 01시,금요일,경기도 화성시 반송동,경상사고,0,0,1,0,차대사람 - 기타,보행자보호의무위반,포장 - 건조,맑음,교차로 - 교차로횡단보도내,승용,여,33세,상해없음,보행자,남,49세,경상
5888,2018080300100055,2018년 8월 3일 05시,금요일,경기도 오산시 고현동,중상사고,0,2,0,0,차대사람 - 횡단중,안전운전불이행,포장 - 건조,맑음,교차로 - 교차로부근,승합,남,37세,기타불명,보행자,남,32세,중상
5889,2018080300100099,2018년 8월 3일 08시,금요일,경기도 성남시 수정구 태평동,경상사고,0,0,1,0,차대사람 - 기타,안전운전불이행,포장 - 건조,맑음,단일로 - 기타,승합,남,51세,상해없음,보행자,여,50세,경상
5890,2018080300100164,2018년 8월 3일 10시,금요일,경기도 김포시 구래동,경상사고,0,0,1,0,차대사람 - 기타,기타,포장 - 건조,맑음,기타 - 기타,승합,남,38세,상해없음,보행자,여,48세,경상
5891,2018080300100248,2018년 8월 3일 12시,금요일,경기도 파주시 동패동,경상사고,0,0,1,0,차대사람 - 기타,안전운전불이행,포장 - 건조,맑음,단일로 - 기타,이륜,남,55세,상해없음,보행자,남,7세,경상
5892,2018080300100301,2018년 8월 3일 14시,금요일,경기도 광명시 가학동,중상사고,0,1,0,0,차대사람 - 기타,안전운전불이행,포장 - 건조,맑음,교차로 - 교차로안,승용,여,56세,상해없음,보행자,남,51세,중상
5893,2018080300100335,2018년 8월 3일 15시,금요일,경기도 성남시 중원구 성남동,경상사고,0,0,1,0,차대사람 - 횡단중,안전운전불이행,포장 - 건조,맑음,교차로 - 교차로횡단보도내,이륜,남,18세,상해없음,보행자,여,76세,경상
5894,2018080300100368,2018년 8월 3일 16시,금요일,경기도 성남시 중원구 성남동,경상사고,0,0,1,0,차대사람 - 기타,안전운전불이행,포장 - 건조,맑음,단일로 - 기타,화물,남,60세,상해없음,보행자,남,53세,경상
5895,2018080300100394,2018년 8월 3일 16시,금요일,경기도 고양시 덕양구 동산동,경상사고,0,0,1,0,차대사람 - 기타,안전운전불이행,포장 - 건조,맑음,교차로 - 교차로안,승용,남,82세,상해없음,보행자,여,27세,경상
5896,2018080300100450,2018년 8월 3일 18시,금요일,경기도 성남시 분당구 삼평동,경상사고,0,0,1,0,차대사람 - 보도통행중,안전운전불이행,포장 - 건조,맑음,기타 - 기타,개인형이동수단(PM),남,14세,상해없음,보행자,여,28세,경상
5897,2018080300100496,2018년 8월 3일 19시,금요일,경기도 안산시 단원구 원곡동,경상사고,0,0,1,0,차대사람 - 기타,안전운전불이행,포장 - 건조,맑음,단일로 - 기타,자전거,남,36세,상해없음,보행자,여,31세,경상
5898,2018080300100524,2018년 8월 3일 20시,금요일,경기도 광주시 오포읍,경상사고,0,0,1,0,차대사람 - 기타,안전운전불이행,포장 - 건조,맑음,교차로 - 교차로안,승용,남,28세,상해없음,보행자,남,22세,경상
5899,2018080300100525,2018년 8월 3일 20시,금요일,경기도 수원시 팔달구 매산로1가,경상사고,0,0,1,0,차대사람 - 기타,안전운전불이행,포장 - 건조,맑음,단일로 - 기타,승합,남,60세,상해없음,보행자,남,21세,경상
5900,2018080300100527,2018년 8월 3일 20시,금요일,경기도 의왕시 이동,사망사고,1,0,0,0,차대사람 - 차도통행중,안전운전불이행,포장 - 건조,맑음,교차로 - 교차로부근,승용,남,46세,상해없음,보행자,남,71세,사망
5901,2018080300100555,2018년 8월 3일 21시,금요일,경기도 광주시 역동,경상사고,0,0,1,0,차대사람 - 횡단중,보행자보호의무위반,포장 - 건조,맑음,교차로 - 교차로횡단보도내,승용,남,51세,상해없음,보행자,남,59세,경상
5902,2018080300100557,2018년 8월 3일 21시,금요일,경기도 용인시 처인구 김량장동,사망사고,1,0,0,0,차대사람 - 횡단중,보행자보호의무위반,포장 - 건조,맑음,교차로 - 교차로횡단보도내,승용,남,23세,상해없음,보행자,여,55세,사망
5903,2018080300100591,2018년 8월 3일 22시,금요일,경기도 화성시 봉담읍,사망사고,1,0,0,0,차대사람 - 횡단중,신호위반,포장 - 건조,맑음,교차로 - 교차로부근,승합,남,58세,상해없음,보행자,여,13세,사망
5904,2018080400100024,2018년 8월 4일 00시,토요일,경기도 의정부시 의정부동,경상사고,0,0,1,0,차대사람 - 차도통행중,보행자보호의무위반,포장 - 기타,맑음,교차로 - 교차로부근,승용,남,61세,상해없음,보행자,남,23세,경상
5905,2018080400100199,2018년 8월 4일 11시,토요일,경기도 평택시 포승읍,중상사고,0,1,0,0,차대사람 - 차도통행중,안전운전불이행,포장 - 건조,맑음,단일로 - 기타,승용,남,35세,상해없음,보행자,남,50세,중상
5906,2018080400100228,2018년 8월 4일 12시,토요일,경기도 김포시 대곶면,경상사고,0,0,1,0,차대사람 - 기타,안전운전불이행,포장 - 건조,맑음,기타 - 기타,승용,여,29세,상해없음,보행자,남,66세,경상
5907,2018080400100229,2018년 8월 4일 12시,토요일,경기도 화성시 진안동,경상사고,0,0,1,0,차대사람 - 기타,신호위반,포장 - 건조,맑음,교차로 - 교차로횡단보도내,승용,남,55세,상해없음,보행자,남,10세,경상