,사고번호,사고일시,요일,시군구,사고내용,사망자수,중상자수,경상자수,부상신고자수,사고유형,법규위반,노면상태,기상상태,도로형태,가해운전자 차종,가해운전자 성별,가해운전자 연령,가해운전자 상해정도,피해운전자 차종,피해운전자 성별,피해운전자 연령,피해운전자 상해정도
5908,2018080400100252,2018년 8월 4일 12시,토요일,경기도 동두천시 생연동,경상사고,0,0,1,0,차대사람 - 기타,안전운전불이행,포장 - 건조,맑음,교차로 - 교차로안,승용,남,68세,상해없음,보행자,남,86세,경상
5909,2018080400100258,2018년 8월 4일 13시,토요일,경기도 부천시 역곡동,경상사고,0,0,1,0,차대사람 - 기타,신호위반,포장 - 건조,맑음,교차로 - 교차로횡단보도내,승합,남,62세,상해없음,보행자,여,58세,경상
5910,2018080400100259,2018년 8월 4일 13시,토요일,경기도 수원시 권선구 권선동,중상사고,0,1,0,0,차대사람 - 횡단중,신호위반,포장 - 건조,맑음,교차로 - 교차로횡단보도내,승용,여,38세,상해없음,보행자,여,61세,중상
5911,2018080400100310,2018년 8월 4일 14시,토요일,경기도 파주시 동패동,중상사고,0,1,0,0,차대사람 - 횡단중,보행자보호의무위반,포장 - 건조,맑음,교차로 - 교차로부근,승용,남,47세,상해없음,보행자,여,17세,중상
5912,2018080400100317,2018년 8월 4일 15시,토요일,경기도 부천시 심곡본동,경상사고,0,0,1,1,차대사람 - 기타,안전운전불이행,포장 - 기타,맑음,교차로 - 교차로안,승용,여,20세,상해없음,보행자,여,82세,경상
5913,2018080400100318,2018년 8월 4일 15시,토요일,경기도 시흥시 거모동,경상사고,0,0,1,0,차대사람 - 차도통행중,안전운전불이행,포장 - 건조,맑음,단일로 - 기타,승합,여,49세,상해없음,보행자,남,14세,경상
5914,2018080400100334,2018년 8월 4일 15시,토요일,경기도 고양시 일산동구 장항동,경상사고,0,0,1,0,차대사람 - 횡단중,안전운전불이행,포장 - 건조,맑음,교차로 - 교차로안,기타불명,기타불명,미분류,기타불명,보행자,남,39세,경상
5915,2018080400100374,2018년 8월 4일 17시,토요일,경기도 안양시 동안구 호계동,경상사고,0,0,1,0,차대사람 - 기타,기타,포장 - 건조,맑음,교차로 - 교차로안,승합,남,52세,상해없음,보행자,남,29세,경상
5916,2018080400100375,2018년 8월 4일 17시,토요일,경기도 김포시 통진읍,경상사고,0,0,1,0,차대사람 - 기타,안전운전불이행,포장 - 건조,맑음,기타 - 기타,승용,여,28세,상해없음,보행자,여,38세,경상
5917,2018080400100406,2018년 8월 4일 18시,토요일,경기도 평택시 포승읍,경상사고,0,0,1,0,차대사람 - 기타,안전운전불이행,포장 - 건조,맑음,단일로 - 기타,승용,남,50세,상해없음,보행자,남,35세,경상
5918,2018080400100408,2018년 8월 4일 18시,토요일,경기도 이천시 창전동,중상사고,0,1,0,0,차대사람 - 기타,보행자보호의무위반,포장 - 건조,맑음,교차로 - 교차로안,화물,여,41세,상해없음,보행자,남,26세,중상
5919,2018080400100410,2018년 8월 4일 18시,토요일,경기도 부천시 심곡동,경상사고,0,0,1,0,차대사람 - 길가장자리구역통행중,안전운전불이행,포장 - 건조,맑음,단일로 - 기타,승용,남,23세,상해없음,보행자,여,22세,경상
5920,2018080400100411,2018년 8월 4일 18시,토요일,경기도 수원시 권선구 권선동,부상신고사고,0,0,0,1,차대사람 - 차도통행중,안전운전불이행,포장 - 건조,맑음,교차로 - 교차로부근,승용,여,48세,상해없음,보행자,여,1세,부상신고
5921,2018080400100439,2018년 8월 4일 19시,토요일,경기도 성남시 분당구 구미동,경상사고,0,0,1,0,차대사람 - 기타,기타,포장 - 건조,맑음,교차로 - 교차로부근,승합,남,50세,상해없음,보행자,여,79세,경상
5922,2018080400100515,2018년 8월 4일 21시,토요일,경기도 양주시 장흥면,경상사고,0,0,1,0,차대사람 - 기타,안전운전불이행,포장 - 건조,맑음,단일로 - 기타,승용,남,55세,상해없음,보행자,남,42세,경상
5923,2018080400100560,2018년 8월 4일 23시,토요일,경기도 구리시 교문동,경상사고,0,0,1,0,차대사람 - 기타,안전운전불이행,포장 - 건조,맑음,단일로 - 기타,승용,남,60세,상해없음,보행자,남,52세,경상
5924,2018080400100561,2018년 8월 4일 23시,토요일,경기도 포천시 소흘읍,중상사고,0,1,0,0,차대사람 - 기타,안전운전불이행,포장 - 건조,맑음,단일로 - 기타,승용,남,27세,상해없음,보행자,남,38세,중상
5925,2018080500100057,2018년 8월 5일 04시,일요일,경기도 시흥시 정왕동,경상사고,0,0,1,0,차대사람 - 기타,안전운전불이행,포장 - 건조,맑음,교차로 - 교차로안,승용,여,29세,상해없음,보행자,남,21세,경상
5926,2018080500100058,2018년 8월 5일 04시,일요일,경기도 안산시 상록구 본오동,사망사고,1,0,0,0,차대사람 - 차도통행중,안전운전불이행,포장 - 건조,맑음,단일로 - 기타,승용,남,40세,상해없음,보행자,남,84세,사망
5927,2018080500100082,2018년 8월 5일 06시,일요일,경기도 남양주시 진건읍,경상사고,0,0,1,0,차대사람 - 차도통행중,안전운전불이행,포장 - 건조,맑음,단일로 - 기타,자전거,여,57세,상해없음,보행자,여,79세,경상
5928,2018080500100133,2018년 8월 5일 10시,일요일,경기도 성남시 중원구 은행동,경상사고,0,0,1,0,차대사람 - 기타,안전운전불이행,포장 - 건조,맑음,단일로 - 기타,이륜,남,37세,상해없음,보행자,여,10세,경상
5929,2018080500100169,2018년 8월 5일 11시,일요일,경기도 의정부시 신곡동,중상사고,0,1,0,0,차대사람 - 횡단중,신호위반,포장 - 건조,맑음,교차로 - 교차로횡단보도내,승용,남,63세,상해없음,보행자,남,13세,중상
5930,2018080500100199,2018년 8월 5일 13시,일요일,경기도 용인시 처인구 역북동,경상사고,0,0,1,0,차대사람 - 횡단중,보행자보호의무위반,포장 - 건조,맑음,단일로 - 기타,승용,남,58세,상해없음,보행자,여,20세,경상
5931,2018080500100233,2018년 8월 5일 14시,일요일,경기도 평택시 통복동,경상사고,0,0,1,0,차대사람 - 기타,안전운전불이행,포장 - 건조,맑음,단일로 - 기타,승용,남,27세,상해없음,보행자,여,27세,경상
5932,2018080500100289,2018년 8월 5일 15시,일요일,경기도 의정부시 의정부동,중상사고,0,1,0,0,차대사람 - 횡단중,안전운전불이행,포장 - 건조,맑음,단일로 - 기타,원동기,남,36세,상해없음,보행자,여,22세,중상
5933,2018080500100325,2018년 8월 5일 17시,일요일,경기도 화성시 병점동,중상사고,0,1,0,0,차대사람 - 횡단중,보행자보호의무위반,포장 - 건조,맑음,교차로 - 교차로안,승용,남,51세,상해없음,보행자,여,75세,중상
5934,2018080500100390,2018년 8월 5일 19시,일요일,경기도 성남시 수정구 수진동,경상사고,0,0,1,0,차대사람 - 기타,안전운전불이행,포장 - 건조,기타,단일로 - 기타,이륜,남,19세,상해없음,보행자,여,83세,경상
5935,2018080500100430,2018년 8월 5일 20시,일요일,경기도 고양시 덕양구 행신동,경상사고,0,0,1,0,차대사람 - 보도통행중,안전운전불이행,포장 - 건조,맑음,단일로 - 기타,이륜,남,49세,상해없음,보행자,여,40세,경상
5936,2018080500100488,2018년 8월 5일 23시,일요일,경기도 부천시 심곡동,중상사고,0,1,0,0,차대사람 - 기타,기타,포장 - 건조,맑음,기타 - 기타,승용,남,31세,상해없음,보행자,여,75세,중상
5937,2018080600100002,2018년 8월 6일 00시,월요일,경기도 성남시 중원구 성남동,경상사고,0,0,1,0,차대사람 - 차도통행중,안전운전불이행,포장 - 건조,맑음,단일로 - 기타,승용,남,64세,상해없음,보행자,여,26세,경상
5938,2018080600100010,2018년 8월 6일 01시,월요일,경기도 안성시 공도읍,중상사고,0,1,0,0,차대사람 - 기타,안전운전불이행,포장 - 건조,맑음,기타 - 기타,승용,여,63세,상해없음,보행자,남,20세,중상
5939,2018080600100016,2018년 8월 6일 02시,월요일,경기도 부천시 춘의동,경상사고,0,0,1,0,차대사람 - 기타,안전운전불이행,포장 - 건조,맑음,교차로 - 교차로안,화물,남,64세,상해없음,보행자,남,39세,경상
5940,2018080600100048,2018년 8월 6일 06시,월요일,경기도 안성시 금광면,경상사고,0,0,1,0,차대사람 - 기타,안전운전불이행,포장 - 건조,맑음,단일로 - 기타,자전거,남,56세,상해없음,보행자,여,65세,경상
5941,2018080600100081,2018년 8월 6일 08시,월요일,경기도 광명시 철산동,부상신고사고,0,0,0,1,차대사람 - 횡단중,신호위반,포장 - 젖음/습기,비,단일로 - 기타,이륜,남,26세,상해없음,보행자,여,23세,부상신고
5942,2018080600100107,2018년 8월 6일 09시,월요일,경기도 광주시 송정동,경상사고,0,0,1,0,차대사람 - 기타,안전운전불이행,포장 - 건조,맑음,단일로 - 기타,승용,여,55세,상해없음,보행자,남,63세,경상
5943,2018080600100109,2018년 8월 6일 09시,월요일,경기도 부천시 원미동,경상사고,0,0,1,0,차대사람 - 횡단중,안전운전불이행,포장 - 건조,맑음,단일로 - 기타,승용,남,42세,상해없음,보행자,남,6세,경상
5944,2018080600100135,2018년 8월 6일 10시,월요일,경기도 안양시 동안구 호계동,경상사고,0,0,1,0,차대사람 - 기타,안전운전불이행,포장 - 건조,맑음,교차로 - 교차로부근,승용,남,54세,상해없음,보행자,남,61세,경상
5945,2018080600100245,2018년 8월 6일 13시,월요일,경기도 평택시 통복동,경상사고,0,0,1,0,차대사람 - 길가장자리구역통행중,안전운전불이행,포장 - 건조,맑음,단일로 - 기타,승용,남,78세,상해없음,보행자,여,67세,경상
5946,2018080600100294,2018년 8월 6일 14시,월요일,경기도 남양주시 도농동,경상사고,0,0,1,0,차대사람 - 횡단중,보행자보호의무위반,포장 - 건조,맑음,단일로 - 기타,이륜,남,17세,상해없음,보행자,여,24세,경상
5947,2018080600100295,2018년 8월 6일 14시,월요일,경기도 파주시 조리읍,중상사고,0,1,0,0,차대사람 - 기타,안전운전불이행,포장 - 건조,맑음,단일로 - 기타,승용,남,32세,상해없음,보행자,남,77세,중상
5948,2018080600100297,2018년 8월 6일 14시,월요일,경기도 가평군 가평읍,경상사고,0,0,1,0,차대사람 - 기타,안전운전불이행,포장 - 건조,맑음,단일로 - 기타,승용,남,74세,상해없음,보행자,여,54세,경상
5949,2018080600100330,2018년 8월 6일 15시,월요일,경기도 연천군 전곡읍,부상신고사고,0,0,0,1,차대사람 - 보도통행중,안전운전불이행,포장 - 건조,맑음,교차로 - 교차로안,기타불명,기타불명,미분류,기타불명,보행자,여,20세,부상신고
5950,2018080600100431,2018년 8월 6일 18시,월요일,경기도 과천시 과천동,경상사고,0,0,1,0,차대사람 - 기타,안전운전불이행,포장 - 건조,맑음,단일로 - 기타,승합,남,53세,상해없음,보행자,여,35세,경상
5951,2018080600100434,2018년 8월 6일 18시,월요일,경기도 시흥시 정왕동,경상사고,0,0,1,0,차대사람 - 기타,안전운전불이행,포장 - 건조,맑음,단일로 - 기타,이륜,남,54세,상해없음,보행자,남,58세,경상
5952,2018080600100466,2018년 8월 6일 18시,월요일,경기도 파주시 금촌동,중상사고,0,1,0,0,차대사람 - 횡단중,보행자보호의무위반,포장 - 건조,맑음,교차로 - 교차로횡단보도내,승용,여,65세,상해없음,보행자,여,52세,중상
5953,2018080600100472,2018년 8월 6일 19시,월요일,경기도 수원시 장안구 정자동,중상사고,0,1,0,0,차대사람 - 횡단중,안전운전불이행,포장 - 건조,맑음,단일로 - 기타,승용,남,59세,상해없음,보행자,여,59세,중상
5954,2018080600100519,2018년 8월 6일 20시,월요일,경기도 포천시 이동면,중상사고,0,1,0,0,차대사람 - 기타,안전운전불이행,포장 - 건조,맑음,단일로 - 기타,승용,남,48세,상해없음,보행자,남,47세,중상
5955,2018080700100021,2018년 8월 7일 01시,화요일,경기도 고양시 덕양구 주교동,중상사고,0,1,0,0,차대사람 - 횡단중,신호위반,포장 - 건조,맑음,교차로 - 교차로안,승용,남,55세,상해없음,보행자,남,53세,중상
5956,2018080700100063,2018년 8월 7일 06시,화요일,경기도 구리시 인창동,경상사고,0,0,1,0,차대사람 - 기타,안전운전불이행,포장 - 건조,맑음,교차로 - 교차로부근,승용,여,59세,상해없음,보행자,남,64세,경상
5957,2018080700100069,2018년 8월 7일 07시,화요일,경기도 성남시 중원구 성남동,경상사고,0,0,1,0,차대사람 - 기타,안전운전불이행,포장 - 건조,맑음,교차로 - 교차로부근,기타불명,기타불명,미분류,기타불명,보행자,남,41세,경상
5958,2018080700100155,2018년 8월 7일 10시,화요일,경기도 성남시 중원구 금광동,경상사고,0,0,1,0,차대사람 - 길가장자리구역통행중,안전운전불이행,포장 - 건조,맑음,단일로 - 기타,화물,남,28세,상해없음,보행자,남,67세,경상
5959,2018080700100157,2018년 8월 7일 10시,화요일,경기도 안산시 상록구 일동,경상사고,0,0,1,0,차대사람 - 횡단중,안전운전불이행,포장 - 건조,맑음,교차로 - 교차로안,승용,남,30세,상해없음,보행자,남,8세,경상
5960,2018080700100179,2018년 8월 7일 10시,화요일,경기도 의정부시 금오동,경상사고,0,0,1,0,차대사람 - 기타,안전운전불이행,포장 - 건조,맑음,단일로 - 기타,승용,남,73세,상해없음,보행자,남,74세,경상
5961,2018080700100181,2018년 8월 7일 10시,화요일,경기도 파주시 와동,경상사고,0,0,1,0,차대사람 - 횡단중,안전운전불이행,포장 - 건조,맑음,단일로 - 기타,화물,남,31세,상해없음,보행자,남,62세,경상
5962,2018080700100190,2018년 8월 7일 11시,화요일,경기도 안성시 도기동,중상사고,0,1,0,0,차대사람 - 기타,안전운전불이행,포장 - 건조,맑음,기타 - 기타,화물,남,32세,상해없음,보행자,여,77세,중상
5963,2018080700100192,2018년 8월 7일 11시,화요일,경기도 수원시 권선구 세류동,경상사고,0,0,1,0,차대사람 - 횡단중,신호위반,포장 - 건조,맑음,교차로 - 교차로횡단보도내,승용,남,72세,상해없음,보행자,여,22세,경상
5964,2018080700100220,2018년 8월 7일 12시,화요일,경기도 광명시 소하동,부상신고사고,0,0,0,1,차대사람 - 횡단중,안전운전불이행,포장 - 건조,맑음,단일로 - 기타,승용,남,37세,상해없음,보행자,남,7세,부상신고
5965,2018080700100321,2018년 8월 7일 15시,화요일,경기도 평택시 안중읍,경상사고,0,0,2,0,차대사람 - 기타,보행자보호의무위반,포장 - 건조,맑음,단일로 - 기타,기타불명,기타불명,미분류,기타불명,보행자,여,36세,경상
5966,2018080700100326,2018년 8월 7일 15시,화요일,경기도 성남시 중원구 도촌동,경상사고,0,0,1,0,차대사람 - 기타,안전운전불이행,포장 - 건조,맑음,단일로 - 기타,자전거,남,8세,상해없음,보행자,여,69세,경상
5967,2018080700100327,2018년 8월 7일 15시,화요일,경기도 성남시 분당구 야탑동,경상사고,0,0,1,0,차대사람 - 기타,안전운전불이행,포장 - 건조,맑음,단일로 - 기타,승합,남,71세,상해없음,보행자,여,31세,경상
5968,2018080700100329,2018년 8월 7일 15시,화요일,경기도 안산시 상록구 부곡동,중상사고,0,1,0,0,차대사람 - 차도통행중,안전운전불이행,포장 - 건조,맑음,교차로 - 교차로안,화물,남,55세,상해없음,보행자,여,85세,중상
5969,2018080700100345,2018년 8월 7일 15시,화요일,경기도 의정부시 가능동,중상사고,0,1,0,0,차대사람 - 기타,안전운전불이행,포장 - 건조,맑음,교차로 - 교차로안,화물,남,43세,상해없음,보행자,여,90세 이상,중상
5970,2018080700100354,2018년 8월 7일 16시,화요일,경기도 성남시 수정구 신흥동,경상사고,0,0,1,0,차대사람 - 기타,안전운전불이행,포장 - 건조,맑음,교차로 - 교차로안,승용,여,37세,상해없음,보행자,남,48세,경상
5971,2018080700100358,2018년 8월 7일 16시,화요일,경기도 수원시 팔달구 인계동,경상사고,0,0,1,0,차대사람 - 횡단중,안전운전불이행,포장 - 건조,맑음,교차로 - 교차로부근,승용,여,61세,상해없음,보행자,여,29세,경상
5972,2018080700100397,2018년 8월 7일 17시,화요일,경기도 여주시 상동,경상사고,0,0,1,0,차대사람 - 기타,안전운전불이행,포장 - 건조,맑음,교차로 - 교차로안,원동기,남,61세,상해없음,보행자,남,14세,경상
5973,2018080700100428,2018년 8월 7일 17시,화요일,경기도 고양시 일산서구 주엽동,중상사고,0,1,0,0,차대사람 - 횡단중,신호위반,포장 - 건조,맑음,단일로 - 기타,승용,여,59세,상해없음,보행자,여,64세,중상
5974,2018080700100447,2018년 8월 7일 18시,화요일,경기도 수원시 권선구 서둔동,경상사고,0,0,1,0,차대사람 - 기타,안전운전불이행,포장 - 건조,맑음,단일로 - 기타,승합,남,36세,상해없음,보행자,남,60세,경상
5975,2018080700100448,2018년 8월 7일 18시,화요일,경기도 하남시 신장동,경상사고,0,0,1,0,차대사람 - 횡단중,안전운전불이행,포장 - 건조,맑음,교차로 - 교차로부근,화물,남,50세,상해없음,보행자,남,62세,경상
5976,2018080700100477,2018년 8월 7일 18시,화요일,경기도 구리시 인창동,경상사고,0,0,1,0,차대사람 - 횡단중,보행자보호의무위반,포장 - 젖음/습기,비,교차로 - 교차로횡단보도내,승용,여,30세,상해없음,보행자,여,34세,경상
5977,2018080700100490,2018년 8월 7일 19시,화요일,경기도 시흥시 도창동,중상사고,0,1,0,0,차대사람 - 기타,안전운전불이행,포장 - 건조,맑음,단일로 - 기타,승용,남,58세,상해없음,보행자,여,10세,중상
5978,2018080700100530,2018년 8월 7일 20시,화요일,경기도 남양주시 퇴계원면,중상사고,0,1,0,0,차대사람 - 횡단중,안전운전불이행,포장 - 건조,맑음,단일로 - 기타,이륜,남,16세,상해없음,보행자,여,77세,중상
5979,2018080700100531,2018년 8월 7일 20시,화요일,경기도 파주시 아동동,중상사고,0,1,0,0,차대사람 - 기타,안전운전불이행,포장 - 건조,맑음,교차로 - 교차로안,승합,남,72세,상해없음,보행자,여,40세,중상
5980,2018080700100538,2018년 8월 7일 21시,화요일,경기도 수원시 권선구 오목천동,경상사고,0,0,1,0,차대사람 - 기타,안전운전불이행,포장 - 건조,흐림,단일로 - 기타,승용,남,47세,상해없음,보행자,남,34세,경상
5981,2018080700100555,2018년 8월 7일 21시,화요일,경기도 고양시 일산동구 장항동,경상사고,0,0,1,0,차대사람 - 횡단중,신호위반,포장 - 건조,맑음,교차로 - 교차로부근,승용,남,60세,상해없음,보행자,여,26세,경상
5982,2018080700100556,2018년 8월 7일 21시,화요일,경기도 동두천시 생연동,중상사고,0,1,0,0,차대사람 - 횡단중,보행자보호의무위반,포장 - 건조,맑음,단일로 - 기타,화물,여,61세,상해없음,보행자,남,71세,중상
5983,2018080700100565,2018년 8월 7일 22시,화요일,경기도 성남시 분당구 구미동,부상신고사고,0,0,0,1,차대사람 - 차도통행중,안전운전불이행,포장 - 건조,맑음,단일로 - 기타,승합,남,46세,상해없음,보행자,남,43세,부상신고
5984,2018080700100578,2018년 8월 7일 22시,화요일,경기도 의정부시 신곡동,경상사고,0,0,1,0,차대사람 - 기타,안전운전불이행,포장 - 건조,맑음,단일로 - 기타,승용,여,62세,상해없음,보행자,남,48세,경상
5985,2018080800100005,2018년 8월 8일 00시,수요일,경기도 성남시 분당구 정자동,중상사고,0,1,0,0,차대사람 - 기타,안전운전불이행,포장 - 건조,맑음,교차로 - 교차로부근,승용,남,63세,상해없음,보행자,남,20세,중상
5986,2018080800100011,2018년 8월 8일 00시,수요일,경기도 의정부시 의정부동,경상사고,0,0,1,0,차대사람 - 기타,안전운전불이행,포장 - 건조,맑음,교차로 - 교차로안,승용,남,25세,상해없음,보행자,남,49세,경상
5987,2018080800100016,2018년 8월 8일 01시,수요일,경기도 용인시 수지구 죽전동,경상사고,0,0,1,0,차대사람 - 횡단중,안전운전불이행,포장 - 건조,맑음,교차로 - 교차로안,기타불명,기타불명,미분류,기타불명,보행자,여,18세,경상
5988,2018080800100028,2018년 8월 8일 03시,수요일,경기도 성남시 수정구 신흥동,중상사고,0,1,0,0,차대사람 - 횡단중,안전운전불이행,포장 - 건조,맑음,단일로 - 기타,화물,남,50세,상해없음,보행자,여,77세,중상
5989,2018080800100053,2018년 8월 8일 06시,수요일,경기도 안산시 단원구 고잔동,경상사고,0,0,1,0,차대사람 - 횡단중,신호위반,포장 - 건조,맑음,교차로 - 교차로부근,승합,남,51세,상해없음,보행자,남,21세,경상
5990,2018080800100081,2018년 8월 8일 07시,수요일,경기도 파주시 금촌동,경상사고,0,0,1,0,차대사람 - 횡단중,보행자보호의무위반,포장 - 건조,맑음,교차로 - 교차로횡단보도내,승용,남,58세,상해없음,보행자,남,57세,경상
5991,2018080800100126,2018년 8월 8일 08시,수요일,경기도 양주시 어둔동,경상사고,0,0,1,0,차대사람 - 횡단중,안전운전불이행,포장 - 건조,맑음,교차로 - 교차로안,승용,여,58세,상해없음,보행자,여,69세,경상
5992,2018080800100141,2018년 8월 8일 09시,수요일,경기도 부천시 상동,중상사고,0,1,0,0,차대사람 - 기타,안전운전불이행,포장 - 건조,맑음,교차로 - 교차로안,승용,남,25세,상해없음,보행자,여,40세,중상
5993,2018080800100194,2018년 8월 8일 11시,수요일,경기도 안성시 양성면,중상사고,0,1,0,0,차대사람 - 길가장자리구역통행중,과속,포장 - 건조,맑음,단일로 - 기타,승용,남,40세,상해없음,보행자,남,24세,중상
5994,2018080800100221,2018년 8월 8일 12시,수요일,경기도 수원시 팔달구 인계동,경상사고,0,0,1,0,차대사람 - 기타,안전운전불이행,포장 - 건조,맑음,단일로 - 기타,승용,남,32세,상해없음,보행자,여,20세,경상
5995,2018080800100256,2018년 8월 8일 13시,수요일,경기도 수원시 팔달구 인계동,중상사고,0,1,0,0,차대사람 - 횡단중,신호위반,포장 - 건조,맑음,교차로 - 교차로횡단보도내,화물,남,52세,상해없음,보행자,여,24세,중상
5996,2018080800100279,2018년 8월 8일 14시,수요일,경기도 평택시 안중읍,경상사고,0,0,1,0,차대사람 - 기타,안전운전불이행,포장 - 건조,맑음,교차로 - 교차로안,승용,남,46세,상해없음,보행자,남,7세,경상
5997,2018080800100312,2018년 8월 8일 15시,수요일,경기도 성남시 수정구 단대동,경상사고,0,0,1,0,차대사람 - 차도통행중,안전운전불이행,포장 - 건조,맑음,교차로 - 교차로안,승용,남,48세,상해없음,보행자,남,80세,경상
5998,2018080800100324,2018년 8월 8일 15시,수요일,경기도 화성시 매송면,중상사고,0,1,0,0,차대사람 - 횡단중,안전운전불이행,포장 - 기타,맑음,단일로 - 기타,화물,남,38세,상해없음,보행자,남,79세,중상
5999,2018080800100351,2018년 8월 8일 16시,수요일,경기도 수원시 장안구 정자동,중상사고,0,1,0,0,차대사람 - 횡단중,안전운전불이행,포장 - 건조,맑음,교차로 - 교차로부근,승용,여,42세,상해없음,보행자,여,70세,중상
6000,2018080800100465,2018년 8월 8일 19시,수요일,경기도 화성시 진안동,부상신고사고,0,0,0,1,차대사람 - 횡단중,안전운전불이행,포장 - 건조,맑음,교차로 - 교차로안,승합,남,61세,상해없음,보행자,남,58세,부상신고
6001,2018080800100467,2018년 8월 8일 19시,수요일,경기도 부천시 도당동,경상사고,0,0,1,0,차대사람 - 길가장자리구역통행중,안전운전불이행,포장 - 건조,맑음,단일로 - 기타,승용,여,37세,상해없음,보행자,남,17세,경상
6002,2018080800100492,2018년 8월 8일 20시,수요일,경기도 광주시 삼동,사망사고,1,0,0,0,차대사람 - 횡단중,안전운전불이행,포장 - 건조,맑음,기타 - 기타,승용,남,59세,상해없음,보행자,남,76세,사망
6003,2018080800100495,2018년 8월 8일 20시,수요일,경기도 성남시 중원구 도촌동,경상사고,0,0,1,0,차대사람 - 기타,보행자보호의무위반,포장 - 건조,맑음,단일로 - 기타,자전거,남,38세,상해없음,보행자,여,61세,경상
6004,2018080800100496,2018년 8월 8일 20시,수요일,경기도 성남시 분당구 야탑동,중상사고,0,1,0,0,차대사람 - 기타,안전운전불이행,포장 - 건조,맑음,기타 - 기타,승용,남,47세,상해없음,보행자,남,45세,중상
6005,2018080800100545,2018년 8월 8일 22시,수요일,경기도 수원시 팔달구 인계동,경상사고,0,0,1,0,차대사람 - 기타,안전운전불이행,포장 - 건조,맑음,단일로 - 기타,승용,여,27세,상해없음,보행자,남,36세,경상
6006,2018080900100091,2018년 8월 9일 07시,목요일,경기도 부천시 내동,경상사고,0,0,1,0,차대사람 - 횡단중,보행자보호의무위반,포장 - 건조,맑음,교차로 - 교차로횡단보도내,승용,남,50세,상해없음,보행자,여,34세,경상
6007,2018080900100146,2018년 8월 9일 09시,목요일,경기도 수원시 장안구 정자동,사망사고,1,0,0,0,차대사람 - 횡단중,안전운전불이행,포장 - 건조,맑음,교차로 - 교차로안,승용,여,34세,상해없음,보행자,여,87세,사망
6008,2018080900100177,2018년 8월 9일 10시,목요일,경기도 평택시 독곡동,중상사고,0,1,0,0,차대사람 - 횡단중,안전운전불이행,포장 - 건조,맑음,단일로 - 기타,승용,여,47세,상해없음,보행자,여,52세,중상
6009,2018080900100263,2018년 8월 9일 12시,목요일,경기도 고양시 일산서구 덕이동,중상사고,0,1,0,0,차대사람 - 횡단중,신호위반,포장 - 젖음/습기,비,교차로 - 교차로횡단보도내,승용,여,40세,상해없음,보행자,남,21세,중상
6010,2018080900100275,2018년 8월 9일 13시,목요일,경기도 군포시 당동,사망사고,1,0,0,0,차대사람 - 보도통행중,신호위반,포장 - 건조,맑음,교차로 - 교차로안,승용,여,54세,상해없음,보행자,남,72세,사망
6011,2018080900100295,2018년 8월 9일 13시,목요일,경기도 파주시 금촌동,부상신고사고,0,0,0,1,차대사람 - 길가장자리구역통행중,안전운전불이행,포장 - 건조,맑음,단일로 - 기타,승용,여,57세,상해없음,보행자,남,62세,부상신고
6012,2018080900100330,2018년 8월 9일 14시,목요일,경기도 양주시 광사동,경상사고,0,0,1,0,차대사람 - 횡단중,안전운전불이행,포장 - 건조,맑음,교차로 - 교차로부근,승용,여,46세,상해없음,보행자,여,19세,경상
6013,2018080900100331,2018년 8월 9일 14시,목요일,경기도 고양시 일산서구 일산동,사망사고,1,0,0,0,차대사람 - 횡단중,안전운전불이행,포장 - 건조,맑음,단일로 - 기타,화물,남,40세,상해없음,보행자,남,15세,사망
6014,2018080900100387,2018년 8월 9일 16시,목요일,경기도 수원시 영통구 원천동,경상사고,0,0,1,0,차대사람 - 보도통행중,기타,포장 - 건조,맑음,단일로 - 기타,화물,남,60세,상해없음,보행자,남,9세,경상
6015,2018080900100408,2018년 8월 9일 16시,목요일,경기도 남양주시 지금동,경상사고,0,0,1,0,차대사람 - 기타,안전운전불이행,포장 - 건조,맑음,교차로 - 교차로안,승용,여,72세,상해없음,보행자,남,9세,경상
6016,2018080900100419,2018년 8월 9일 17시,목요일,경기도 평택시 서정동,경상사고,0,0,1,0,차대사람 - 기타,안전운전불이행,포장 - 건조,맑음,단일로 - 기타,승용,남,74세,상해없음,보행자,여,33세,경상
6017,2018080900100421,2018년 8월 9일 17시,목요일,경기도 안양시 동안구 관양동,경상사고,0,0,1,0,차대사람 - 횡단중,보행자보호의무위반,포장 - 젖음/습기,비,교차로 - 교차로횡단보도내,기타불명,기타불명,미분류,기타불명,보행자,남,50세,경상
6018,2018080900100424,2018년 8월 9일 17시,목요일,경기도 부천시 중동,경상사고,0,0,1,0,차대사람 - 횡단중,안전운전불이행,포장 - 젖음/습기,흐림,교차로 - 교차로안,승용,남,32세,상해없음,보행자,남,22세,경상
6019,2018080900100446,2018년 8월 9일 17시,목요일,경기도 고양시 일산서구 일산동,경상사고,0,0,1,0,차대사람 - 횡단중,안전운전불이행,포장 - 건조,맑음,교차로 - 교차로부근,승용,남,64세,상해없음,보행자,여,79세,경상
6020,2018080900100459,2018년 8월 9일 18시,목요일,경기도 수원시 팔달구 우만동,부상신고사고,0,0,0,1,차대사람 - 기타,안전운전불이행,포장 - 건조,맑음,단일로 - 기타,승용,남,27세,기타불명,보행자,남,10세,부상신고
6021,2018080900100511,2018년 8월 9일 19시,목요일,경기도 하남시 항동,중상사고,0,1,0,0,차대사람 - 차도통행중,안전운전불이행,포장 - 젖음/습기,맑음,단일로 - 기타,화물,남,57세,상해없음,보행자,남,77세,중상
6022,2018080900100558,2018년 8월 9일 20시,목요일,경기도 남양주시 다산동,경상사고,0,0,1,0,차대사람 - 차도통행중,안전운전불이행,포장 - 건조,흐림,단일로 - 기타,승용,여,57세,상해없음,보행자,여,8세,경상