,사고번호,사고일시,요일,시군구,사고내용,사망자수,중상자수,경상자수,부상신고자수,사고유형,법규위반,노면상태,기상상태,도로형태,가해운전자 차종,가해운전자 성별,가해운전자 연령,가해운전자 상해정도,피해운전자 차종,피해운전자 성별,피해운전자 연령,피해운전자 상해정도
6249,2018081900100026,2018년 8월 19일 01시,일요일,경기도 성남시 수정구 태평동,중상사고,0,1,0,0,차대사람 - 횡단중,안전운전불이행,포장 - 건조,맑음,교차로 - 교차로부근,승용,여,29세,상해없음,보행자,여,24세,중상
6250,2018081900100028,2018년 8월 19일 01시,일요일,경기도 광명시 광명동,중상사고,0,1,0,0,차대사람 - 횡단중,안전운전불이행,포장 - 건조,맑음,단일로 - 기타,승용,남,48세,상해없음,보행자,남,46세,중상
6251,2018081900100029,2018년 8월 19일 01시,일요일,경기도 시흥시 거모동,경상사고,0,0,1,0,차대사람 - 기타,안전운전불이행,포장 - 건조,맑음,단일로 - 기타,승용,남,27세,상해없음,보행자,남,54세,경상
6252,2018081900100030,2018년 8월 19일 01시,일요일,경기도 수원시 권선구 탑동,경상사고,0,0,1,0,차대사람 - 기타,기타,포장 - 건조,맑음,단일로 - 기타,승용,남,57세,상해없음,보행자,여,42세,경상
6253,2018081900100056,2018년 8월 19일 03시,일요일,경기도 성남시 분당구 삼평동,중상사고,0,1,0,0,차대사람 - 횡단중,보행자보호의무위반,포장 - 건조,맑음,기타 - 기타,승용,남,73세,상해없음,보행자,남,62세,중상
6254,2018081900100088,2018년 8월 19일 05시,일요일,경기도 고양시 일산서구 일산동,중상사고,0,1,0,0,차대사람 - 횡단중,과속,포장 - 건조,흐림,단일로 - 기타,이륜,남,35세,상해없음,보행자,여,75세,중상
6255,2018081900100161,2018년 8월 19일 10시,일요일,경기도 고양시 일산서구 일산동,경상사고,0,0,1,0,차대사람 - 횡단중,안전운전불이행,포장 - 건조,맑음,단일로 - 기타,승용,남,37세,상해없음,보행자,남,50세,경상
6256,2018081900100165,2018년 8월 19일 11시,일요일,경기도 이천시 장호원읍,경상사고,0,0,1,0,차대사람 - 횡단중,보행자보호의무위반,포장 - 건조,맑음,단일로 - 기타,승용,남,45세,상해없음,보행자,여,57세,경상
6257,2018081900100169,2018년 8월 19일 11시,일요일,경기도 광명시 광명동,중상사고,0,1,0,0,차대사람 - 기타,안전운전불이행,포장 - 건조,맑음,교차로 - 교차로안,승용,남,57세,상해없음,보행자,여,59세,중상
6258,2018081900100171,2018년 8월 19일 11시,일요일,경기도 성남시 중원구 성남동,경상사고,0,0,1,0,차대사람 - 길가장자리구역통행중,안전운전불이행,포장 - 건조,맑음,교차로 - 교차로부근,승용,여,48세,상해없음,보행자,남,31세,경상
6259,2018081900100227,2018년 8월 19일 13시,일요일,경기도 수원시 팔달구 우만동,경상사고,0,0,1,0,차대사람 - 보도통행중,기타,포장 - 건조,맑음,기타 - 기타,승용,여,61세,상해없음,보행자,남,58세,경상
6260,2018081900100232,2018년 8월 19일 13시,일요일,경기도 안산시 상록구 사동,경상사고,0,0,1,0,차대사람 - 기타,안전운전불이행,포장 - 건조,맑음,단일로 - 기타,승용,여,55세,상해없음,보행자,남,76세,경상
6261,2018081900100303,2018년 8월 19일 15시,일요일,경기도 파주시 탄현면,경상사고,0,0,2,0,차대사람 - 기타,안전운전불이행,포장 - 건조,맑음,주차장 - 주차장,승용,남,51세,상해없음,보행자,여,38세,경상
6262,2018081900100316,2018년 8월 19일 16시,일요일,경기도 성남시 중원구 성남동,부상신고사고,0,0,0,1,차대사람 - 기타,안전운전불이행,포장 - 건조,맑음,교차로 - 교차로안,화물,남,60세,상해없음,보행자,남,58세,부상신고
6263,2018081900100320,2018년 8월 19일 16시,일요일,경기도 시흥시 대야동,경상사고,0,0,1,0,차대사람 - 기타,안전운전불이행,포장 - 건조,맑음,교차로 - 교차로부근,화물,남,54세,상해없음,보행자,남,90세 이상,경상
6264,2018081900100321,2018년 8월 19일 16시,일요일,경기도 부천시 원종동,경상사고,0,0,1,0,차대사람 - 기타,안전운전불이행,포장 - 건조,맑음,단일로 - 기타,승용,남,45세,상해없음,보행자,여,19세,경상
6265,2018081900100349,2018년 8월 19일 17시,일요일,경기도 수원시 팔달구 지동,중상사고,0,1,0,0,차대사람 - 기타,신호위반,포장 - 건조,맑음,교차로 - 교차로안,승용,남,46세,기타불명,보행자,여,59세,중상
6266,2018081900100373,2018년 8월 19일 18시,일요일,경기도 안성시 봉산동,경상사고,0,0,1,0,차대사람 - 횡단중,보행자보호의무위반,포장 - 건조,맑음,단일로 - 기타,승용,여,60세,상해없음,보행자,남,28세,경상
6267,2018081900100397,2018년 8월 19일 18시,일요일,경기도 남양주시 별내동,경상사고,0,0,1,0,차대사람 - 기타,안전운전불이행,포장 - 건조,맑음,주차장 - 주차장,승용,여,41세,상해없음,보행자,여,48세,경상
6268,2018081900100412,2018년 8월 19일 19시,일요일,경기도 부천시 심곡동,부상신고사고,0,0,0,1,차대사람 - 기타,안전운전불이행,포장 - 건조,맑음,단일로 - 기타,승용,여,55세,상해없음,보행자,남,43세,부상신고
6269,2018081900100445,2018년 8월 19일 20시,일요일,경기도 부천시 삼정동,중상사고,0,1,0,0,차대사람 - 기타,안전운전불이행,포장 - 건조,맑음,단일로 - 기타,이륜,남,48세,기타불명,보행자,여,90세 이상,중상
6270,2018081900100487,2018년 8월 19일 21시,일요일,경기도 의정부시 민락동,중상사고,0,1,0,0,차대사람 - 횡단중,보행자보호의무위반,포장 - 기타,맑음,교차로 - 교차로횡단보도내,승용,남,46세,상해없음,보행자,남,30세,중상
6271,2018081900100489,2018년 8월 19일 21시,일요일,경기도 고양시 일산동구 마두동,부상신고사고,0,0,0,1,차대사람 - 보도통행중,안전운전불이행,포장 - 건조,맑음,단일로 - 기타,자전거,남,58세,부상신고,보행자,여,48세,상해없음
6272,2018082000100008,2018년 8월 20일 00시,월요일,경기도 파주시 아동동,경상사고,0,0,1,0,차대사람 - 기타,안전운전불이행,포장 - 건조,맑음,단일로 - 기타,승용,남,24세,상해없음,보행자,남,17세,경상
6273,2018082000100041,2018년 8월 20일 06시,월요일,경기도 화성시 반송동,중상사고,0,1,0,0,차대사람 - 기타,안전운전불이행,포장 - 건조,맑음,주차장 - 주차장,승용,여,39세,상해없음,보행자,여,50세,중상
6274,2018082000100086,2018년 8월 20일 08시,월요일,경기도 김포시 사우동,경상사고,0,0,1,0,차대사람 - 기타,기타,포장 - 건조,맑음,단일로 - 기타,승합,남,53세,상해없음,보행자,여,50세,경상
6275,2018082000100151,2018년 8월 20일 09시,월요일,경기도 고양시 덕양구 토당동,경상사고,0,0,1,0,차대사람 - 기타,보행자보호의무위반,포장 - 건조,맑음,교차로 - 교차로횡단보도내,승용,남,55세,상해없음,보행자,여,67세,경상
6276,2018082000100169,2018년 8월 20일 10시,월요일,경기도 안산시 단원구 원곡동,사망사고,1,0,0,0,차대사람 - 횡단중,과속,포장 - 건조,맑음,단일로 - 기타,승용,남,22세,기타불명,보행자,남,70세,사망
6277,2018082000100170,2018년 8월 20일 10시,월요일,경기도 수원시 영통구 원천동,경상사고,0,0,1,0,차대사람 - 기타,안전운전불이행,포장 - 건조,맑음,단일로 - 기타,승용,남,61세,상해없음,보행자,남,33세,경상
6278,2018082000100171,2018년 8월 20일 10시,월요일,경기도 군포시 당동,중상사고,0,1,0,0,차대사람 - 기타,안전운전불이행,포장 - 건조,맑음,교차로 - 교차로부근,승용,남,58세,상해없음,보행자,여,88세,중상
6279,2018082000100205,2018년 8월 20일 11시,월요일,경기도 시흥시 신천동,경상사고,0,0,1,0,차대사람 - 기타,안전운전불이행,포장 - 건조,맑음,단일로 - 기타,승용,남,62세,상해없음,보행자,남,6세,경상
6280,2018082000100246,2018년 8월 20일 12시,월요일,경기도 평택시 용이동,부상신고사고,0,0,0,1,차대사람 - 횡단중,보행자보호의무위반,포장 - 건조,맑음,교차로 - 교차로안,승용,여,40세,상해없음,보행자,남,61세,부상신고
6281,2018082000100248,2018년 8월 20일 12시,월요일,경기도 안양시 동안구 호계동,경상사고,0,0,1,0,차대사람 - 기타,안전운전불이행,포장 - 건조,맑음,단일로 - 기타,승용,여,32세,상해없음,보행자,남,56세,경상
6282,2018082000100251,2018년 8월 20일 12시,월요일,경기도 부천시 중동,중상사고,0,1,0,0,차대사람 - 횡단중,안전운전불이행,포장 - 건조,맑음,단일로 - 기타,화물,남,48세,상해없음,보행자,여,76세,중상
6283,2018082000100252,2018년 8월 20일 12시,월요일,경기도 성남시 분당구 판교동,경상사고,0,0,1,0,차대사람 - 차도통행중,안전운전불이행,포장 - 기타,맑음,단일로 - 기타,승용,여,44세,상해없음,보행자,여,30세,경상
6284,2018082000100323,2018년 8월 20일 14시,월요일,경기도 김포시 고촌읍,경상사고,0,0,1,0,차대사람 - 기타,기타,포장 - 건조,맑음,단일로 - 기타,승합,남,62세,상해없음,보행자,여,19세,경상
6285,2018082000100328,2018년 8월 20일 14시,월요일,경기도 화성시 봉담읍,경상사고,0,0,1,0,차대사람 - 차도통행중,안전운전불이행,포장 - 건조,맑음,단일로 - 기타,승용,여,39세,상해없음,보행자,남,19세,경상
6286,2018082000100347,2018년 8월 20일 15시,월요일,경기도 수원시 팔달구 인계동,경상사고,0,0,2,0,차대사람 - 횡단중,보행자보호의무위반,포장 - 건조,맑음,단일로 - 기타,승용,여,50세,상해없음,보행자,남,21세,경상
6287,2018082000100375,2018년 8월 20일 16시,월요일,경기도 평택시 안중읍,중상사고,0,1,0,0,차대사람 - 기타,기타,포장 - 건조,맑음,교차로 - 교차로안,승합,남,63세,상해없음,보행자,남,7세,중상
6288,2018082000100420,2018년 8월 20일 17시,월요일,경기도 의왕시 내손동,중상사고,0,1,0,0,차대사람 - 횡단중,보행자보호의무위반,포장 - 건조,맑음,교차로 - 교차로횡단보도내,승합,남,53세,상해없음,보행자,여,49세,중상
6289,2018082000100456,2018년 8월 20일 18시,월요일,경기도 안산시 단원구 선부동,사망사고,1,0,0,0,차대사람 - 횡단중,안전운전불이행,포장 - 건조,맑음,교차로 - 교차로횡단보도내,특수,남,24세,상해없음,보행자,남,58세,사망
6290,2018082000100514,2018년 8월 20일 20시,월요일,경기도 평택시 서정동,중상사고,0,1,0,0,차대사람 - 기타,안전운전불이행,포장 - 건조,맑음,단일로 - 기타,승용,남,46세,상해없음,보행자,여,44세,중상
6291,2018082000100516,2018년 8월 20일 20시,월요일,경기도 양평군 양평읍,경상사고,0,0,1,0,차대사람 - 차도통행중,안전운전불이행,포장 - 건조,맑음,단일로 - 기타,이륜,남,18세,상해없음,보행자,남,72세,경상
6292,2018082000100517,2018년 8월 20일 20시,월요일,경기도 오산시 원동,부상신고사고,0,0,0,1,차대사람 - 기타,안전운전불이행,포장 - 건조,맑음,기타 - 기타,승용,남,35세,상해없음,보행자,여,31세,부상신고
6293,2018082000100556,2018년 8월 20일 21시,월요일,경기도 김포시 장기동,경상사고,0,0,1,0,차대사람 - 길가장자리구역통행중,안전운전불이행,포장 - 건조,맑음,교차로 - 교차로안,승용,남,37세,상해없음,보행자,남,40세,경상
6294,2018082000100559,2018년 8월 20일 21시,월요일,경기도 화성시 반월동,경상사고,0,0,1,0,차대사람 - 횡단중,안전운전불이행,포장 - 건조,맑음,단일로 - 기타,승합,여,53세,상해없음,보행자,남,66세,경상
6295,2018082000100575,2018년 8월 20일 21시,월요일,경기도 남양주시 수동면,경상사고,0,0,1,0,차대사람 - 길가장자리구역통행중,안전운전불이행,포장 - 건조,맑음,단일로 - 기타,승용,남,66세,상해없음,보행자,여,20세,경상
6296,2018082000100582,2018년 8월 20일 22시,월요일,경기도 안산시 상록구 본오동,중상사고,0,1,0,0,차대사람 - 횡단중,안전운전불이행,포장 - 건조,맑음,교차로 - 교차로안,승용,남,37세,상해없음,보행자,남,56세,중상
6297,2018082000100599,2018년 8월 20일 23시,월요일,경기도 수원시 팔달구 인계동,중상사고,0,1,0,0,차대사람 - 차도통행중,안전운전불이행,포장 - 건조,맑음,단일로 - 기타,승용,남,59세,상해없음,보행자,여,59세,중상
6298,2018082000100601,2018년 8월 20일 23시,월요일,경기도 성남시 중원구 중앙동,중상사고,0,1,0,0,차대사람 - 기타,보행자보호의무위반,포장 - 건조,맑음,단일로 - 기타,승용,남,24세,상해없음,보행자,여,45세,중상
6299,2018082100100035,2018년 8월 21일 03시,화요일,경기도 이천시 창전동,부상신고사고,0,0,0,1,차대사람 - 기타,안전운전불이행,포장 - 건조,맑음,단일로 - 기타,승용,남,21세,상해없음,보행자,남,29세,부상신고
6300,2018082100100042,2018년 8월 21일 04시,화요일,경기도 부천시 범박동,중상사고,0,1,0,0,차대사람 - 횡단중,안전운전불이행,포장 - 젖음/습기,비,단일로 - 기타,승용,남,49세,상해없음,보행자,남,47세,중상
6301,2018082100100054,2018년 8월 21일 05시,화요일,경기도 시흥시 정왕동,경상사고,0,0,1,0,차대사람 - 길가장자리구역통행중,안전운전불이행,포장 - 건조,맑음,단일로 - 기타,기타불명,기타불명,미분류,기타불명,보행자,남,37세,경상
6302,2018082100100087,2018년 8월 21일 07시,화요일,경기도 수원시 영통구 영통동,경상사고,0,0,2,0,차대사람 - 횡단중,보행자보호의무위반,포장 - 젖음/습기,비,교차로 - 교차로안,승용,남,59세,상해없음,보행자,남,31세,경상
6303,2018082100100116,2018년 8월 21일 08시,화요일,경기도 수원시 장안구 정자동,중상사고,0,1,0,0,차대사람 - 횡단중,안전운전불이행,포장 - 젖음/습기,흐림,교차로 - 교차로부근,승용,여,38세,상해없음,보행자,여,50세,중상
6304,2018082100100123,2018년 8월 21일 08시,화요일,경기도 부천시 중동,경상사고,0,0,1,0,차대사람 - 차도통행중,안전운전불이행,포장 - 건조,맑음,교차로 - 교차로안,승용,남,55세,상해없음,보행자,남,72세,경상
6305,2018082100100151,2018년 8월 21일 08시,화요일,경기도 파주시 파주읍,부상신고사고,0,0,0,1,차대사람 - 횡단중,안전운전불이행,포장 - 젖음/습기,비,단일로 - 기타,승합,여,62세,상해없음,보행자,남,59세,부상신고
6306,2018082100100159,2018년 8월 21일 09시,화요일,경기도 안산시 상록구 본오동,중상사고,0,1,0,0,차대사람 - 기타,안전운전불이행,포장 - 건조,맑음,교차로 - 교차로안,승용,남,56세,상해없음,보행자,여,79세,중상
6307,2018082100100161,2018년 8월 21일 09시,화요일,경기도 용인시 수지구 풍덕천동,중상사고,0,1,0,0,차대사람 - 횡단중,교차로운행방법위반,포장 - 젖음/습기,비,교차로 - 교차로안,승용,여,57세,상해없음,보행자,남,85세,중상
6308,2018082100100190,2018년 8월 21일 10시,화요일,경기도 수원시 팔달구 인계동,부상신고사고,0,0,0,1,차대사람 - 횡단중,보행자보호의무위반,포장 - 건조,맑음,단일로 - 기타,승용,여,32세,상해없음,보행자,남,71세,부상신고
6309,2018082100100214,2018년 8월 21일 10시,화요일,경기도 고양시 일산동구 정발산동,중상사고,0,1,0,0,차대사람 - 횡단중,신호위반,포장 - 건조,맑음,교차로 - 교차로횡단보도내,승용,남,79세,상해없음,보행자,여,76세,중상
6310,2018082100100215,2018년 8월 21일 10시,화요일,경기도 동두천시 생연동,중상사고,0,1,0,0,차대사람 - 횡단중,안전운전불이행,포장 - 건조,맑음,교차로 - 교차로부근,승합,남,85세,상해없음,보행자,여,73세,중상
6311,2018082100100253,2018년 8월 21일 12시,화요일,경기도 부천시 도당동,경상사고,0,0,1,0,차대사람 - 횡단중,안전운전불이행,포장 - 건조,맑음,단일로 - 기타,화물,남,51세,상해없음,보행자,남,47세,경상
6312,2018082100100280,2018년 8월 21일 12시,화요일,경기도 동두천시 생연동,경상사고,0,0,1,0,차대사람 - 기타,안전운전불이행,포장 - 건조,맑음,교차로 - 교차로안,승용,남,63세,상해없음,보행자,남,78세,경상
6313,2018082100100311,2018년 8월 21일 13시,화요일,경기도 파주시 동패동,경상사고,0,0,1,0,차대사람 - 횡단중,보행자보호의무위반,포장 - 건조,맑음,교차로 - 교차로안,승용,여,26세,상해없음,보행자,남,45세,경상
6314,2018082100100318,2018년 8월 21일 14시,화요일,경기도 안산시 상록구 본오동,경상사고,0,0,1,0,차대사람 - 횡단중,안전운전불이행,포장 - 건조,맑음,단일로 - 기타,승용,남,53세,상해없음,보행자,여,6세,경상
6315,2018082100100353,2018년 8월 21일 15시,화요일,경기도 수원시 장안구 정자동,중상사고,0,1,0,0,차대사람 - 기타,안전운전불이행,포장 - 건조,맑음,단일로 - 기타,승합,남,41세,상해없음,보행자,여,73세,중상
6316,2018082100100355,2018년 8월 21일 15시,화요일,경기도 성남시 수정구 신흥동,중상사고,0,1,0,0,차대사람 - 횡단중,신호위반,포장 - 건조,맑음,교차로 - 교차로부근,화물,남,58세,상해없음,보행자,여,76세,중상
6317,2018082100100362,2018년 8월 21일 15시,화요일,경기도 부천시 고강동,경상사고,0,0,1,0,차대사람 - 차도통행중,안전운전불이행,포장 - 건조,맑음,교차로 - 교차로부근,승용,남,24세,상해없음,보행자,여,59세,경상
6318,2018082100100402,2018년 8월 21일 16시,화요일,경기도 성남시 분당구 야탑동,경상사고,0,0,1,0,차대사람 - 차도통행중,안전운전불이행,포장 - 건조,맑음,단일로 - 기타,승용,여,22세,기타불명,보행자,여,33세,경상
6319,2018082100100405,2018년 8월 21일 16시,화요일,경기도 안양시 만안구 안양동,경상사고,0,0,1,0,차대사람 - 기타,안전운전불이행,포장 - 건조,맑음,단일로 - 기타,승합,남,57세,상해없음,보행자,여,16세,경상
6320,2018082100100435,2018년 8월 21일 16시,화요일,경기도 구리시 수택동,경상사고,0,0,1,0,차대사람 - 기타,안전운전불이행,포장 - 건조,맑음,단일로 - 기타,승용,남,56세,상해없음,보행자,남,51세,경상
6321,2018082100100500,2018년 8월 21일 18시,화요일,경기도 수원시 장안구 정자동,경상사고,0,0,1,0,차대사람 - 기타,안전운전불이행,포장 - 건조,맑음,단일로 - 기타,승용,남,35세,상해없음,보행자,여,51세,경상
6322,2018082100100502,2018년 8월 21일 18시,화요일,경기도 부천시 심곡본동,중상사고,0,1,0,0,차대사람 - 횡단중,보행자보호의무위반,포장 - 건조,맑음,교차로 - 교차로횡단보도내,승용,여,45세,상해없음,보행자,남,78세,중상
6323,2018082100100504,2018년 8월 21일 18시,화요일,경기도 안산시 상록구 이동,중상사고,0,1,0,0,차대사람 - 보도통행중,중앙선침범,포장 - 건조,맑음,단일로 - 기타,승용,남,59세,상해없음,보행자,여,54세,중상
6324,2018082100100526,2018년 8월 21일 18시,화요일,경기도 남양주시 퇴계원면,경상사고,0,0,1,0,차대사람 - 기타,안전운전불이행,포장 - 건조,맑음,단일로 - 기타,승용,남,35세,상해없음,보행자,여,74세,경상
6325,2018082100100540,2018년 8월 21일 19시,화요일,경기도 수원시 팔달구 우만동,경상사고,0,0,1,0,차대사람 - 기타,안전운전불이행,포장 - 건조,맑음,단일로 - 기타,화물,남,58세,상해없음,보행자,여,16세,경상
6326,2018082100100543,2018년 8월 21일 19시,화요일,경기도 성남시 분당구 삼평동,중상사고,0,1,0,0,차대사람 - 횡단중,보행자보호의무위반,포장 - 건조,맑음,교차로 - 교차로안,승용,남,33세,상해없음,보행자,여,35세,중상
6327,2018082100100571,2018년 8월 21일 20시,화요일,경기도 평택시 지산동,중상사고,0,1,0,0,차대사람 - 보도통행중,안전운전불이행,포장 - 건조,맑음,교차로 - 교차로부근,승용,여,48세,상해없음,보행자,여,90세 이상,중상
6328,2018082100100638,2018년 8월 21일 21시,화요일,경기도 고양시 덕양구 주교동,중상사고,0,1,0,0,차대사람 - 횡단중,보행자보호의무위반,포장 - 기타,맑음,교차로 - 교차로횡단보도내,승용,여,62세,상해없음,보행자,남,58세,중상
6329,2018082100100668,2018년 8월 21일 23시,화요일,경기도 안산시 단원구 원곡동,중상사고,0,1,0,0,차대사람 - 횡단중,보행자보호의무위반,포장 - 건조,맑음,교차로 - 교차로횡단보도내,승합,남,56세,상해없음,보행자,남,22세,중상
6330,2018082200100084,2018년 8월 22일 07시,수요일,경기도 안양시 동안구 평촌동,중상사고,0,1,0,0,차대사람 - 횡단중,안전운전불이행,포장 - 건조,맑음,교차로 - 교차로안,승용,남,54세,상해없음,보행자,남,77세,중상
6331,2018082200100104,2018년 8월 22일 07시,수요일,경기도 파주시 문산읍,중상사고,0,1,0,0,차대사람 - 차도통행중,안전운전불이행,포장 - 건조,맑음,교차로 - 교차로안,승용,남,34세,상해없음,보행자,남,59세,중상
6332,2018082200100121,2018년 8월 22일 08시,수요일,경기도 양평군 양평읍,경상사고,0,0,1,0,차대사람 - 기타,안전운전불이행,포장 - 건조,맑음,기타 - 기타,승용,여,59세,상해없음,보행자,여,15세,경상
6333,2018082200100194,2018년 8월 22일 10시,수요일,경기도 의왕시 오전동,중상사고,0,1,0,0,차대사람 - 기타,안전운전불이행,포장 - 건조,맑음,교차로 - 교차로부근,화물,남,67세,상해없음,보행자,남,75세,중상
6334,2018082200100221,2018년 8월 22일 11시,수요일,경기도 용인시 수지구 성복동,경상사고,0,0,1,0,차대사람 - 횡단중,안전운전불이행,포장 - 건조,맑음,교차로 - 교차로부근,승용,여,75세,상해없음,보행자,남,37세,경상
6335,2018082200100251,2018년 8월 22일 12시,수요일,경기도 수원시 장안구 정자동,경상사고,0,0,1,0,차대사람 - 기타,안전운전불이행,포장 - 건조,맑음,단일로 - 기타,자전거,기타불명,미분류,기타불명,보행자,여,8세,경상
6336,2018082200100254,2018년 8월 22일 12시,수요일,경기도 수원시 권선구 서둔동,경상사고,0,0,1,0,차대사람 - 횡단중,안전운전불이행,포장 - 건조,맑음,단일로 - 기타,승용,남,39세,상해없음,보행자,여,24세,경상
6337,2018082200100283,2018년 8월 22일 13시,수요일,경기도 수원시 팔달구 매산로1가,중상사고,0,1,0,0,차대사람 - 횡단중,보행자보호의무위반,포장 - 건조,맑음,단일로 - 기타,화물,남,27세,상해없음,보행자,남,19세,중상
6338,2018082200100325,2018년 8월 22일 14시,수요일,경기도 성남시 수정구 태평동,경상사고,0,0,1,0,차대사람 - 기타,안전운전불이행,포장 - 건조,맑음,기타 - 기타,화물,남,48세,기타불명,보행자,여,10세,경상
6339,2018082200100363,2018년 8월 22일 15시,수요일,경기도 부천시 소사본동,경상사고,0,0,1,0,차대사람 - 횡단중,보행자보호의무위반,포장 - 건조,맑음,단일로 - 기타,승용,남,37세,상해없음,보행자,남,8세,경상
6340,2018082200100497,2018년 8월 22일 18시,수요일,경기도 수원시 권선구 세류동,경상사고,0,0,1,0,차대사람 - 횡단중,신호위반,포장 - 건조,맑음,교차로 - 교차로횡단보도내,이륜,남,52세,상해없음,보행자,여,70세,경상
6341,2018082200100515,2018년 8월 22일 18시,수요일,경기도 고양시 일산동구 장항동,경상사고,0,0,1,0,차대사람 - 횡단중,신호위반,포장 - 건조,맑음,교차로 - 교차로부근,개인형이동수단(PM),여,26세,상해없음,보행자,남,58세,경상
6342,2018082200100516,2018년 8월 22일 18시,수요일,경기도 고양시 일산동구 중산동,경상사고,0,0,1,0,차대사람 - 기타,안전운전불이행,포장 - 건조,맑음,기타 - 기타,승용,여,44세,기타불명,보행자,여,38세,경상
6343,2018082200100518,2018년 8월 22일 18시,수요일,경기도 파주시 금촌동,중상사고,0,1,0,0,차대사람 - 기타,안전운전불이행,포장 - 건조,맑음,단일로 - 기타,화물,남,60세,상해없음,보행자,여,49세,중상
6344,2018082200100603,2018년 8월 22일 21시,수요일,경기도 성남시 분당구 야탑동,부상신고사고,0,0,0,1,차대사람 - 차도통행중,안전운전불이행,포장 - 건조,맑음,단일로 - 기타,승용,남,42세,상해없음,보행자,남,52세,부상신고
6345,2018082200100604,2018년 8월 22일 21시,수요일,경기도 부천시 오정동,중상사고,0,1,0,0,차대사람 - 횡단중,안전운전불이행,포장 - 건조,맑음,교차로 - 교차로부근,이륜,남,22세,상해없음,보행자,여,51세,중상
6346,2018082300100014,2018년 8월 23일 00시,목요일,경기도 시흥시 포동,중상사고,0,1,0,0,차대사람 - 기타,안전운전불이행,포장 - 건조,맑음,단일로 - 기타,승용,남,41세,상해없음,보행자,남,34세,중상
6347,2018082300100042,2018년 8월 23일 04시,목요일,경기도 부천시 심곡본동,중상사고,0,1,0,0,차대사람 - 횡단중,안전운전불이행,포장 - 건조,맑음,단일로 - 기타,승합,남,48세,상해없음,보행자,여,46세,중상
6348,2018082300100070,2018년 8월 23일 07시,목요일,경기도 안산시 상록구 본오동,경상사고,0,0,1,0,차대사람 - 기타,안전운전불이행,포장 - 건조,맑음,단일로 - 기타,승용,남,55세,상해없음,보행자,남,50세,경상
6349,2018082300100135,2018년 8월 23일 09시,목요일,경기도 고양시 일산서구 대화동,경상사고,0,0,1,0,차대사람 - 횡단중,신호위반,포장 - 건조,맑음,단일로 - 기타,승용,남,57세,상해없음,보행자,남,55세,경상
6350,2018082300100144,2018년 8월 23일 10시,목요일,경기도 광명시 광명동,경상사고,0,0,1,0,차대사람 - 횡단중,안전운전불이행,포장 - 건조,맑음,교차로 - 교차로횡단보도내,승합,남,55세,상해없음,보행자,남,84세,경상
6351,2018082300100182,2018년 8월 23일 11시,목요일,경기도 남양주시 퇴계원면,경상사고,0,0,1,0,차대사람 - 기타,기타,포장 - 건조,맑음,단일로 - 기타,화물,남,38세,상해없음,보행자,여,85세,경상
6352,2018082300100189,2018년 8월 23일 12시,목요일,경기도 광명시 광명동,경상사고,0,0,1,0,차대사람 - 기타,안전운전불이행,포장 - 건조,맑음,교차로 - 교차로안,화물,남,57세,상해없음,보행자,여,49세,경상
6353,2018082300100202,2018년 8월 23일 13시,목요일,경기도 안산시 상록구 이동,경상사고,0,0,1,0,차대사람 - 횡단중,안전운전불이행,포장 - 건조,맑음,단일로 - 기타,승용,여,54세,상해없음,보행자,남,37세,경상
6354,2018082300100203,2018년 8월 23일 13시,목요일,경기도 안양시 만안구 안양동,중상사고,0,1,0,0,차대사람 - 기타,안전운전불이행,포장 - 건조,맑음,교차로 - 교차로횡단보도내,승용,남,27세,상해없음,보행자,여,84세,중상
6355,2018082300100231,2018년 8월 23일 14시,목요일,경기도 포천시 선단동,경상사고,0,0,1,0,차대사람 - 횡단중,교차로운행방법위반,포장 - 건조,맑음,교차로 - 교차로안,승용,남,34세,상해없음,보행자,남,63세,경상
6356,2018082300100243,2018년 8월 23일 15시,목요일,경기도 오산시 원동,경상사고,0,0,1,0,차대사람 - 기타,안전운전불이행,포장 - 건조,맑음,단일로 - 기타,승용,남,48세,상해없음,보행자,남,37세,경상
6357,2018082300100263,2018년 8월 23일 15시,목요일,경기도 의정부시 호원동,중상사고,0,1,0,0,차대사람 - 기타,안전운전불이행,포장 - 건조,맑음,교차로 - 교차로부근,승용,여,60세,상해없음,보행자,남,66세,중상
6358,2018082300100273,2018년 8월 23일 16시,목요일,경기도 시흥시 거모동,경상사고,0,0,1,0,차대사람 - 기타,안전운전불이행,포장 - 건조,맑음,단일로 - 기타,승용,여,36세,상해없음,보행자,여,49세,경상
6359,2018082300100290,2018년 8월 23일 16시,목요일,경기도 파주시 목동동,경상사고,0,0,1,0,차대사람 - 기타,안전운전불이행,포장 - 건조,맑음,주차장 - 주차장,승용,여,58세,상해없음,보행자,여,32세,경상
6360,2018082300100300,2018년 8월 23일 17시,목요일,경기도 광명시 광명동,부상신고사고,0,0,0,1,차대사람 - 기타,안전운전불이행,포장 - 건조,맑음,단일로 - 기타,기타불명,기타불명,미분류,기타불명,보행자,여,16세,부상신고
6361,2018082300100324,2018년 8월 23일 17시,목요일,경기도 고양시 일산서구 대화동,경상사고,0,0,1,0,차대사람 - 기타,안전운전불이행,포장 - 건조,흐림,단일로 - 기타,승합,남,57세,상해없음,보행자,남,58세,경상
6362,2018082300100339,2018년 8월 23일 18시,목요일,경기도 의왕시 삼동,경상사고,0,0,1,0,차대사람 - 기타,안전운전불이행,포장 - 건조,맑음,단일로 - 기타,이륜,남,18세,상해없음,보행자,여,8세,경상