,사고번호,사고일시,요일,시군구,사고내용,사망자수,중상자수,경상자수,부상신고자수,사고유형,법규위반,노면상태,기상상태,도로형태,가해운전자 차종,가해운전자 성별,가해운전자 연령,가해운전자 상해정도,피해운전자 차종,피해운전자 성별,피해운전자 연령,피해운전자 상해정도
6475,2018082700100513,2018년 8월 27일 18시,월요일,경기도 고양시 일산서구 일산동,중상사고,0,1,0,0,차대사람 - 횡단중,안전운전불이행,포장 - 건조,맑음,교차로 - 교차로부근,승용,여,48세,상해없음,보행자,여,53세,중상
6476,2018082700100527,2018년 8월 27일 19시,월요일,경기도 성남시 수정구 양지동,경상사고,0,0,1,0,차대사람 - 기타,안전운전불이행,포장 - 건조,맑음,단일로 - 기타,승용,여,55세,상해없음,보행자,남,35세,경상
6477,2018082700100528,2018년 8월 27일 19시,월요일,경기도 평택시 이충동,중상사고,0,2,0,0,차대사람 - 길가장자리구역통행중,안전운전불이행,포장 - 건조,맑음,단일로 - 기타,승용,여,48세,상해없음,보행자,남,16세,중상
6478,2018082700100530,2018년 8월 27일 19시,월요일,경기도 오산시 원동,중상사고,0,1,0,0,차대사람 - 횡단중,보행자보호의무위반,포장 - 젖음/습기,흐림,교차로 - 교차로횡단보도내,승용,남,52세,상해없음,보행자,남,14세,중상
6479,2018082700100599,2018년 8월 27일 21시,월요일,경기도 구리시 수택동,경상사고,0,0,1,0,차대사람 - 기타,안전운전불이행,포장 - 건조,맑음,교차로 - 교차로안,기타불명,기타불명,미분류,기타불명,보행자,남,57세,경상
6480,2018082700100627,2018년 8월 27일 23시,월요일,경기도 부천시 도당동,부상신고사고,0,0,0,1,차대사람 - 기타,안전운전불이행,포장 - 건조,맑음,단일로 - 기타,승용,남,45세,상해없음,보행자,남,15세,부상신고
6481,2018082700100628,2018년 8월 27일 23시,월요일,경기도 성남시 분당구 야탑동,경상사고,0,0,1,0,차대사람 - 기타,안전운전불이행,포장 - 건조,맑음,교차로 - 교차로부근,승용,남,25세,상해없음,보행자,여,45세,경상
6482,2018082800100005,2018년 8월 28일 00시,화요일,경기도 평택시 비전동,경상사고,0,0,1,0,차대사람 - 차도통행중,안전운전불이행,포장 - 젖음/습기,비,교차로 - 교차로안,승용,남,33세,상해없음,보행자,남,45세,경상
6483,2018082800100062,2018년 8월 28일 06시,화요일,경기도 수원시 팔달구 인계동,중상사고,0,1,0,0,차대사람 - 횡단중,안전운전불이행,포장 - 젖음/습기,비,단일로 - 기타,승용,남,61세,상해없음,보행자,여,79세,중상
6484,2018082800100075,2018년 8월 28일 06시,화요일,경기도 가평군 상면,중상사고,0,1,0,0,차대사람 - 기타,안전운전불이행,포장 - 건조,맑음,기타 - 기타,화물,남,53세,상해없음,보행자,여,81세,중상
6485,2018082800100079,2018년 8월 28일 07시,화요일,경기도 안양시 동안구 비산동,중상사고,0,1,0,0,차대사람 - 기타,안전운전불이행,포장 - 젖음/습기,비,교차로 - 교차로부근,화물,여,51세,상해없음,보행자,여,82세,중상
6486,2018082800100157,2018년 8월 28일 09시,화요일,경기도 남양주시 화도읍,경상사고,0,0,1,0,차대사람 - 차도통행중,안전운전불이행,포장 - 건조,맑음,교차로 - 교차로부근,승용,여,57세,상해없음,보행자,남,51세,경상
6487,2018082800100216,2018년 8월 28일 12시,화요일,경기도 부천시 원미동,경상사고,0,0,1,0,차대사람 - 보도통행중,기타,포장 - 젖음/습기,비,단일로 - 기타,자전거,남,68세,상해없음,보행자,여,53세,경상
6488,2018082800100246,2018년 8월 28일 13시,화요일,경기도 광주시 곤지암읍,중상사고,0,1,0,0,차대사람 - 횡단중,안전운전불이행,포장 - 건조,맑음,기타 - 기타,승용,여,21세,상해없음,보행자,여,63세,중상
6489,2018082800100281,2018년 8월 28일 14시,화요일,경기도 의왕시 내손동,경상사고,0,0,1,0,차대사람 - 횡단중,신호위반,포장 - 젖음/습기,비,단일로 - 기타,승용,남,72세,상해없음,보행자,남,59세,경상
6490,2018082800100347,2018년 8월 28일 16시,화요일,경기도 시흥시 정왕동,중상사고,0,1,0,0,차대사람 - 횡단중,신호위반,포장 - 건조,맑음,교차로 - 교차로횡단보도내,승용,여,54세,상해없음,보행자,남,11세,중상
6491,2018082800100442,2018년 8월 28일 18시,화요일,경기도 용인시 처인구 김량장동,경상사고,0,0,1,0,차대사람 - 횡단중,안전운전불이행,포장 - 젖음/습기,비,교차로 - 교차로안,승용,여,36세,상해없음,보행자,여,63세,경상
6492,2018082800100507,2018년 8월 28일 19시,화요일,경기도 포천시 어룡동,경상사고,0,0,1,0,차대사람 - 기타,안전운전불이행,포장 - 젖음/습기,맑음,교차로 - 교차로안,승합,여,44세,상해없음,보행자,남,20세,경상
6493,2018082800100515,2018년 8월 28일 20시,화요일,경기도 오산시 내삼미동,중상사고,0,1,0,0,차대사람 - 횡단중,안전운전불이행,포장 - 건조,맑음,단일로 - 기타,승합,남,43세,상해없음,보행자,여,23세,중상
6494,2018082800100516,2018년 8월 28일 20시,화요일,경기도 안산시 단원구 와동,중상사고,0,1,0,0,차대사람 - 횡단중,안전운전불이행,포장 - 젖음/습기,비,교차로 - 교차로안,승용,남,20세,상해없음,보행자,여,18세,중상
6495,2018082800100520,2018년 8월 28일 20시,화요일,경기도 하남시 신장동,경상사고,0,0,1,0,차대사람 - 기타,보행자보호의무위반,포장 - 젖음/습기,비,교차로 - 교차로안,승용,남,39세,상해없음,보행자,남,12세,경상
6496,2018082800100521,2018년 8월 28일 20시,화요일,경기도 안양시 만안구 석수동,경상사고,0,0,2,0,차대사람 - 기타,보행자보호의무위반,포장 - 젖음/습기,비,교차로 - 교차로횡단보도내,승용,여,46세,상해없음,보행자,여,52세,경상
6497,2018082800100544,2018년 8월 28일 20시,화요일,경기도 파주시 적성면,중상사고,0,1,0,0,차대사람 - 횡단중,안전운전불이행,포장 - 젖음/습기,비,단일로 - 기타,화물,남,60세,상해없음,보행자,남,72세,중상
6498,2018082800100545,2018년 8월 28일 20시,화요일,경기도 양주시 덕정동,경상사고,0,0,1,0,차대사람 - 횡단중,신호위반,포장 - 젖음/습기,비,교차로 - 교차로부근,원동기,여,60세,상해없음,보행자,여,42세,경상
6499,2018082800100563,2018년 8월 28일 21시,화요일,경기도 오산시 원동,경상사고,0,0,1,0,차대사람 - 기타,안전운전불이행,포장 - 건조,맑음,단일로 - 기타,승용,남,64세,상해없음,보행자,남,47세,경상
6500,2018082800100570,2018년 8월 28일 21시,화요일,경기도 시흥시 은행동,경상사고,0,0,1,0,차대사람 - 횡단중,신호위반,포장 - 젖음/습기,비,교차로 - 교차로안,승용,남,57세,상해없음,보행자,남,41세,경상
6501,2018082800100573,2018년 8월 28일 21시,화요일,경기도 용인시 수지구 풍덕천동,경상사고,0,0,1,0,차대사람 - 기타,안전운전불이행,포장 - 건조,맑음,기타 - 기타,승용,남,43세,상해없음,보행자,여,68세,경상
6502,2018082800100617,2018년 8월 28일 22시,화요일,경기도 남양주시 다산동,경상사고,0,0,1,0,차대사람 - 차도통행중,안전운전불이행,포장 - 젖음/습기,비,단일로 - 기타,승용,남,38세,상해없음,보행자,남,36세,경상
6503,2018082800100628,2018년 8월 28일 23시,화요일,경기도 평택시 현덕면,중상사고,0,1,0,0,차대사람 - 차도통행중,안전운전불이행,포장 - 건조,맑음,단일로 - 기타,승용,남,46세,상해없음,보행자,남,54세,중상
6504,2018082800100631,2018년 8월 28일 23시,화요일,경기도 화성시 진안동,경상사고,0,0,1,0,차대사람 - 기타,안전운전불이행,포장 - 건조,맑음,단일로 - 기타,승용,남,23세,상해없음,보행자,남,20세,경상
6505,2018082900100006,2018년 8월 29일 00시,수요일,경기도 의왕시 오전동,중상사고,0,1,0,0,차대사람 - 횡단중,안전운전불이행,포장 - 젖음/습기,비,교차로 - 교차로안,승용,여,56세,상해없음,보행자,남,62세,중상
6506,2018082900100013,2018년 8월 29일 00시,수요일,경기도 파주시 금촌동,경상사고,0,0,1,0,차대사람 - 횡단중,안전운전불이행,포장 - 젖음/습기,비,단일로 - 기타,승용,남,31세,상해없음,보행자,여,23세,경상
6507,2018082900100019,2018년 8월 29일 01시,수요일,경기도 수원시 팔달구 매산로2가,사망사고,1,0,0,0,차대사람 - 횡단중,안전운전불이행,포장 - 젖음/습기,비,단일로 - 기타,승용,남,57세,상해없음,보행자,여,73세,사망
6508,2018082900100028,2018년 8월 29일 01시,수요일,경기도 남양주시 금곡동,경상사고,0,0,1,0,차대사람 - 횡단중,보행자보호의무위반,포장 - 젖음/습기,비,교차로 - 교차로안,승용,남,26세,상해없음,보행자,여,26세,경상
6509,2018082900100060,2018년 8월 29일 06시,수요일,경기도 시흥시 능곡동,중상사고,0,1,0,0,차대사람 - 횡단중,신호위반,포장 - 건조,맑음,교차로 - 교차로횡단보도내,승용,남,32세,상해없음,보행자,여,70세,중상
6510,2018082900100095,2018년 8월 29일 08시,수요일,경기도 성남시 수정구 태평동,중상사고,0,1,0,0,차대사람 - 기타,안전운전불이행,포장 - 건조,맑음,단일로 - 기타,승용,남,31세,상해없음,보행자,남,44세,중상
6511,2018082900100096,2018년 8월 29일 08시,수요일,경기도 평택시 팽성읍,경상사고,0,0,1,0,차대사람 - 보도통행중,보행자보호의무위반,포장 - 건조,맑음,교차로 - 교차로안,승용,여,37세,상해없음,보행자,여,14세,경상
6512,2018082900100098,2018년 8월 29일 08시,수요일,경기도 부천시 심곡본동,경상사고,0,0,1,0,차대사람 - 길가장자리구역통행중,안전운전불이행,포장 - 건조,맑음,단일로 - 기타,승용,여,31세,상해없음,보행자,남,41세,경상
6513,2018082900100135,2018년 8월 29일 08시,수요일,경기도 고양시 덕양구 관산동,중상사고,0,1,0,0,차대사람 - 차도통행중,안전운전불이행,포장 - 건조,맑음,주차장 - 주차장,화물,남,64세,상해없음,보행자,여,58세,중상
6514,2018082900100149,2018년 8월 29일 09시,수요일,경기도 오산시 청학동,경상사고,0,0,1,0,차대사람 - 기타,안전운전불이행,포장 - 건조,맑음,단일로 - 기타,화물,남,46세,상해없음,보행자,남,23세,경상
6515,2018082900100168,2018년 8월 29일 10시,수요일,경기도 안성시 양성면,중상사고,0,1,0,0,차대사람 - 차도통행중,안전운전불이행,포장 - 건조,맑음,단일로 - 기타,화물,남,52세,상해없음,보행자,남,68세,중상
6516,2018082900100189,2018년 8월 29일 10시,수요일,경기도 남양주시 와부읍,경상사고,0,0,1,0,차대사람 - 횡단중,안전운전불이행,포장 - 건조,맑음,교차로 - 교차로안,승용,남,60세,상해없음,보행자,남,69세,경상
6517,2018082900100191,2018년 8월 29일 10시,수요일,경기도 파주시 문산읍,경상사고,0,0,1,0,차대사람 - 기타,안전운전불이행,포장 - 건조,맑음,주차장 - 주차장,화물,남,31세,상해없음,보행자,여,60세,경상
6518,2018082900100200,2018년 8월 29일 11시,수요일,경기도 오산시 궐동,중상사고,0,1,0,0,차대사람 - 횡단중,보행자보호의무위반,포장 - 건조,맑음,교차로 - 교차로횡단보도내,승용,남,20세,상해없음,보행자,여,66세,중상
6519,2018082900100260,2018년 8월 29일 13시,수요일,경기도 안산시 단원구 원곡동,중상사고,0,1,0,0,차대사람 - 기타,안전운전불이행,포장 - 건조,맑음,교차로 - 교차로안,화물,남,39세,상해없음,보행자,여,77세,중상
6520,2018082900100318,2018년 8월 29일 15시,수요일,경기도 수원시 영통구 매탄동,중상사고,0,1,0,0,차대사람 - 횡단중,안전운전불이행,포장 - 건조,맑음,단일로 - 기타,승용,남,44세,상해없음,보행자,남,64세,중상
6521,2018082900100338,2018년 8월 29일 16시,수요일,경기도 부천시 괴안동,경상사고,0,0,1,0,차대사람 - 기타,안전운전불이행,포장 - 건조,맑음,단일로 - 기타,화물,남,57세,기타불명,보행자,남,19세,경상
6522,2018082900100422,2018년 8월 29일 18시,수요일,경기도 수원시 장안구 영화동,중상사고,0,1,0,0,차대사람 - 횡단중,안전운전불이행,포장 - 젖음/습기,흐림,교차로 - 교차로안,승용,남,53세,상해없음,보행자,여,76세,중상
6523,2018082900100461,2018년 8월 29일 19시,수요일,경기도 성남시 수정구 복정동,중상사고,0,1,0,0,차대사람 - 횡단중,신호위반,포장 - 젖음/습기,비,단일로 - 기타,이륜,남,22세,상해없음,보행자,남,39세,중상
6524,2018082900100463,2018년 8월 29일 19시,수요일,경기도 용인시 기흥구 신갈동,경상사고,0,0,1,0,차대사람 - 횡단중,안전운전불이행,포장 - 젖음/습기,비,교차로 - 교차로안,승용,여,63세,상해없음,보행자,남,64세,경상
6525,2018082900100464,2018년 8월 29일 19시,수요일,경기도 부천시 괴안동,중상사고,0,1,0,0,차대사람 - 횡단중,신호위반,포장 - 젖음/습기,비,교차로 - 교차로횡단보도내,이륜,남,20세,상해없음,보행자,여,20세,중상
6526,2018082900100465,2018년 8월 29일 19시,수요일,경기도 오산시 금암동,중상사고,0,1,0,0,차대사람 - 횡단중,안전운전불이행,포장 - 건조,맑음,교차로 - 교차로횡단보도내,승용,남,47세,상해없음,보행자,남,58세,중상
6527,2018082900100513,2018년 8월 29일 20시,수요일,경기도 화성시 능동,부상신고사고,0,0,0,1,차대사람 - 기타,안전운전불이행,포장 - 젖음/습기,흐림,교차로 - 교차로횡단보도내,기타불명,기타불명,미분류,기타불명,보행자,남,56세,부상신고
6528,2018082900100516,2018년 8월 29일 20시,수요일,경기도 군포시 당동,경상사고,0,0,1,0,차대사람 - 횡단중,보행자보호의무위반,포장 - 젖음/습기,비,교차로 - 교차로횡단보도내,승용,남,75세,상해없음,보행자,여,55세,경상
6529,2018082900100518,2018년 8월 29일 20시,수요일,경기도 성남시 분당구 야탑동,중상사고,0,1,0,0,차대사람 - 횡단중,안전운전불이행,포장 - 젖음/습기,비,기타 - 기타,승용,여,51세,상해없음,보행자,남,76세,중상
6530,2018082900100522,2018년 8월 29일 20시,수요일,경기도 용인시 수지구 동천동,경상사고,0,0,1,0,차대사람 - 횡단중,보행자보호의무위반,포장 - 젖음/습기,비,교차로 - 교차로안,화물,남,56세,상해없음,보행자,남,63세,경상
6531,2018082900100552,2018년 8월 29일 21시,수요일,경기도 광명시 하안동,경상사고,0,0,1,0,차대사람 - 횡단중,안전운전불이행,포장 - 젖음/습기,비,단일로 - 기타,이륜,남,19세,상해없음,보행자,여,58세,경상
6532,2018082900100578,2018년 8월 29일 22시,수요일,경기도 김포시 풍무동,중상사고,0,1,0,0,차대사람 - 횡단중,신호위반,포장 - 침수,비,단일로 - 기타,승용,여,54세,상해없음,보행자,여,57세,중상
6533,2018082900100579,2018년 8월 29일 22시,수요일,경기도 부천시 역곡동,중상사고,0,1,0,0,차대사람 - 횡단중,안전운전불이행,포장 - 젖음/습기,비,교차로 - 교차로횡단보도내,이륜,남,21세,상해없음,보행자,여,74세,중상
6534,2018082900100583,2018년 8월 29일 22시,수요일,경기도 안양시 만안구 석수동,경상사고,0,0,1,0,차대사람 - 횡단중,보행자보호의무위반,포장 - 건조,맑음,교차로 - 교차로횡단보도내,승용,남,55세,상해없음,보행자,남,30세,경상
6535,2018082900100613,2018년 8월 29일 23시,수요일,경기도 수원시 권선구 권선동,경상사고,0,0,1,0,차대사람 - 횡단중,보행자보호의무위반,포장 - 젖음/습기,비,단일로 - 기타,화물,남,52세,상해없음,보행자,여,15세,경상
6536,2018082900100614,2018년 8월 29일 23시,수요일,경기도 수원시 영통구 영통동,부상신고사고,0,0,0,1,차대사람 - 기타,안전운전불이행,포장 - 젖음/습기,비,기타 - 기타,자전거,남,16세,상해없음,보행자,남,67세,부상신고
6537,2018083000100038,2018년 8월 30일 02시,목요일,경기도 평택시 청북읍,사망사고,1,0,0,0,차대사람 - 기타,안전운전불이행,포장 - 젖음/습기,비,단일로 - 기타,승용,남,40세,상해없음,보행자,남,36세,사망
6538,2018083000100046,2018년 8월 30일 03시,목요일,경기도 이천시 창전동,부상신고사고,0,0,0,1,차대사람 - 기타,안전운전불이행,포장 - 건조,맑음,단일로 - 기타,승용,남,58세,상해없음,보행자,남,63세,부상신고
6539,2018083000100071,2018년 8월 30일 06시,목요일,경기도 파주시 조리읍,경상사고,0,0,1,0,차대사람 - 기타,기타,포장 - 건조,맑음,단일로 - 기타,승합,남,75세,상해없음,보행자,여,59세,경상
6540,2018083000100079,2018년 8월 30일 07시,목요일,경기도 김포시 고촌읍,중상사고,0,1,0,0,차대사람 - 기타,안전운전불이행,포장 - 건조,맑음,단일로 - 기타,승합,남,51세,상해없음,보행자,남,59세,중상
6541,2018083000100109,2018년 8월 30일 08시,목요일,경기도 화성시 반송동,중상사고,0,1,0,0,차대사람 - 횡단중,안전운전불이행,포장 - 건조,맑음,단일로 - 기타,승용,남,56세,상해없음,보행자,여,55세,중상
6542,2018083000100110,2018년 8월 30일 08시,목요일,경기도 수원시 팔달구 인계동,경상사고,0,0,1,0,차대사람 - 횡단중,보행자보호의무위반,포장 - 건조,맑음,단일로 - 기타,승용,여,54세,상해없음,보행자,여,17세,경상
6543,2018083000100132,2018년 8월 30일 08시,목요일,경기도 남양주시 별내동,중상사고,0,1,0,0,차대사람 - 기타,기타,포장 - 건조,맑음,기타 - 기타,승합,남,52세,상해없음,보행자,여,67세,중상
6544,2018083000100134,2018년 8월 30일 08시,목요일,경기도 동두천시 생연동,경상사고,0,0,1,0,차대사람 - 기타,기타,포장 - 건조,맑음,주차장 - 주차장,승용,여,55세,상해없음,보행자,남,17세,경상
6545,2018083000100248,2018년 8월 30일 13시,목요일,경기도 김포시 통진읍,경상사고,0,0,1,0,차대사람 - 기타,안전운전불이행,포장 - 건조,맑음,단일로 - 기타,승합,남,61세,상해없음,보행자,여,33세,경상
6546,2018083000100249,2018년 8월 30일 13시,목요일,경기도 안산시 단원구 와동,경상사고,0,0,1,0,차대사람 - 차도통행중,안전운전불이행,포장 - 건조,맑음,단일로 - 기타,승합,남,68세,기타불명,보행자,남,77세,경상
6547,2018083000100269,2018년 8월 30일 13시,목요일,경기도 고양시 일산동구 백석동,중상사고,0,1,0,0,차대사람 - 횡단중,보행자보호의무위반,포장 - 건조,맑음,단일로 - 기타,승용,여,61세,상해없음,보행자,여,59세,중상
6548,2018083000100278,2018년 8월 30일 14시,목요일,경기도 이천시 장호원읍,경상사고,0,0,1,0,차대사람 - 기타,안전운전불이행,포장 - 젖음/습기,비,단일로 - 기타,승용,남,61세,상해없음,보행자,여,58세,경상
6549,2018083000100280,2018년 8월 30일 14시,목요일,경기도 안산시 단원구 원곡동,경상사고,0,0,1,0,차대사람 - 횡단중,안전운전불이행,포장 - 건조,맑음,단일로 - 기타,화물,남,58세,상해없음,보행자,여,1세,경상
6550,2018083000100283,2018년 8월 30일 14시,목요일,경기도 화성시 봉담읍,경상사고,0,0,1,0,차대사람 - 횡단중,보행자보호의무위반,포장 - 건조,맑음,교차로 - 교차로횡단보도내,승용,여,50세,상해없음,보행자,남,6세,경상
6551,2018083000100310,2018년 8월 30일 15시,목요일,경기도 안산시 단원구 원곡동,중상사고,0,1,0,0,차대사람 - 차도통행중,안전운전불이행,포장 - 건조,맑음,단일로 - 기타,승용,남,48세,상해없음,보행자,여,63세,중상
6552,2018083000100313,2018년 8월 30일 15시,목요일,경기도 용인시 수지구 풍덕천동,경상사고,0,0,1,0,차대사람 - 길가장자리구역통행중,안전운전불이행,포장 - 건조,맑음,교차로 - 교차로부근,승용,남,59세,상해없음,보행자,남,28세,경상
6553,2018083000100335,2018년 8월 30일 15시,목요일,경기도 포천시 설운동,경상사고,0,0,1,0,차대사람 - 기타,안전운전불이행,포장 - 건조,맑음,단일로 - 기타,승용,여,42세,상해없음,보행자,여,46세,경상
6554,2018083000100365,2018년 8월 30일 16시,목요일,경기도 의정부시 용현동,중상사고,0,1,0,0,차대사람 - 기타,안전운전불이행,포장 - 건조,맑음,교차로 - 교차로부근,승용,여,50세,상해없음,보행자,여,8세,중상
6555,2018083000100366,2018년 8월 30일 16시,목요일,경기도 구리시 인창동,경상사고,0,0,1,0,차대사람 - 기타,보행자보호의무위반,포장 - 건조,맑음,교차로 - 교차로안,기타불명,기타불명,미분류,기타불명,보행자,남,16세,경상
6556,2018083000100378,2018년 8월 30일 17시,목요일,경기도 오산시 금암동,부상신고사고,0,0,0,1,차대사람 - 기타,안전운전불이행,포장 - 건조,맑음,기타 - 기타,기타불명,기타불명,미분류,기타불명,보행자,여,35세,부상신고
6557,2018083000100379,2018년 8월 30일 17시,목요일,경기도 안산시 단원구 선부동,부상신고사고,0,0,0,1,차대사람 - 기타,안전운전불이행,포장 - 건조,맑음,교차로 - 교차로부근,승용,남,45세,상해없음,보행자,여,15세,부상신고
6558,2018083000100380,2018년 8월 30일 17시,목요일,경기도 안산시 단원구 원곡동,경상사고,0,0,1,0,차대사람 - 길가장자리구역통행중,안전운전불이행,포장 - 건조,맑음,단일로 - 기타,기타불명,기타불명,미분류,기타불명,보행자,여,60세,경상
6559,2018083000100412,2018년 8월 30일 17시,목요일,경기도 고양시 일산서구 주엽동,경상사고,0,0,1,0,차대사람 - 기타,안전운전불이행,포장 - 건조,맑음,기타 - 기타,자전거,남,13세,상해없음,보행자,여,5세,경상
6560,2018083000100460,2018년 8월 30일 19시,목요일,경기도 용인시 기흥구 신갈동,경상사고,0,0,1,0,차대사람 - 횡단중,신호위반,포장 - 건조,맑음,단일로 - 기타,이륜,남,16세,상해없음,보행자,남,63세,경상
6561,2018083000100462,2018년 8월 30일 19시,목요일,경기도 김포시 풍무동,경상사고,0,0,1,0,차대사람 - 기타,기타,포장 - 건조,맑음,단일로 - 기타,승합,남,63세,상해없음,보행자,여,69세,경상
6562,2018083000100493,2018년 8월 30일 19시,목요일,경기도 고양시 덕양구 행신동,부상신고사고,0,0,0,1,차대사람 - 보도통행중,신호위반,포장 - 건조,맑음,교차로 - 교차로횡단보도내,기타불명,기타불명,미분류,기타불명,보행자,여,52세,부상신고
6563,2018083000100494,2018년 8월 30일 19시,목요일,경기도 파주시 조리읍,부상신고사고,0,0,0,1,차대사람 - 기타,안전운전불이행,포장 - 건조,맑음,단일로 - 기타,승용,남,58세,상해없음,보행자,남,43세,부상신고
6564,2018083000100504,2018년 8월 30일 20시,목요일,경기도 수원시 팔달구 화서동,중상사고,0,1,0,0,차대사람 - 횡단중,안전운전불이행,포장 - 건조,맑음,단일로 - 기타,승용,남,51세,상해없음,보행자,여,47세,중상
6565,2018083000100529,2018년 8월 30일 20시,목요일,경기도 의정부시 민락동,부상신고사고,0,0,0,1,차대사람 - 기타,안전운전불이행,포장 - 건조,맑음,단일로 - 기타,승용,남,27세,상해없음,보행자,남,4세,부상신고
6566,2018083000100530,2018년 8월 30일 20시,목요일,경기도 고양시 일산동구 장항동,경상사고,0,0,1,0,차대사람 - 횡단중,신호위반,포장 - 건조,맑음,교차로 - 교차로횡단보도내,자전거,남,31세,상해없음,보행자,여,48세,경상
6567,2018083000100537,2018년 8월 30일 21시,목요일,경기도 성남시 수정구 수진동,경상사고,0,0,1,0,차대사람 - 기타,안전운전불이행,포장 - 건조,맑음,단일로 - 기타,승용,남,45세,상해없음,보행자,남,39세,경상
6568,2018083000100538,2018년 8월 30일 21시,목요일,경기도 평택시 지산동,중상사고,0,1,0,0,차대사람 - 기타,안전운전불이행,포장 - 건조,맑음,교차로 - 교차로부근,기타불명,기타불명,미분류,기타불명,보행자,여,80세,중상
6569,2018083000100539,2018년 8월 30일 21시,목요일,경기도 안양시 동안구 비산동,경상사고,0,0,1,0,차대사람 - 기타,기타,포장 - 건조,맑음,기타 - 기타,승합,남,46세,상해없음,보행자,남,58세,경상
6570,2018083000100541,2018년 8월 30일 21시,목요일,경기도 시흥시 대야동,경상사고,0,0,1,0,차대사람 - 길가장자리구역통행중,안전운전불이행,포장 - 건조,맑음,기타 - 기타,승용,남,44세,상해없음,보행자,남,43세,경상
6571,2018083000100558,2018년 8월 30일 21시,목요일,경기도 구리시 수택동,경상사고,0,0,1,0,차대사람 - 기타,안전운전불이행,포장 - 건조,맑음,단일로 - 기타,승용,여,25세,상해없음,보행자,여,27세,경상
6572,2018083100100009,2018년 8월 31일 00시,금요일,경기도 여주시 교동,사망사고,1,0,0,0,차대사람 - 횡단중,과속,포장 - 젖음/습기,비,교차로 - 교차로부근,승용,남,45세,상해없음,보행자,여,20세,사망
6573,2018083100100012,2018년 8월 31일 00시,금요일,경기도 용인시 수지구 죽전동,중상사고,0,1,0,0,차대사람 - 횡단중,안전운전불이행,포장 - 건조,맑음,교차로 - 교차로횡단보도내,화물,남,28세,상해없음,보행자,남,31세,중상
6574,2018083100100038,2018년 8월 31일 02시,금요일,경기도 하남시 신장동,경상사고,0,0,1,0,차대사람 - 기타,안전운전불이행,포장 - 젖음/습기,흐림,단일로 - 기타,기타불명,기타불명,미분류,기타불명,보행자,여,24세,경상
6575,2018083100100060,2018년 8월 31일 04시,금요일,경기도 광주시 삼동,경상사고,0,0,1,0,차대사람 - 횡단중,보행자보호의무위반,포장 - 건조,맑음,교차로 - 교차로안,자전거,남,82세,상해없음,보행자,남,69세,경상
6576,2018083100100061,2018년 8월 31일 04시,금요일,경기도 화성시 병점동,경상사고,0,0,1,0,차대사람 - 기타,안전운전불이행,포장 - 건조,맑음,단일로 - 기타,기타불명,기타불명,미분류,기타불명,보행자,남,23세,경상
6577,2018083100100070,2018년 8월 31일 05시,금요일,경기도 수원시 권선구 권선동,경상사고,0,0,1,0,차대사람 - 차도통행중,안전운전불이행,포장 - 건조,맑음,교차로 - 교차로부근,승용,남,62세,상해없음,보행자,남,62세,경상
6578,2018083100100098,2018년 8월 31일 07시,금요일,경기도 수원시 팔달구 화서동,경상사고,0,0,1,0,차대사람 - 기타,보행자보호의무위반,포장 - 젖음/습기,흐림,교차로 - 교차로안,승용,남,32세,상해없음,보행자,여,15세,경상
6579,2018083100100109,2018년 8월 31일 07시,금요일,경기도 고양시 일산서구 일산동,중상사고,0,1,0,0,차대사람 - 횡단중,안전운전불이행,포장 - 건조,맑음,교차로 - 교차로부근,기타불명,기타불명,미분류,기타불명,보행자,남,47세,중상
6580,2018083100100116,2018년 8월 31일 08시,금요일,경기도 광명시 광명동,부상신고사고,0,0,0,1,차대사람 - 기타,안전운전불이행,포장 - 건조,맑음,단일로 - 기타,승용,여,63세,상해없음,보행자,남,7세,부상신고
6581,2018083100100118,2018년 8월 31일 08시,금요일,경기도 안산시 상록구 월피동,경상사고,0,0,1,0,차대사람 - 차도통행중,안전운전불이행,포장 - 건조,맑음,단일로 - 기타,승용,여,45세,상해없음,보행자,여,17세,경상
6582,2018083100100119,2018년 8월 31일 08시,금요일,경기도 안산시 상록구 성포동,중상사고,0,1,0,0,차대사람 - 횡단중,신호위반,포장 - 건조,맑음,교차로 - 교차로안,승용,남,64세,상해없음,보행자,여,30세,중상
6583,2018083100100150,2018년 8월 31일 09시,금요일,경기도 광명시 광명동,경상사고,0,0,1,0,차대사람 - 기타,안전운전불이행,포장 - 건조,맑음,단일로 - 기타,승용,남,65세,상해없음,보행자,남,61세,경상
6584,2018083100100154,2018년 8월 31일 09시,금요일,경기도 용인시 수지구 풍덕천동,중상사고,0,1,0,0,차대사람 - 횡단중,안전운전불이행,포장 - 건조,맑음,단일로 - 기타,승용,남,66세,상해없음,보행자,남,74세,중상
6585,2018083100100178,2018년 8월 31일 09시,금요일,경기도 남양주시 화도읍,중상사고,0,1,0,0,차대사람 - 기타,보행자보호의무위반,포장 - 건조,맑음,교차로 - 교차로안,승용,남,59세,상해없음,보행자,여,73세,중상
6586,2018083100100266,2018년 8월 31일 13시,금요일,경기도 수원시 팔달구 북수동,사망사고,1,0,0,0,차대사람 - 기타,과속,포장 - 건조,맑음,단일로 - 기타,화물,남,37세,상해없음,보행자,남,85세,사망
6587,2018083100100270,2018년 8월 31일 13시,금요일,경기도 시흥시 대야동,경상사고,0,0,1,0,차대사람 - 길가장자리구역통행중,안전운전불이행,포장 - 건조,맑음,단일로 - 기타,승용,남,68세,상해없음,보행자,여,37세,경상