,사고번호,사고일시,요일,시군구,사고내용,사망자수,중상자수,경상자수,부상신고자수,사고유형,법규위반,노면상태,기상상태,도로형태,가해운전자 차종,가해운전자 성별,가해운전자 연령,가해운전자 상해정도,피해운전자 차종,피해운전자 성별,피해운전자 연령,피해운전자 상해정도
6703,2018090400100320,2018년 9월 4일 15시,화요일,경기도 수원시 권선구 권선동,경상사고,0,0,1,0,차대사람 - 횡단중,보행자보호의무위반,포장 - 건조,맑음,교차로 - 교차로횡단보도내,승합,남,59세,상해없음,보행자,여,65세,경상
6704,2018090400100385,2018년 9월 4일 16시,화요일,경기도 의정부시 민락동,경상사고,0,0,1,0,차대사람 - 횡단중,보행자보호의무위반,포장 - 기타,맑음,교차로 - 교차로횡단보도내,승용,남,82세,상해없음,보행자,여,74세,경상
6705,2018090400100400,2018년 9월 4일 17시,화요일,경기도 성남시 분당구 이매동,경상사고,0,0,1,0,차대사람 - 횡단중,안전운전불이행,포장 - 건조,맑음,단일로 - 기타,승용,여,52세,상해없음,보행자,남,13세,경상
6706,2018090400100439,2018년 9월 4일 17시,화요일,경기도 파주시 야당동,경상사고,0,0,1,0,차대사람 - 횡단중,기타,포장 - 기타,맑음,교차로 - 교차로부근,승용,남,59세,상해없음,보행자,남,15세,경상
6707,2018090400100495,2018년 9월 4일 19시,화요일,경기도 수원시 장안구 송죽동,중상사고,0,1,0,0,차대사람 - 차도통행중,안전운전불이행,포장 - 건조,맑음,단일로 - 기타,자전거,남,18세,상해없음,보행자,여,60세,중상
6708,2018090400100497,2018년 9월 4일 19시,화요일,경기도 성남시 중원구 상대원동,중상사고,0,1,0,0,차대사람 - 길가장자리구역통행중,안전운전불이행,포장 - 건조,맑음,단일로 - 기타,승용,여,51세,상해없음,보행자,여,50세,중상
6709,2018090400100534,2018년 9월 4일 20시,화요일,경기도 용인시 처인구 백암면,경상사고,0,0,1,0,차대사람 - 횡단중,보행자보호의무위반,포장 - 건조,맑음,교차로 - 교차로횡단보도내,화물,남,61세,상해없음,보행자,여,14세,경상
6710,2018090400100555,2018년 9월 4일 21시,화요일,경기도 성남시 수정구 태평동,경상사고,0,0,1,0,차대사람 - 기타,보행자보호의무위반,포장 - 건조,맑음,교차로 - 교차로부근,승용,남,25세,상해없음,보행자,남,58세,경상
6711,2018090400100556,2018년 9월 4일 21시,화요일,경기도 광명시 옥길동,중상사고,0,1,0,0,차대사람 - 차도통행중,안전운전불이행,포장 - 건조,맑음,교차로 - 교차로부근,승용,남,44세,상해없음,보행자,남,53세,중상
6712,2018090400100592,2018년 9월 4일 22시,화요일,경기도 남양주시 진접읍,경상사고,0,0,1,0,차대사람 - 횡단중,안전운전불이행,포장 - 건조,맑음,단일로 - 기타,승용,남,31세,상해없음,보행자,여,19세,경상
6713,2018090400100604,2018년 9월 4일 23시,화요일,경기도 안산시 단원구 와동,경상사고,0,0,1,0,차대사람 - 차도통행중,안전운전불이행,포장 - 건조,맑음,교차로 - 교차로부근,승용,남,65세,상해없음,보행자,여,47세,경상
6714,2018090400100606,2018년 9월 4일 23시,화요일,경기도 하남시 신장동,중상사고,0,2,0,0,차대사람 - 기타,안전운전불이행,포장 - 건조,맑음,단일로 - 기타,승용,남,46세,상해없음,보행자,여,62세,중상
6715,2018090500100009,2018년 9월 5일 00시,수요일,경기도 안산시 단원구 선부동,중상사고,0,1,0,0,차대사람 - 횡단중,안전운전불이행,포장 - 건조,맑음,단일로 - 기타,화물,남,50세,상해없음,보행자,남,23세,중상
6716,2018090500100056,2018년 9월 5일 05시,수요일,경기도 안산시 단원구 선부동,경상사고,0,0,1,0,차대사람 - 차도통행중,안전운전불이행,포장 - 건조,맑음,단일로 - 기타,승용,남,28세,상해없음,보행자,남,23세,경상
6717,2018090500100076,2018년 9월 5일 06시,수요일,경기도 의정부시 신곡동,경상사고,0,0,1,0,차대사람 - 횡단중,보행자보호의무위반,포장 - 기타,맑음,교차로 - 교차로횡단보도내,승용,남,70세,상해없음,보행자,여,18세,경상
6718,2018090500100087,2018년 9월 5일 07시,수요일,경기도 평택시 통복동,경상사고,0,0,1,0,차대사람 - 횡단중,안전운전불이행,포장 - 건조,맑음,단일로 - 기타,승용,남,25세,상해없음,보행자,여,17세,경상
6719,2018090500100103,2018년 9월 5일 07시,수요일,경기도 파주시 법원읍,중상사고,0,1,0,0,차대사람 - 보도통행중,중앙선침범,포장 - 건조,맑음,단일로 - 기타,승용,남,32세,기타불명,보행자,여,72세,중상
6720,2018090500100121,2018년 9월 5일 08시,수요일,경기도 이천시 신둔면,중상사고,0,1,0,0,차대사람 - 횡단중,안전운전불이행,포장 - 건조,맑음,교차로 - 교차로안,건설기계,남,55세,상해없음,보행자,남,87세,중상
6721,2018090500100196,2018년 9월 5일 09시,수요일,경기도 고양시 덕양구 관산동,중상사고,0,1,0,0,차대사람 - 길가장자리구역통행중,안전운전불이행,포장 - 건조,맑음,단일로 - 기타,승용,여,55세,상해없음,보행자,여,60세,중상
6722,2018090500100198,2018년 9월 5일 09시,수요일,경기도 포천시 일동면,경상사고,0,0,1,0,차대사람 - 횡단중,안전운전불이행,포장 - 건조,맑음,단일로 - 기타,승용,남,65세,상해없음,보행자,남,19세,경상
6723,2018090500100208,2018년 9월 5일 10시,수요일,경기도 양평군 용문면,중상사고,0,1,0,0,차대사람 - 횡단중,안전운전불이행,포장 - 건조,맑음,단일로 - 기타,이륜,남,28세,상해없음,보행자,남,83세,중상
6724,2018090500100231,2018년 9월 5일 10시,수요일,경기도 고양시 일산동구 식사동,경상사고,0,0,1,0,차대사람 - 기타,안전운전불이행,포장 - 건조,맑음,단일로 - 기타,이륜,남,59세,상해없음,보행자,여,57세,경상
6725,2018090500100321,2018년 9월 5일 14시,수요일,경기도 부천시 소사본동,경상사고,0,0,1,0,차대사람 - 횡단중,보행자보호의무위반,포장 - 건조,맑음,교차로 - 교차로횡단보도내,승용,여,41세,상해없음,보행자,여,23세,경상
6726,2018090500100322,2018년 9월 5일 14시,수요일,경기도 수원시 영통구 원천동,부상신고사고,0,0,0,1,차대사람 - 기타,안전운전불이행,포장 - 건조,맑음,기타 - 기타,승용,남,55세,상해없음,보행자,남,52세,부상신고
6727,2018090500100366,2018년 9월 5일 15시,수요일,경기도 성남시 분당구 판교동,경상사고,0,0,1,0,차대사람 - 횡단중,보행자보호의무위반,포장 - 건조,맑음,교차로 - 교차로횡단보도내,승용,남,42세,상해없음,보행자,남,10세,경상
6728,2018090500100367,2018년 9월 5일 15시,수요일,경기도 성남시 분당구 금곡동,중상사고,0,1,0,0,차대사람 - 횡단중,안전운전불이행,포장 - 건조,맑음,기타 - 기타,승용,여,69세,상해없음,보행자,남,79세,중상
6729,2018090500100368,2018년 9월 5일 15시,수요일,경기도 용인시 수지구 풍덕천동,중상사고,0,1,0,0,차대사람 - 횡단중,안전운전불이행,포장 - 건조,맑음,교차로 - 교차로부근,승용,여,38세,상해없음,보행자,여,66세,중상
6730,2018090500100385,2018년 9월 5일 15시,수요일,경기도 고양시 덕양구 행신동,경상사고,0,0,1,0,차대사람 - 기타,안전운전불이행,포장 - 기타,맑음,교차로 - 교차로안,승합,남,62세,상해없음,보행자,남,9세,경상
6731,2018090500100387,2018년 9월 5일 15시,수요일,경기도 파주시 광탄면,경상사고,0,0,1,0,차대사람 - 기타,안전운전불이행,포장 - 건조,맑음,단일로 - 기타,승용,남,57세,상해없음,보행자,여,56세,경상
6732,2018090500100388,2018년 9월 5일 15시,수요일,경기도 포천시 신북면,부상신고사고,0,0,0,1,차대사람 - 기타,안전운전불이행,포장 - 건조,맑음,기타 - 기타,승용,여,46세,상해없음,보행자,남,67세,부상신고
6733,2018090500100393,2018년 9월 5일 16시,수요일,경기도 수원시 장안구 파장동,중상사고,0,1,0,0,차대사람 - 기타,안전운전불이행,포장 - 건조,맑음,교차로 - 교차로안,승용,남,61세,상해없음,보행자,여,46세,중상
6734,2018090500100395,2018년 9월 5일 16시,수요일,경기도 부천시 상동,경상사고,0,0,1,1,차대사람 - 기타,안전운전불이행,포장 - 건조,맑음,단일로 - 기타,자전거,남,77세,경상,보행자,남,2세,부상신고
6735,2018090500100420,2018년 9월 5일 16시,수요일,경기도 남양주시 진접읍,중상사고,0,1,0,0,차대사람 - 횡단중,안전운전불이행,포장 - 건조,맑음,교차로 - 교차로횡단보도내,화물,남,45세,상해없음,보행자,남,21세,중상
6736,2018090500100435,2018년 9월 5일 17시,수요일,경기도 평택시 합정동,중상사고,0,1,0,0,차대사람 - 횡단중,안전운전불이행,포장 - 건조,맑음,단일로 - 기타,승용,남,55세,상해없음,보행자,여,69세,중상
6737,2018090500100438,2018년 9월 5일 17시,수요일,경기도 김포시 하성면,중상사고,0,1,0,0,차대사람 - 기타,안전운전불이행,포장 - 건조,맑음,단일로 - 기타,승용,남,71세,상해없음,보행자,남,4세,중상
6738,2018090500100443,2018년 9월 5일 17시,수요일,경기도 군포시 당동,중상사고,0,1,0,0,차대사람 - 차도통행중,안전운전불이행,포장 - 건조,맑음,단일로 - 기타,승용,남,64세,상해없음,보행자,남,9세,중상
6739,2018090500100444,2018년 9월 5일 17시,수요일,경기도 성남시 분당구 야탑동,중상사고,0,1,0,0,차대사람 - 기타,보행자보호의무위반,포장 - 건조,맑음,단일로 - 기타,승용,여,61세,상해없음,보행자,여,72세,중상
6740,2018090500100484,2018년 9월 5일 17시,수요일,경기도 남양주시 오남읍,경상사고,0,0,1,0,차대사람 - 기타,안전운전불이행,포장 - 건조,맑음,단일로 - 기타,승용,남,39세,상해없음,보행자,남,84세,경상
6741,2018090500100487,2018년 9월 5일 17시,수요일,경기도 양주시 산북동,경상사고,0,0,1,0,차대사람 - 횡단중,보행자보호의무위반,포장 - 건조,맑음,교차로 - 교차로횡단보도내,개인형이동수단(PM),남,38세,상해없음,보행자,남,33세,경상
6742,2018090500100504,2018년 9월 5일 18시,수요일,경기도 성남시 수정구 수진동,중상사고,0,1,0,0,차대사람 - 기타,안전운전불이행,포장 - 건조,맑음,교차로 - 교차로안,화물,남,50세,상해없음,보행자,여,78세,중상
6743,2018090500100512,2018년 9월 5일 18시,수요일,경기도 용인시 수지구 풍덕천동,경상사고,0,0,2,0,차대사람 - 횡단중,신호위반,포장 - 건조,맑음,교차로 - 교차로부근,승용,여,19세,상해없음,보행자,여,13세,경상
6744,2018090500100610,2018년 9월 5일 20시,수요일,경기도 포천시 영북면,중상사고,0,1,0,0,차대사람 - 기타,안전운전불이행,포장 - 건조,맑음,단일로 - 기타,승용,남,28세,상해없음,보행자,남,64세,중상
6745,2018090500100651,2018년 9월 5일 22시,수요일,경기도 용인시 기흥구 신갈동,중상사고,0,1,0,0,차대사람 - 횡단중,보행자보호의무위반,포장 - 건조,맑음,교차로 - 교차로안,화물,남,42세,상해없음,보행자,여,64세,중상
6746,2018090500100653,2018년 9월 5일 22시,수요일,경기도 시흥시 대야동,중상사고,0,1,0,0,차대사람 - 차도통행중,안전운전불이행,포장 - 건조,맑음,교차로 - 교차로부근,승용,남,25세,상해없음,보행자,남,32세,중상
6747,2018090500100664,2018년 9월 5일 22시,수요일,경기도 의정부시 의정부동,경상사고,0,0,1,0,차대사람 - 길가장자리구역통행중,안전운전불이행,포장 - 건조,맑음,단일로 - 기타,기타불명,기타불명,미분류,기타불명,보행자,여,17세,경상
6748,2018090600100044,2018년 9월 6일 05시,목요일,경기도 광주시 송정동,경상사고,0,0,1,0,차대사람 - 횡단중,보행자보호의무위반,포장 - 건조,맑음,교차로 - 교차로안,승용,여,54세,상해없음,보행자,남,67세,경상
6749,2018090600100119,2018년 9월 6일 08시,목요일,경기도 동두천시 지행동,경상사고,0,0,1,0,차대사람 - 기타,안전운전불이행,포장 - 건조,맑음,단일로 - 기타,승용,여,79세,상해없음,보행자,여,8세,경상
6750,2018090600100132,2018년 9월 6일 09시,목요일,경기도 용인시 수지구 풍덕천동,부상신고사고,0,0,0,1,차대사람 - 기타,안전운전불이행,포장 - 건조,맑음,단일로 - 기타,승용,여,31세,상해없음,보행자,여,87세,부상신고
6751,2018090600100171,2018년 9월 6일 10시,목요일,경기도 구리시 인창동,중상사고,0,1,0,0,차대사람 - 횡단중,신호위반,포장 - 건조,맑음,단일로 - 기타,승합,남,65세,상해없음,보행자,여,75세,중상
6752,2018090600100172,2018년 9월 6일 10시,목요일,경기도 고양시 일산서구 탄현동,경상사고,0,0,1,0,차대사람 - 기타,안전운전불이행,포장 - 건조,맑음,단일로 - 기타,승합,남,46세,상해없음,보행자,여,51세,경상
6753,2018090600100184,2018년 9월 6일 11시,목요일,경기도 안양시 만안구 안양동,경상사고,0,0,1,0,차대사람 - 기타,안전운전불이행,포장 - 건조,맑음,기타 - 기타,승용,남,38세,상해없음,보행자,여,33세,경상
6754,2018090600100196,2018년 9월 6일 11시,목요일,경기도 고양시 덕양구 관산동,경상사고,0,0,1,0,차대사람 - 기타,안전운전불이행,포장 - 건조,맑음,단일로 - 기타,승합,남,77세,상해없음,보행자,남,80세,경상
6755,2018090600100235,2018년 9월 6일 13시,목요일,경기도 오산시 원동,중상사고,0,1,0,0,차대사람 - 길가장자리구역통행중,안전운전불이행,포장 - 건조,맑음,단일로 - 기타,승용,남,43세,상해없음,보행자,남,54세,중상
6756,2018090600100236,2018년 9월 6일 13시,목요일,경기도 성남시 중원구 상대원동,경상사고,0,0,1,0,차대사람 - 기타,안전운전불이행,포장 - 건조,맑음,단일로 - 기타,기타불명,기타불명,미분류,기타불명,보행자,남,61세,경상
6757,2018090600100266,2018년 9월 6일 14시,목요일,경기도 용인시 처인구 삼가동,중상사고,0,1,1,0,차대사람 - 보도통행중,기타,포장 - 건조,맑음,교차로 - 교차로부근,승용,여,61세,경상,보행자,남,28세,중상
6758,2018090600100292,2018년 9월 6일 15시,목요일,경기도 수원시 장안구 영화동,중상사고,0,1,0,0,차대사람 - 기타,신호위반,포장 - 건조,맑음,단일로 - 기타,승합,남,55세,상해없음,보행자,여,25세,중상
6759,2018090600100308,2018년 9월 6일 15시,목요일,경기도 의정부시 민락동,중상사고,0,1,0,0,차대사람 - 기타,안전운전불이행,포장 - 건조,맑음,단일로 - 기타,승용,여,58세,상해없음,보행자,여,70세,중상
6760,2018090600100316,2018년 9월 6일 16시,목요일,경기도 부천시 상동,경상사고,0,0,1,0,차대사람 - 차도통행중,안전운전불이행,포장 - 건조,맑음,교차로 - 교차로부근,원동기,남,72세,상해없음,보행자,여,79세,경상
6761,2018090600100321,2018년 9월 6일 16시,목요일,경기도 성남시 분당구 서현동,중상사고,0,1,0,0,차대사람 - 차도통행중,안전운전불이행,포장 - 건조,맑음,단일로 - 기타,승용,여,37세,상해없음,보행자,여,82세,중상
6762,2018090600100322,2018년 9월 6일 16시,목요일,경기도 성남시 분당구 수내동,경상사고,0,0,1,0,차대사람 - 기타,안전운전불이행,포장 - 건조,맑음,단일로 - 기타,기타불명,기타불명,미분류,기타불명,보행자,여,12세,경상
6763,2018090600100363,2018년 9월 6일 17시,목요일,경기도 부천시 괴안동,경상사고,0,0,1,0,차대사람 - 기타,안전운전불이행,포장 - 건조,맑음,단일로 - 기타,건설기계,남,41세,상해없음,보행자,남,51세,경상
6764,2018090600100430,2018년 9월 6일 18시,목요일,경기도 의정부시 의정부동,경상사고,0,0,1,0,차대사람 - 횡단중,신호위반,포장 - 건조,맑음,단일로 - 기타,승용,남,64세,상해없음,보행자,여,31세,경상
6765,2018090600100433,2018년 9월 6일 18시,목요일,경기도 파주시 동패동,중상사고,0,1,0,0,차대사람 - 횡단중,보행자보호의무위반,포장 - 건조,맑음,교차로 - 교차로횡단보도내,승합,남,58세,상해없음,보행자,여,54세,중상
6766,2018090600100470,2018년 9월 6일 19시,목요일,경기도 의정부시 민락동,경상사고,0,0,1,0,차대사람 - 횡단중,신호위반,포장 - 건조,맑음,교차로 - 교차로횡단보도내,승용,여,44세,상해없음,보행자,남,10세,경상
6767,2018090600100484,2018년 9월 6일 20시,목요일,경기도 부천시 심곡동,경상사고,0,0,1,0,차대사람 - 기타,안전운전불이행,포장 - 건조,맑음,단일로 - 기타,승용,남,59세,상해없음,보행자,여,16세,경상
6768,2018090600100500,2018년 9월 6일 20시,목요일,경기도 남양주시 별내면,중상사고,0,1,0,0,차대사람 - 횡단중,안전운전불이행,포장 - 건조,맑음,단일로 - 지하차도(도로)내,승용,남,61세,상해없음,보행자,남,29세,중상
6769,2018090600100510,2018년 9월 6일 21시,목요일,경기도 수원시 팔달구 우만동,중상사고,0,1,0,0,차대사람 - 보도통행중,보행자보호의무위반,포장 - 젖음/습기,비,교차로 - 교차로안,승용,남,24세,상해없음,보행자,남,59세,중상
6770,2018090600100511,2018년 9월 6일 21시,목요일,경기도 수원시 장안구 연무동,부상신고사고,0,0,0,1,차대사람 - 기타,안전운전불이행,포장 - 건조,맑음,단일로 - 기타,승용,남,56세,상해없음,보행자,여,65세,부상신고
6771,2018090600100514,2018년 9월 6일 21시,목요일,경기도 화성시 반송동,중상사고,0,2,0,0,차대사람 - 횡단중,보행자보호의무위반,포장 - 건조,흐림,단일로 - 기타,이륜,남,30세,중상,보행자,남,64세,중상
6772,2018090600100543,2018년 9월 6일 22시,목요일,경기도 김포시 장기동,경상사고,0,0,1,0,차대사람 - 횡단중,안전운전불이행,포장 - 젖음/습기,비,교차로 - 교차로안,기타불명,기타불명,미분류,기타불명,보행자,남,15세,경상
6773,2018090600100544,2018년 9월 6일 22시,목요일,경기도 김포시 풍무동,경상사고,0,0,1,0,차대사람 - 보도통행중,안전운전불이행,포장 - 건조,흐림,교차로 - 교차로횡단보도내,기타불명,기타불명,미분류,기타불명,보행자,여,50세,경상
6774,2018090600100568,2018년 9월 6일 23시,목요일,경기도 시흥시 정왕동,중상사고,0,1,0,0,차대사람 - 기타,안전운전불이행,포장 - 건조,맑음,단일로 - 기타,승합,남,57세,상해없음,보행자,남,70세,중상
6775,2018090700100006,2018년 9월 7일 00시,금요일,경기도 안양시 동안구 호계동,경상사고,0,0,2,0,차대사람 - 차도통행중,안전운전불이행,포장 - 건조,맑음,단일로 - 기타,승용,남,50세,상해없음,보행자,남,42세,경상
6776,2018090700100034,2018년 9월 7일 02시,금요일,경기도 부천시 도당동,중상사고,0,1,0,0,차대사람 - 기타,안전운전불이행,포장 - 건조,맑음,교차로 - 교차로안,승용,남,53세,상해없음,보행자,남,43세,중상
6777,2018090700100055,2018년 9월 7일 04시,금요일,경기도 고양시 일산서구 대화동,경상사고,0,0,1,0,차대사람 - 기타,안전운전불이행,포장 - 건조,맑음,단일로 - 기타,승용,남,35세,상해없음,보행자,남,35세,경상
6778,2018090700100067,2018년 9월 7일 05시,금요일,경기도 군포시 당동,경상사고,0,0,1,0,차대사람 - 기타,안전운전불이행,포장 - 건조,맑음,교차로 - 교차로안,승용,여,49세,상해없음,보행자,남,45세,경상
6779,2018090700100090,2018년 9월 7일 06시,금요일,경기도 포천시 영중면,중상사고,0,1,0,0,차대사람 - 횡단중,보행자보호의무위반,포장 - 젖음/습기,맑음,교차로 - 교차로횡단보도내,화물,남,55세,상해없음,보행자,남,68세,중상
6780,2018090700100103,2018년 9월 7일 07시,금요일,경기도 안양시 만안구 안양동,중상사고,0,1,0,0,차대사람 - 기타,안전운전불이행,포장 - 건조,맑음,단일로 - 기타,승용,남,37세,상해없음,보행자,남,16세,중상
6781,2018090700100223,2018년 9월 7일 10시,금요일,경기도 오산시 원동,중상사고,0,1,0,0,차대사람 - 기타,기타,포장 - 건조,맑음,단일로 - 기타,화물,남,48세,상해없음,보행자,여,72세,중상
6782,2018090700100259,2018년 9월 7일 11시,금요일,경기도 수원시 영통구 원천동,경상사고,0,0,1,0,차대사람 - 횡단중,보행자보호의무위반,포장 - 건조,맑음,교차로 - 교차로안,승용,남,63세,상해없음,보행자,여,60세,경상
6783,2018090700100260,2018년 9월 7일 11시,금요일,경기도 성남시 분당구 서현동,중상사고,0,1,0,0,차대사람 - 횡단중,보행자보호의무위반,포장 - 건조,맑음,기타 - 기타,승용,남,25세,상해없음,보행자,여,29세,중상
6784,2018090700100280,2018년 9월 7일 11시,금요일,경기도 구리시 수택동,중상사고,0,1,0,0,차대사람 - 차도통행중,안전운전불이행,포장 - 건조,맑음,단일로 - 기타,화물,남,49세,상해없음,보행자,여,70세,중상
6785,2018090700100286,2018년 9월 7일 12시,금요일,경기도 평택시 안중읍,경상사고,0,0,1,0,차대사람 - 차도통행중,안전운전불이행,포장 - 건조,맑음,교차로 - 교차로부근,승용,남,41세,상해없음,보행자,남,23세,경상
6786,2018090700100297,2018년 9월 7일 12시,금요일,경기도 안양시 만안구 안양동,중상사고,0,1,0,0,차대사람 - 길가장자리구역통행중,안전운전불이행,포장 - 건조,맑음,기타 - 기타,승용,여,45세,상해없음,보행자,여,70세,중상
6787,2018090700100312,2018년 9월 7일 12시,금요일,경기도 파주시 하지석동,중상사고,0,1,0,0,차대사람 - 기타,안전운전불이행,포장 - 기타,맑음,단일로 - 기타,승용,여,56세,상해없음,보행자,여,74세,중상
6788,2018090700100392,2018년 9월 7일 15시,금요일,경기도 성남시 분당구 삼평동,경상사고,0,0,1,0,차대사람 - 기타,안전운전불이행,포장 - 건조,맑음,교차로 - 교차로부근,승용,여,40세,상해없음,보행자,남,13세,경상
6789,2018090700100428,2018년 9월 7일 16시,금요일,경기도 안양시 동안구 평촌동,경상사고,0,0,1,0,차대사람 - 기타,안전운전불이행,포장 - 건조,맑음,교차로 - 교차로부근,화물,남,37세,상해없음,보행자,남,76세,경상
6790,2018090700100433,2018년 9월 7일 16시,금요일,경기도 안산시 상록구 본오동,경상사고,0,0,1,0,차대사람 - 기타,신호위반,포장 - 건조,맑음,교차로 - 교차로횡단보도내,이륜,남,17세,상해없음,보행자,여,6세,경상
6791,2018090700100462,2018년 9월 7일 16시,금요일,경기도 남양주시 진접읍,부상신고사고,0,0,0,1,차대사람 - 기타,안전운전불이행,포장 - 건조,맑음,단일로 - 기타,화물,남,28세,상해없음,보행자,여,75세,부상신고
6792,2018090700100463,2018년 9월 7일 16시,금요일,경기도 연천군 전곡읍,중상사고,0,1,0,0,차대사람 - 횡단중,보행자보호의무위반,포장 - 건조,맑음,단일로 - 지하차도(도로)내,승용,여,49세,상해없음,보행자,남,11세,중상
6793,2018090700100477,2018년 9월 7일 17시,금요일,경기도 오산시 갈곶동,부상신고사고,0,0,0,1,차대사람 - 횡단중,신호위반,포장 - 건조,맑음,교차로 - 교차로부근,승용,남,32세,상해없음,보행자,여,5세,부상신고
6794,2018090700100510,2018년 9월 7일 18시,금요일,경기도 안양시 동안구 관양동,경상사고,0,0,1,0,차대사람 - 차도통행중,안전운전불이행,포장 - 건조,맑음,단일로 - 기타,이륜,남,22세,상해없음,보행자,여,34세,경상
6795,2018090700100516,2018년 9월 7일 18시,금요일,경기도 성남시 분당구 판교동,경상사고,0,0,1,0,차대사람 - 횡단중,안전운전불이행,포장 - 건조,맑음,단일로 - 기타,승용,남,34세,상해없음,보행자,남,5세,경상
6796,2018090700100553,2018년 9월 7일 18시,금요일,경기도 양주시 광사동,중상사고,0,1,0,0,차대사람 - 기타,안전운전불이행,포장 - 건조,기타,단일로 - 기타,승합,남,57세,상해없음,보행자,여,68세,중상
6797,2018090700100569,2018년 9월 7일 19시,금요일,경기도 화성시 반송동,중상사고,0,1,0,0,차대사람 - 기타,보행자보호의무위반,포장 - 건조,맑음,단일로 - 기타,승용,여,49세,상해없음,보행자,여,26세,중상
6798,2018090700100613,2018년 9월 7일 20시,금요일,경기도 이천시 증포동,경상사고,0,0,1,0,차대사람 - 기타,보행자보호의무위반,포장 - 건조,맑음,교차로 - 교차로안,승합,남,70세,상해없음,보행자,남,61세,경상
6799,2018090700100616,2018년 9월 7일 20시,금요일,경기도 안산시 단원구 고잔동,경상사고,0,0,1,0,차대사람 - 횡단중,안전운전불이행,포장 - 건조,맑음,교차로 - 교차로안,승용,남,40세,상해없음,보행자,여,56세,경상
6800,2018090700100630,2018년 9월 7일 20시,금요일,경기도 남양주시 다산동,경상사고,0,0,1,0,차대사람 - 횡단중,보행자보호의무위반,포장 - 건조,맑음,교차로 - 교차로횡단보도내,승용,남,67세,상해없음,보행자,남,27세,경상
6801,2018090700100642,2018년 9월 7일 21시,금요일,경기도 화성시 남양읍,경상사고,0,0,1,0,차대사람 - 기타,중앙선침범,포장 - 건조,맑음,단일로 - 기타,승용,여,53세,상해없음,보행자,여,53세,경상
6802,2018090700100668,2018년 9월 7일 22시,금요일,경기도 수원시 권선구 오목천동,경상사고,0,0,2,0,차대사람 - 기타,기타,포장 - 건조,맑음,교차로 - 교차로안,승합,남,58세,상해없음,보행자,남,52세,경상
6803,2018090700100681,2018년 9월 7일 22시,금요일,경기도 남양주시 화도읍,경상사고,0,0,3,0,차대사람 - 보도통행중,교차로운행방법위반,포장 - 건조,맑음,교차로 - 교차로안,승합,남,70세,상해없음,보행자,여,42세,경상
6804,2018090700100683,2018년 9월 7일 22시,금요일,경기도 고양시 일산서구 주엽동,중상사고,0,1,0,0,차대사람 - 횡단중,안전운전불이행,포장 - 건조,맑음,단일로 - 기타,승합,남,59세,상해없음,보행자,여,17세,중상
6805,2018090700100694,2018년 9월 7일 23시,금요일,경기도 평택시 평택동,경상사고,0,0,1,0,차대사람 - 횡단중,안전운전불이행,포장 - 건조,맑음,기타 - 기타,승용,남,38세,상해없음,보행자,남,45세,경상
6806,2018090700100712,2018년 9월 7일 23시,금요일,경기도 의정부시 의정부동,부상신고사고,0,0,0,1,차대사람 - 길가장자리구역통행중,안전운전불이행,포장 - 건조,맑음,교차로 - 교차로부근,승용,여,47세,상해없음,보행자,남,44세,부상신고
6807,2018090800100006,2018년 9월 8일 00시,토요일,경기도 부천시 심곡동,경상사고,0,0,3,0,차대사람 - 기타,안전운전불이행,포장 - 건조,맑음,단일로 - 기타,승용,남,24세,상해없음,보행자,남,38세,경상
6808,2018090800100007,2018년 9월 8일 00시,토요일,경기도 성남시 중원구 성남동,경상사고,0,0,1,0,차대사람 - 기타,안전운전불이행,포장 - 건조,맑음,단일로 - 기타,승용,남,19세,상해없음,보행자,남,55세,경상
6809,2018090800100025,2018년 9월 8일 00시,토요일,경기도 구리시 수택동,경상사고,0,0,1,0,차대사람 - 기타,기타,포장 - 건조,맑음,단일로 - 기타,승용,남,46세,상해없음,보행자,남,51세,경상
6810,2018090800100079,2018년 9월 8일 04시,토요일,경기도 수원시 팔달구 인계동,부상신고사고,0,0,0,1,차대사람 - 기타,안전운전불이행,포장 - 건조,맑음,단일로 - 기타,승용,남,20세,상해없음,보행자,여,75세,부상신고
6811,2018090800100080,2018년 9월 8일 04시,토요일,경기도 시흥시 정왕동,경상사고,0,0,1,0,차대사람 - 보도통행중,기타,포장 - 건조,맑음,단일로 - 기타,화물,남,43세,상해없음,보행자,남,30세,경상
6812,2018090800100088,2018년 9월 8일 05시,토요일,경기도 수원시 권선구 탑동,중상사고,0,1,0,0,차대사람 - 차도통행중,안전운전불이행,포장 - 건조,맑음,교차로 - 교차로부근,승용,남,58세,상해없음,보행자,남,43세,중상
6813,2018090800100100,2018년 9월 8일 05시,토요일,경기도 양주시 마전동,중상사고,0,1,0,0,차대사람 - 횡단중,신호위반,포장 - 건조,맑음,교차로 - 교차로부근,승용,남,86세,상해없음,보행자,남,64세,중상
6814,2018090800100106,2018년 9월 8일 06시,토요일,경기도 이천시 창전동,경상사고,0,0,1,0,차대사람 - 길가장자리구역통행중,안전운전불이행,포장 - 건조,맑음,단일로 - 기타,승용,남,69세,상해없음,보행자,남,17세,경상
6815,2018090800100137,2018년 9월 8일 07시,토요일,경기도 동두천시 생연동,중상사고,0,1,0,0,차대사람 - 기타,안전운전불이행,포장 - 건조,맑음,기타 - 기타,화물,남,48세,상해없음,보행자,여,82세,중상