,사고번호,사고일시,요일,시군구,사고내용,사망자수,중상자수,경상자수,부상신고자수,사고유형,법규위반,노면상태,기상상태,도로형태,가해운전자 차종,가해운전자 성별,가해운전자 연령,가해운전자 상해정도,피해운전자 차종,피해운전자 성별,피해운전자 연령,피해운전자 상해정도
6816,2018090800100195,2018년 9월 8일 10시,토요일,경기도 광주시 역동,경상사고,0,0,1,0,차대사람 - 기타,보행자보호의무위반,포장 - 건조,맑음,교차로 - 교차로횡단보도내,승용,남,26세,상해없음,보행자,남,19세,경상
6817,2018090800100236,2018년 9월 8일 11시,토요일,경기도 안산시 상록구 본오동,경상사고,0,0,1,0,차대사람 - 기타,안전운전불이행,포장 - 건조,맑음,단일로 - 기타,승용,남,33세,상해없음,보행자,여,80세,경상
6818,2018090800100278,2018년 9월 8일 12시,토요일,경기도 수원시 장안구 파장동,경상사고,0,0,1,0,차대사람 - 횡단중,신호위반,포장 - 건조,맑음,교차로 - 교차로안,승용,남,59세,상해없음,보행자,여,27세,경상
6819,2018090800100282,2018년 9월 8일 12시,토요일,경기도 안산시 단원구 선부동,중상사고,0,1,0,0,차대사람 - 차도통행중,보행자보호의무위반,포장 - 건조,맑음,단일로 - 기타,승용,여,37세,상해없음,보행자,여,10세,중상
6820,2018090800100326,2018년 9월 8일 13시,토요일,경기도 안산시 상록구 성포동,경상사고,0,0,1,0,차대사람 - 횡단중,보행자보호의무위반,포장 - 건조,맑음,교차로 - 교차로안,승합,남,57세,상해없음,보행자,여,27세,경상
6821,2018090800100358,2018년 9월 8일 14시,토요일,경기도 수원시 팔달구 우만동,경상사고,0,0,1,0,차대사람 - 횡단중,안전운전불이행,포장 - 건조,맑음,단일로 - 기타,승용,여,64세,상해없음,보행자,남,56세,경상
6822,2018090800100386,2018년 9월 8일 14시,토요일,경기도 고양시 일산서구 주엽동,경상사고,0,0,2,1,차대사람 - 횡단중,안전운전불이행,포장 - 건조,맑음,단일로 - 기타,승합,남,50세,상해없음,보행자,남,65세,부상신고
6823,2018090800100396,2018년 9월 8일 15시,토요일,경기도 수원시 팔달구 고등동,중상사고,0,1,0,0,차대사람 - 기타,기타,포장 - 건조,맑음,단일로 - 기타,승합,남,49세,상해없음,보행자,남,58세,중상
6824,2018090800100412,2018년 9월 8일 15시,토요일,경기도 포천시 선단동,중상사고,0,1,0,0,차대사람 - 횡단중,안전운전불이행,포장 - 건조,맑음,단일로 - 기타,자전거,남,48세,상해없음,보행자,여,79세,중상
6825,2018090800100423,2018년 9월 8일 16시,토요일,경기도 이천시 부발읍,중상사고,0,1,0,0,차대사람 - 횡단중,보행자보호의무위반,포장 - 건조,맑음,단일로 - 기타,승용,남,19세,상해없음,보행자,남,53세,중상
6826,2018090800100425,2018년 9월 8일 16시,토요일,경기도 수원시 권선구 고색동,부상신고사고,0,0,0,1,차대사람 - 횡단중,보행자보호의무위반,포장 - 건조,맑음,교차로 - 교차로횡단보도내,기타불명,기타불명,미분류,기타불명,보행자,여,28세,부상신고
6827,2018090800100467,2018년 9월 8일 17시,토요일,경기도 부천시 역곡동,중상사고,0,1,0,0,차대사람 - 보도통행중,신호위반,포장 - 건조,맑음,교차로 - 교차로부근,승용,남,38세,상해없음,보행자,여,62세,중상
6828,2018090800100497,2018년 9월 8일 17시,토요일,경기도 남양주시 화도읍,경상사고,0,0,1,0,차대사람 - 횡단중,보행자보호의무위반,포장 - 건조,맑음,교차로 - 교차로부근,승용,여,41세,상해없음,보행자,남,46세,경상
6829,2018090800100508,2018년 9월 8일 18시,토요일,경기도 수원시 장안구 파장동,중상사고,0,1,0,0,차대사람 - 차도통행중,안전운전불이행,포장 - 건조,맑음,교차로 - 교차로안,승용,여,29세,상해없음,보행자,여,62세,중상
6830,2018090800100532,2018년 9월 8일 18시,토요일,경기도 의정부시 의정부동,경상사고,0,0,1,0,차대사람 - 길가장자리구역통행중,안전운전불이행,포장 - 건조,맑음,단일로 - 기타,승용,남,49세,상해없음,보행자,여,52세,경상
6831,2018090800100544,2018년 9월 8일 19시,토요일,경기도 안양시 동안구 관양동,경상사고,0,0,2,0,차대사람 - 기타,안전운전불이행,포장 - 건조,맑음,교차로 - 교차로안,승용,여,45세,상해없음,보행자,여,47세,경상
6832,2018090800100547,2018년 9월 8일 19시,토요일,경기도 광명시 광명동,부상신고사고,0,0,0,3,차대사람 - 기타,안전운전불이행,포장 - 건조,맑음,단일로 - 기타,기타불명,기타불명,미분류,기타불명,보행자,남,34세,부상신고
6833,2018090800100580,2018년 9월 8일 20시,토요일,경기도 김포시 사우동,경상사고,0,0,1,0,차대사람 - 차도통행중,안전운전불이행,포장 - 건조,맑음,단일로 - 기타,승용,남,26세,상해없음,보행자,남,49세,경상
6834,2018090800100584,2018년 9월 8일 20시,토요일,경기도 의왕시 내손동,경상사고,0,0,1,0,차대사람 - 기타,기타,포장 - 건조,맑음,교차로 - 교차로안,승용,남,42세,상해없음,보행자,남,28세,경상
6835,2018090800100616,2018년 9월 8일 21시,토요일,경기도 용인시 수지구 풍덕천동,경상사고,0,0,2,0,차대사람 - 횡단중,보행자보호의무위반,포장 - 건조,맑음,교차로 - 교차로부근,이륜,남,49세,상해없음,보행자,여,21세,경상
6836,2018090800100664,2018년 9월 8일 23시,토요일,경기도 시흥시 정왕동,경상사고,0,0,1,0,차대사람 - 기타,안전운전불이행,포장 - 건조,맑음,교차로 - 교차로안,승용,남,26세,기타불명,보행자,남,30세,경상
6837,2018090900100006,2018년 9월 9일 00시,일요일,경기도 안양시 만안구 안양동,중상사고,0,1,0,0,차대사람 - 횡단중,안전운전불이행,포장 - 건조,맑음,단일로 - 기타,이륜,남,29세,상해없음,보행자,남,42세,중상
6838,2018090900100034,2018년 9월 9일 01시,일요일,경기도 고양시 덕양구 동산동,사망사고,1,0,0,0,차대사람 - 횡단중,안전운전불이행,포장 - 건조,맑음,단일로 - 기타,화물,남,60세,상해없음,보행자,남,25세,사망
6839,2018090900100062,2018년 9월 9일 04시,일요일,경기도 용인시 처인구 모현읍,사망사고,1,0,0,0,차대사람 - 차도통행중,안전운전불이행,포장 - 건조,맑음,단일로 - 기타,화물,남,63세,상해없음,보행자,남,24세,사망
6840,2018090900100088,2018년 9월 9일 06시,일요일,경기도 광명시 철산동,경상사고,0,0,1,0,차대사람 - 기타,기타,포장 - 건조,맑음,단일로 - 기타,승용,남,69세,상해없음,보행자,남,23세,경상
6841,2018090900100173,2018년 9월 9일 11시,일요일,경기도 성남시 중원구 성남동,중상사고,0,1,0,0,차대사람 - 횡단중,신호위반,포장 - 건조,맑음,교차로 - 교차로횡단보도내,이륜,남,35세,상해없음,보행자,남,82세,중상
6842,2018090900100197,2018년 9월 9일 12시,일요일,경기도 안산시 단원구 대부북동,중상사고,0,1,0,0,차대사람 - 횡단중,안전운전불이행,포장 - 건조,맑음,단일로 - 기타,승용,남,40세,상해없음,보행자,남,78세,중상
6843,2018090900100198,2018년 9월 9일 12시,일요일,경기도 시흥시 정왕동,중상사고,0,1,0,0,차대사람 - 횡단중,안전운전불이행,포장 - 건조,맑음,단일로 - 기타,승합,여,51세,상해없음,보행자,남,40세,중상
6844,2018090900100221,2018년 9월 9일 12시,일요일,경기도 남양주시 조안면,중상사고,0,1,1,0,차대사람 - 차도통행중,안전운전불이행,포장 - 건조,맑음,단일로 - 기타,자전거,여,43세,경상,보행자,남,7세,중상
6845,2018090900100230,2018년 9월 9일 13시,일요일,경기도 안산시 단원구 대부북동,경상사고,0,0,1,0,차대사람 - 횡단중,안전운전불이행,포장 - 건조,맑음,단일로 - 기타,승용,남,55세,상해없음,보행자,여,42세,경상
6846,2018090900100258,2018년 9월 9일 14시,일요일,경기도 수원시 장안구 정자동,중상사고,0,1,0,0,차대사람 - 횡단중,안전운전불이행,포장 - 건조,맑음,단일로 - 기타,승용,여,48세,상해없음,보행자,여,4세,중상
6847,2018090900100295,2018년 9월 9일 15시,일요일,경기도 성남시 수정구 신흥동,중상사고,0,1,0,0,차대사람 - 기타,안전운전불이행,포장 - 건조,맑음,단일로 - 기타,승용,남,36세,기타불명,보행자,남,8세,중상
6848,2018090900100298,2018년 9월 9일 15시,일요일,경기도 부천시 심곡본동,부상신고사고,0,0,0,1,차대사람 - 기타,안전운전불이행,포장 - 건조,맑음,단일로 - 기타,승용,남,21세,상해없음,보행자,여,59세,부상신고
6849,2018090900100399,2018년 9월 9일 17시,일요일,경기도 파주시 조리읍,경상사고,0,0,1,0,차대사람 - 기타,안전운전불이행,포장 - 건조,맑음,단일로 - 기타,승용,여,52세,상해없음,보행자,남,65세,경상
6850,2018090900100401,2018년 9월 9일 17시,일요일,경기도 가평군 청평면,경상사고,0,0,1,0,차대사람 - 기타,안전운전불이행,포장 - 건조,맑음,기타 - 기타,승용,여,24세,상해없음,보행자,여,2세,경상
6851,2018090900100409,2018년 9월 9일 18시,일요일,경기도 성남시 중원구 여수동,경상사고,0,0,1,0,차대사람 - 차도통행중,안전운전불이행,포장 - 건조,맑음,단일로 - 기타,자전거,남,55세,상해없음,보행자,남,50세,경상
6852,2018090900100421,2018년 9월 9일 18시,일요일,경기도 의정부시 호원동,경상사고,0,0,1,0,차대사람 - 기타,안전운전불이행,포장 - 건조,맑음,단일로 - 기타,기타불명,기타불명,미분류,기타불명,보행자,여,72세,경상
6853,2018090900100433,2018년 9월 9일 19시,일요일,경기도 안산시 단원구 선부동,중상사고,0,1,1,0,차대사람 - 횡단중,안전운전불이행,포장 - 건조,맑음,단일로 - 기타,이륜,남,34세,경상,보행자,여,55세,중상
6854,2018090900100448,2018년 9월 9일 19시,일요일,경기도 남양주시 와부읍,경상사고,0,0,1,0,차대사람 - 기타,안전운전불이행,포장 - 건조,맑음,교차로 - 교차로부근,승용,여,33세,상해없음,보행자,남,58세,경상
6855,2018090900100459,2018년 9월 9일 20시,일요일,경기도 김포시 하성면,중상사고,0,1,0,0,차대사람 - 횡단중,보행자보호의무위반,포장 - 건조,맑음,교차로 - 교차로안,화물,남,55세,상해없음,보행자,남,71세,중상
6856,2018090900100511,2018년 9월 9일 22시,일요일,경기도 수원시 팔달구 팔달로3가,경상사고,0,0,1,0,차대사람 - 횡단중,안전운전불이행,포장 - 건조,맑음,교차로 - 교차로안,승합,남,56세,상해없음,보행자,여,22세,경상
6857,2018090900100513,2018년 9월 9일 22시,일요일,경기도 성남시 수정구 신흥동,중상사고,0,1,0,0,차대사람 - 기타,보행자보호의무위반,포장 - 건조,맑음,단일로 - 기타,이륜,남,31세,상해없음,보행자,여,43세,중상
6858,2018090900100530,2018년 9월 9일 23시,일요일,경기도 부천시 심곡본동,사망사고,1,0,0,0,차대사람 - 기타,안전운전불이행,포장 - 건조,맑음,교차로 - 교차로부근,승용,남,59세,상해없음,보행자,남,48세,사망
6859,2018091000100067,2018년 9월 10일 06시,월요일,경기도 포천시 동교동,중상사고,0,1,0,0,차대사람 - 기타,안전운전불이행,포장 - 건조,맑음,교차로 - 교차로부근,승용,남,81세,상해없음,보행자,남,88세,중상
6860,2018091000100191,2018년 9월 10일 09시,월요일,경기도 성남시 수정구 태평동,중상사고,0,1,0,0,차대사람 - 기타,안전운전불이행,포장 - 건조,맑음,단일로 - 기타,화물,남,60세,상해없음,보행자,여,70세,중상
6861,2018091000100221,2018년 9월 10일 09시,월요일,경기도 동두천시 생연동,중상사고,0,1,0,0,차대사람 - 기타,안전운전불이행,포장 - 건조,맑음,단일로 - 기타,화물,남,60세,상해없음,보행자,여,82세,중상
6862,2018091000100229,2018년 9월 10일 10시,월요일,경기도 광주시 쌍령동,경상사고,0,0,1,0,차대사람 - 기타,안전운전불이행,비포장 - 건조,맑음,교차로 - 교차로부근,건설기계,남,58세,상해없음,보행자,여,36세,경상
6863,2018091000100255,2018년 9월 10일 10시,월요일,경기도 의정부시 의정부동,경상사고,0,0,1,0,차대사람 - 기타,안전운전불이행,포장 - 건조,맑음,교차로 - 교차로부근,승용,남,74세,상해없음,보행자,여,61세,경상
6864,2018091000100267,2018년 9월 10일 11시,월요일,경기도 안산시 단원구 고잔동,경상사고,0,0,1,0,차대사람 - 차도통행중,안전운전불이행,포장 - 건조,맑음,단일로 - 기타,승용,여,27세,상해없음,보행자,여,39세,경상
6865,2018091000100300,2018년 9월 10일 12시,월요일,경기도 광명시 일직동,부상신고사고,0,0,0,1,차대사람 - 횡단중,보행자보호의무위반,포장 - 건조,맑음,단일로 - 기타,기타불명,기타불명,미분류,기타불명,보행자,여,18세,부상신고
6866,2018091000100322,2018년 9월 10일 12시,월요일,경기도 남양주시 별내면,경상사고,0,0,1,0,차대사람 - 기타,안전운전불이행,포장 - 건조,맑음,단일로 - 기타,승용,여,66세,상해없음,보행자,여,64세,경상
6867,2018091000100331,2018년 9월 10일 13시,월요일,경기도 용인시 처인구 김량장동,중상사고,0,2,0,0,차대사람 - 기타,안전운전불이행,포장 - 건조,맑음,기타 - 기타,화물,남,79세,상해없음,보행자,여,41세,중상
6868,2018091000100387,2018년 9월 10일 14시,월요일,경기도 고양시 덕양구 신원동,경상사고,0,0,1,0,차대사람 - 차도통행중,기타,포장 - 건조,맑음,단일로 - 기타,승합,남,52세,상해없음,보행자,여,75세,경상
6869,2018091000100388,2018년 9월 10일 14시,월요일,경기도 남양주시 화도읍,경상사고,0,0,1,0,차대사람 - 기타,안전운전불이행,포장 - 건조,맑음,단일로 - 기타,승합,여,51세,상해없음,보행자,남,35세,경상
6870,2018091000100403,2018년 9월 10일 15시,월요일,경기도 부천시 상동,중상사고,0,1,0,0,차대사람 - 횡단중,보행자보호의무위반,포장 - 건조,맑음,단일로 - 기타,승용,여,35세,상해없음,보행자,남,50세,중상
6871,2018091000100405,2018년 9월 10일 15시,월요일,경기도 군포시 당동,경상사고,0,0,1,0,차대사람 - 기타,안전운전불이행,포장 - 건조,맑음,단일로 - 기타,기타불명,기타불명,미분류,기타불명,보행자,여,15세,경상
6872,2018091000100407,2018년 9월 10일 15시,월요일,경기도 안양시 만안구 박달동,경상사고,0,0,1,0,차대사람 - 기타,안전운전불이행,포장 - 건조,맑음,기타 - 기타,자전거,남,80세,상해없음,보행자,남,4세,경상
6873,2018091000100451,2018년 9월 10일 16시,월요일,경기도 안양시 만안구 안양동,경상사고,0,0,1,0,차대사람 - 기타,안전운전불이행,포장 - 건조,맑음,단일로 - 기타,승합,남,54세,상해없음,보행자,여,23세,경상
6874,2018091000100452,2018년 9월 10일 16시,월요일,경기도 부천시 오정동,경상사고,0,0,1,0,차대사람 - 횡단중,보행자보호의무위반,포장 - 건조,맑음,교차로 - 교차로횡단보도내,화물,남,63세,상해없음,보행자,여,15세,경상
6875,2018091000100486,2018년 9월 10일 16시,월요일,경기도 양주시 광적면,중상사고,0,1,0,0,차대사람 - 횡단중,안전운전불이행,포장 - 건조,맑음,교차로 - 교차로부근,승합,여,49세,상해없음,보행자,여,69세,중상
6876,2018091000100506,2018년 9월 10일 17시,월요일,경기도 부천시 원종동,경상사고,0,0,1,0,차대사람 - 기타,기타,포장 - 건조,맑음,단일로 - 기타,승합,남,38세,상해없음,보행자,여,73세,경상
6877,2018091000100538,2018년 9월 10일 17시,월요일,경기도 고양시 일산서구 일산동,부상신고사고,0,0,0,1,차대사람 - 횡단중,안전운전불이행,포장 - 건조,맑음,단일로 - 기타,이륜,남,16세,상해없음,보행자,남,79세,부상신고
6878,2018091000100547,2018년 9월 10일 18시,월요일,경기도 수원시 장안구 연무동,경상사고,0,0,1,0,차대사람 - 기타,안전운전불이행,포장 - 건조,맑음,교차로 - 교차로안,승용,남,59세,상해없음,보행자,남,43세,경상
6879,2018091000100554,2018년 9월 10일 18시,월요일,경기도 시흥시 정왕동,중상사고,0,1,0,0,차대사람 - 기타,안전운전불이행,포장 - 건조,맑음,교차로 - 교차로부근,승합,남,36세,상해없음,보행자,남,17세,중상
6880,2018091000100584,2018년 9월 10일 18시,월요일,경기도 의정부시 호원동,경상사고,0,0,1,0,차대사람 - 기타,안전운전불이행,포장 - 건조,맑음,단일로 - 기타,승용,여,59세,상해없음,보행자,남,58세,경상
6881,2018091000100586,2018년 9월 10일 18시,월요일,경기도 파주시 적성면,중상사고,0,1,0,0,차대사람 - 횡단중,보행자보호의무위반,포장 - 건조,맑음,교차로 - 교차로횡단보도내,화물,남,70세,상해없음,보행자,여,6세,중상
6882,2018091000100603,2018년 9월 10일 19시,월요일,경기도 화성시 영천동,사망사고,1,0,0,0,차대사람 - 횡단중,안전운전불이행,포장 - 건조,맑음,교차로 - 교차로안,승합,남,66세,상해없음,보행자,여,83세,사망
6883,2018091000100630,2018년 9월 10일 19시,월요일,경기도 남양주시 진접읍,경상사고,0,0,1,0,차대사람 - 차도통행중,안전운전불이행,포장 - 건조,맑음,주차장 - 주차장,승용,남,57세,상해없음,보행자,남,73세,경상
6884,2018091000100632,2018년 9월 10일 19시,월요일,경기도 양주시 고암동,중상사고,0,1,0,0,차대사람 - 차도통행중,안전운전불이행,포장 - 건조,맑음,교차로 - 교차로부근,승용,여,48세,상해없음,보행자,남,76세,중상
6885,2018091000100702,2018년 9월 10일 21시,월요일,경기도 남양주시 와부읍,중상사고,0,1,0,0,차대사람 - 기타,안전운전불이행,포장 - 건조,맑음,단일로 - 기타,자전거,여,46세,중상,보행자,여,25세,상해없음
6886,2018091100100013,2018년 9월 11일 00시,화요일,경기도 양주시 광사동,부상신고사고,0,0,0,1,차대사람 - 기타,안전운전불이행,포장 - 건조,맑음,교차로 - 교차로횡단보도내,기타불명,기타불명,미분류,기타불명,보행자,남,24세,부상신고
6887,2018091100100021,2018년 9월 11일 01시,화요일,경기도 의정부시 의정부동,경상사고,0,0,1,0,차대사람 - 기타,안전운전불이행,포장 - 건조,맑음,교차로 - 교차로부근,승용,남,19세,상해없음,보행자,남,23세,경상
6888,2018091100100038,2018년 9월 11일 04시,화요일,경기도 안양시 동안구 호계동,경상사고,0,0,1,0,차대사람 - 차도통행중,안전운전불이행,포장 - 건조,맑음,교차로 - 교차로부근,이륜,남,22세,상해없음,보행자,남,31세,경상
6889,2018091100100040,2018년 9월 11일 04시,화요일,경기도 용인시 처인구 모현읍,중상사고,0,1,0,0,차대사람 - 길가장자리구역통행중,안전운전불이행,포장 - 건조,맑음,단일로 - 기타,기타불명,기타불명,미분류,기타불명,보행자,남,72세,중상
6890,2018091100100041,2018년 9월 11일 04시,화요일,경기도 군포시 부곡동,중상사고,0,1,0,0,차대사람 - 기타,안전운전불이행,포장 - 건조,맑음,단일로 - 기타,화물,남,50세,상해없음,보행자,남,64세,중상
6891,2018091100100096,2018년 9월 11일 08시,화요일,경기도 안양시 동안구 평촌동,경상사고,0,0,1,0,차대사람 - 횡단중,신호위반,포장 - 건조,맑음,교차로 - 교차로부근,기타불명,기타불명,미분류,기타불명,보행자,여,46세,경상
6892,2018091100100128,2018년 9월 11일 08시,화요일,경기도 양주시 고암동,경상사고,0,0,1,0,차대사람 - 기타,안전운전불이행,포장 - 건조,맑음,주차장 - 주차장,승용,여,61세,기타불명,보행자,남,16세,경상
6893,2018091100100135,2018년 9월 11일 09시,화요일,경기도 평택시 통복동,경상사고,0,0,1,0,차대사람 - 기타,안전운전불이행,포장 - 건조,맑음,단일로 - 기타,승합,남,60세,상해없음,보행자,여,52세,경상
6894,2018091100100139,2018년 9월 11일 09시,화요일,경기도 양평군 단월면,사망사고,1,0,0,0,차대사람 - 횡단중,안전운전불이행,포장 - 건조,맑음,단일로 - 기타,승용,남,74세,상해없음,보행자,여,84세,사망
6895,2018091100100213,2018년 9월 11일 11시,화요일,경기도 수원시 장안구 천천동,중상사고,0,1,0,0,차대사람 - 횡단중,안전운전불이행,포장 - 건조,맑음,교차로 - 교차로안,화물,남,28세,상해없음,보행자,여,20세,중상
6896,2018091100100214,2018년 9월 11일 11시,화요일,경기도 안양시 동안구 호계동,중상사고,0,1,0,0,차대사람 - 기타,기타,포장 - 건조,맑음,단일로 - 기타,승합,남,55세,상해없음,보행자,여,70세,중상
6897,2018091100100267,2018년 9월 11일 13시,화요일,경기도 수원시 팔달구 매교동,중상사고,0,1,0,0,차대사람 - 차도통행중,안전운전불이행,포장 - 건조,맑음,교차로 - 교차로안,승용,남,36세,상해없음,보행자,남,52세,중상
6898,2018091100100303,2018년 9월 11일 14시,화요일,경기도 수원시 권선구 권선동,경상사고,0,0,1,0,차대사람 - 횡단중,안전운전불이행,포장 - 건조,맑음,단일로 - 기타,승용,여,41세,상해없음,보행자,여,53세,경상
6899,2018091100100396,2018년 9월 11일 17시,화요일,경기도 화성시 반송동,경상사고,0,0,1,0,차대사람 - 횡단중,보행자보호의무위반,포장 - 건조,맑음,교차로 - 교차로안,승용,남,61세,상해없음,보행자,남,23세,경상
6900,2018091100100401,2018년 9월 11일 17시,화요일,경기도 부천시 여월동,경상사고,0,0,1,0,차대사람 - 기타,안전운전불이행,포장 - 건조,맑음,교차로 - 교차로안,승용,여,35세,상해없음,보행자,남,64세,경상
6901,2018091100100475,2018년 9월 11일 19시,화요일,경기도 안성시 석정동,경상사고,0,0,1,0,차대사람 - 차도통행중,안전운전불이행,포장 - 건조,맑음,교차로 - 교차로부근,승용,여,38세,상해없음,보행자,여,23세,경상
6902,2018091100100478,2018년 9월 11일 19시,화요일,경기도 안산시 단원구 원곡동,중상사고,0,1,0,0,차대사람 - 횡단중,안전운전불이행,포장 - 건조,맑음,교차로 - 교차로안,승용,남,39세,상해없음,보행자,남,61세,중상
6903,2018091100100522,2018년 9월 11일 20시,화요일,경기도 수원시 영통구 원천동,사망사고,1,0,0,0,차대사람 - 횡단중,과속,포장 - 건조,맑음,교차로 - 교차로안,승용,남,29세,상해없음,보행자,남,59세,사망
6904,2018091100100558,2018년 9월 11일 21시,화요일,경기도 의정부시 신곡동,중상사고,0,1,0,0,차대사람 - 차도통행중,안전운전불이행,포장 - 건조,맑음,교차로 - 교차로안,승용,남,55세,상해없음,보행자,남,48세,중상
6905,2018091100100559,2018년 9월 11일 21시,화요일,경기도 고양시 덕양구 행신동,경상사고,0,0,1,0,차대사람 - 기타,안전운전불이행,포장 - 건조,맑음,단일로 - 기타,승용,여,55세,상해없음,보행자,남,47세,경상
6906,2018091100100560,2018년 9월 11일 21시,화요일,경기도 구리시 교문동,사망사고,1,0,0,0,차대사람 - 기타,안전운전불이행,포장 - 건조,맑음,단일로 - 기타,승용,남,49세,상해없음,보행자,여,1세,사망
6907,2018091100100592,2018년 9월 11일 23시,화요일,경기도 안양시 동안구 평촌동,중상사고,0,1,0,0,차대사람 - 차도통행중,안전운전불이행,포장 - 건조,맑음,기타 - 기타,승용,남,55세,상해없음,보행자,남,53세,중상
6908,2018091200100084,2018년 9월 12일 07시,수요일,경기도 김포시 북변동,중상사고,0,1,0,0,차대사람 - 차도통행중,안전운전불이행,포장 - 건조,맑음,교차로 - 교차로안,화물,남,57세,상해없음,보행자,여,72세,중상
6909,2018091200100179,2018년 9월 12일 09시,수요일,경기도 용인시 기흥구 상하동,경상사고,0,0,1,0,차대사람 - 차도통행중,교차로운행방법위반,포장 - 건조,맑음,교차로 - 교차로안,승용,여,46세,상해없음,보행자,남,40세,경상
6910,2018091200100210,2018년 9월 12일 09시,수요일,경기도 고양시 일산동구 중산동,중상사고,0,1,0,0,차대사람 - 횡단중,신호위반,포장 - 건조,맑음,단일로 - 기타,승용,여,50세,상해없음,보행자,여,48세,중상
6911,2018091200100211,2018년 9월 12일 09시,수요일,경기도 남양주시 화도읍,경상사고,0,0,1,0,차대사람 - 기타,안전운전불이행,포장 - 건조,맑음,기타 - 기타,화물,남,50세,상해없음,보행자,남,64세,경상
6912,2018091200100212,2018년 9월 12일 09시,수요일,경기도 남양주시 진접읍,경상사고,0,0,1,0,차대사람 - 기타,안전운전불이행,포장 - 건조,맑음,기타 - 기타,승용,여,35세,상해없음,보행자,여,7세,경상
6913,2018091200100219,2018년 9월 12일 10시,수요일,경기도 용인시 기흥구 보라동,경상사고,0,0,1,0,차대사람 - 횡단중,안전운전불이행,포장 - 건조,맑음,단일로 - 기타,승용,남,55세,상해없음,보행자,여,26세,경상
6914,2018091200100247,2018년 9월 12일 10시,수요일,경기도 남양주시 화도읍,중상사고,0,1,0,0,차대사람 - 기타,안전운전불이행,포장 - 건조,맑음,교차로 - 교차로안,승용,남,69세,상해없음,보행자,여,74세,중상
6915,2018091200100259,2018년 9월 12일 11시,수요일,경기도 안성시 보개면,중상사고,0,1,0,0,차대사람 - 길가장자리구역통행중,안전운전불이행,포장 - 건조,맑음,단일로 - 기타,화물,남,43세,상해없음,보행자,남,50세,중상
6916,2018091200100262,2018년 9월 12일 11시,수요일,경기도 안산시 단원구 선부동,중상사고,0,1,0,0,차대사람 - 횡단중,보행자보호의무위반,포장 - 건조,맑음,교차로 - 교차로횡단보도내,승용,여,41세,상해없음,보행자,여,80세,중상
6917,2018091200100264,2018년 9월 12일 11시,수요일,경기도 시흥시 대야동,경상사고,0,0,1,0,차대사람 - 보도통행중,신호위반,포장 - 건조,맑음,단일로 - 기타,이륜,남,27세,상해없음,보행자,남,65세,경상
6918,2018091200100289,2018년 9월 12일 11시,수요일,경기도 파주시 야당동,중상사고,0,1,0,0,차대사람 - 횡단중,안전운전불이행,포장 - 건조,맑음,단일로 - 기타,승용,여,49세,상해없음,보행자,여,67세,중상
6919,2018091200100340,2018년 9월 12일 13시,수요일,경기도 성남시 중원구 성남동,중상사고,0,1,0,0,차대사람 - 기타,기타,포장 - 건조,맑음,단일로 - 기타,승합,남,57세,상해없음,보행자,여,59세,중상
6920,2018091200100341,2018년 9월 12일 13시,수요일,경기도 시흥시 신천동,경상사고,0,0,1,0,차대사람 - 기타,안전운전불이행,포장 - 건조,맑음,단일로 - 기타,승용,여,54세,상해없음,보행자,여,21세,경상
6921,2018091200100342,2018년 9월 12일 13시,수요일,경기도 안산시 상록구 사동,중상사고,0,1,0,0,차대사람 - 기타,안전운전불이행,포장 - 건조,맑음,교차로 - 교차로안,승용,남,27세,상해없음,보행자,여,81세,중상
6922,2018091200100371,2018년 9월 12일 14시,수요일,경기도 성남시 수정구 태평동,경상사고,0,0,1,0,차대사람 - 횡단중,기타,포장 - 건조,맑음,교차로 - 교차로부근,화물,남,61세,상해없음,보행자,남,11세,경상
6923,2018091200100372,2018년 9월 12일 14시,수요일,경기도 용인시 기흥구 중동,경상사고,0,0,1,0,차대사람 - 횡단중,안전운전불이행,포장 - 건조,맑음,교차로 - 교차로안,승용,여,37세,상해없음,보행자,남,12세,경상
6924,2018091200100373,2018년 9월 12일 14시,수요일,경기도 김포시 고촌읍,경상사고,0,0,1,0,차대사람 - 기타,안전운전불이행,포장 - 건조,맑음,단일로 - 기타,승합,남,55세,상해없음,보행자,남,65세,경상
6925,2018091200100439,2018년 9월 12일 15시,수요일,경기도 남양주시 화도읍,경상사고,0,0,1,0,차대사람 - 횡단중,보행자보호의무위반,포장 - 건조,맑음,단일로 - 기타,승용,여,66세,상해없음,보행자,여,15세,경상
6926,2018091200100441,2018년 9월 12일 15시,수요일,경기도 양주시 광적면,사망사고,1,1,0,0,차대사람 - 횡단중,안전운전불이행,포장 - 건조,맑음,교차로 - 교차로부근,승용,남,57세,상해없음,보행자,여,82세,사망
6927,2018091200100459,2018년 9월 12일 16시,수요일,경기도 여주시 홍문동,경상사고,0,0,1,0,차대사람 - 보도통행중,기타,포장 - 건조,맑음,단일로 - 기타,승용,여,63세,상해없음,보행자,여,50세,경상
6928,2018091200100505,2018년 9월 12일 17시,수요일,경기도 평택시 진위면,경상사고,0,0,1,0,차대사람 - 기타,안전운전불이행,포장 - 건조,맑음,단일로 - 기타,승용,여,56세,상해없음,보행자,여,13세,경상
6929,2018091200100506,2018년 9월 12일 17시,수요일,경기도 여주시 홍문동,경상사고,0,0,1,0,차대사람 - 횡단중,안전운전불이행,포장 - 건조,맑음,교차로 - 교차로안,승용,남,76세,상해없음,보행자,남,47세,경상