,사고번호,사고일시,요일,시군구,사고내용,사망자수,중상자수,경상자수,부상신고자수,사고유형,법규위반,노면상태,기상상태,도로형태,가해운전자 차종,가해운전자 성별,가해운전자 연령,가해운전자 상해정도,피해운전자 차종,피해운전자 성별,피해운전자 연령,피해운전자 상해정도
7383,2018092900100350,2018년 9월 29일 15시,토요일,경기도 김포시 하성면,중상사고,0,1,0,0,차대사람 - 기타,안전운전불이행,포장 - 건조,맑음,기타 - 기타,화물,남,52세,상해없음,보행자,남,63세,중상
7384,2018092900100385,2018년 9월 29일 16시,토요일,경기도 시흥시 신천동,중상사고,0,1,0,0,차대사람 - 기타,안전운전불이행,포장 - 건조,맑음,교차로 - 교차로부근,화물,남,47세,상해없음,보행자,여,57세,중상
7385,2018092900100411,2018년 9월 29일 17시,토요일,경기도 여주시 연양동,중상사고,0,1,0,0,차대사람 - 기타,안전운전불이행,포장 - 건조,맑음,단일로 - 기타,이륜,남,28세,상해없음,보행자,남,2세,중상
7386,2018092900100416,2018년 9월 29일 17시,토요일,경기도 시흥시 거모동,중상사고,0,1,0,0,차대사람 - 횡단중,안전운전불이행,포장 - 건조,맑음,단일로 - 기타,승용,남,48세,상해없음,보행자,여,58세,중상
7387,2018092900100462,2018년 9월 29일 18시,토요일,경기도 광주시 곤지암읍,부상신고사고,0,0,0,1,차대사람 - 횡단중,안전운전불이행,포장 - 건조,맑음,단일로 - 기타,승용,남,55세,상해없음,보행자,여,23세,부상신고
7388,2018092900100494,2018년 9월 29일 19시,토요일,경기도 화성시 병점동,중상사고,0,1,0,0,차대사람 - 보도통행중,보행자보호의무위반,포장 - 건조,맑음,단일로 - 기타,승용,여,47세,상해없음,보행자,남,7세,중상
7389,2018092900100524,2018년 9월 29일 19시,토요일,경기도 고양시 일산동구 식사동,경상사고,0,0,1,0,차대사람 - 횡단중,안전운전불이행,포장 - 건조,맑음,단일로 - 기타,승용,남,22세,상해없음,보행자,남,12세,경상
7390,2018092900100535,2018년 9월 29일 20시,토요일,경기도 안산시 상록구 본오동,경상사고,0,0,1,0,차대사람 - 기타,안전운전불이행,포장 - 건조,맑음,단일로 - 기타,화물,여,62세,상해없음,보행자,여,35세,경상
7391,2018092900100561,2018년 9월 29일 21시,토요일,경기도 성남시 중원구 중앙동,경상사고,0,0,1,0,차대사람 - 기타,기타,포장 - 건조,맑음,단일로 - 기타,승합,남,61세,상해없음,보행자,여,47세,경상
7392,2018092900100586,2018년 9월 29일 21시,토요일,경기도 의정부시 장암동,경상사고,0,0,1,0,차대사람 - 차도통행중,교차로운행방법위반,포장 - 건조,맑음,교차로 - 교차로안,승용,여,56세,상해없음,보행자,여,76세,경상
7393,2018092900100587,2018년 9월 29일 21시,토요일,경기도 양주시 덕정동,경상사고,0,0,1,0,차대사람 - 횡단중,신호위반,포장 - 건조,맑음,교차로 - 교차로횡단보도내,승용,남,39세,상해없음,보행자,남,25세,경상
7394,2018093000100033,2018년 9월 30일 02시,일요일,경기도 수원시 팔달구 인계동,경상사고,0,0,3,0,차대사람 - 기타,안전운전불이행,포장 - 건조,맑음,교차로 - 교차로부근,승용,남,22세,상해없음,보행자,남,25세,경상
7395,2018093000100034,2018년 9월 30일 02시,일요일,경기도 수원시 팔달구 인계동,경상사고,0,0,1,0,차대사람 - 길가장자리구역통행중,안전운전불이행,포장 - 건조,맑음,단일로 - 기타,승용,남,18세,상해없음,보행자,여,27세,경상
7396,2018093000100054,2018년 9월 30일 04시,일요일,경기도 김포시 구래동,사망사고,1,0,0,0,차대사람 - 기타,안전운전불이행,포장 - 건조,맑음,교차로 - 교차로안,승용,남,71세,상해없음,보행자,남,37세,사망
7397,2018093000100112,2018년 9월 30일 09시,일요일,경기도 안성시 서인동,중상사고,0,1,0,0,차대사람 - 차도통행중,안전운전불이행,포장 - 건조,맑음,단일로 - 기타,승용,여,54세,상해없음,보행자,남,54세,중상
7398,2018093000100333,2018년 9월 30일 16시,일요일,경기도 동두천시 안흥동,중상사고,0,1,0,0,차대사람 - 횡단중,보행자보호의무위반,포장 - 건조,맑음,교차로 - 교차로횡단보도내,승용,남,66세,상해없음,보행자,남,75세,중상
7399,2018093000100334,2018년 9월 30일 16시,일요일,경기도 구리시 토평동,경상사고,0,0,1,0,차대사람 - 기타,안전운전불이행,포장 - 건조,맑음,단일로 - 기타,자전거,남,52세,상해없음,보행자,남,5세,경상
7400,2018093000100348,2018년 9월 30일 17시,일요일,경기도 김포시 사우동,경상사고,0,0,1,0,차대사람 - 기타,중앙선침범,포장 - 건조,맑음,단일로 - 기타,화물,남,67세,상해없음,보행자,남,54세,경상
7401,2018093000100351,2018년 9월 30일 17시,일요일,경기도 시흥시 정왕동,경상사고,0,0,1,0,차대사람 - 보도통행중,안전운전불이행,포장 - 건조,맑음,기타 - 기타,기타불명,기타불명,미분류,기타불명,보행자,남,26세,경상
7402,2018093000100381,2018년 9월 30일 18시,일요일,경기도 수원시 장안구 조원동,경상사고,0,0,1,0,차대사람 - 기타,기타,포장 - 건조,맑음,단일로 - 기타,기타불명,기타불명,미분류,기타불명,보행자,남,29세,경상
7403,2018093000100383,2018년 9월 30일 18시,일요일,경기도 안산시 단원구 고잔동,중상사고,0,1,0,0,차대사람 - 기타,안전운전불이행,포장 - 건조,맑음,교차로 - 교차로부근,승용,남,62세,상해없음,보행자,남,16세,중상
7404,2018093000100386,2018년 9월 30일 18시,일요일,경기도 성남시 분당구 야탑동,경상사고,0,0,1,0,차대사람 - 기타,기타,포장 - 건조,맑음,기타 - 기타,승용,남,55세,상해없음,보행자,남,58세,경상
7405,2018093000100419,2018년 9월 30일 19시,일요일,경기도 시흥시 정왕동,경상사고,0,0,1,0,차대사람 - 기타,안전운전불이행,포장 - 건조,맑음,단일로 - 기타,화물,남,50세,상해없음,보행자,남,23세,경상
7406,2018093000100423,2018년 9월 30일 19시,일요일,경기도 부천시 원종동,중상사고,0,1,0,0,차대사람 - 차도통행중,불법유턴,포장 - 건조,맑음,단일로 - 기타,승용,남,64세,상해없음,보행자,여,57세,중상
7407,2018093000100424,2018년 9월 30일 19시,일요일,경기도 용인시 수지구 상현동,중상사고,0,1,0,0,차대사람 - 횡단중,안전운전불이행,포장 - 건조,맑음,교차로 - 교차로안,승용,남,50세,상해없음,보행자,여,16세,중상
7408,2018093000100491,2018년 9월 30일 22시,일요일,경기도 군포시 당동,중상사고,0,1,0,0,차대사람 - 횡단중,보행자보호의무위반,포장 - 건조,맑음,교차로 - 교차로횡단보도내,승용,남,55세,상해없음,보행자,여,29세,중상
7409,2018100100100039,2018년 10월 1일 05시,월요일,경기도 성남시 수정구 태평동,경상사고,0,0,1,0,차대사람 - 기타,안전운전불이행,포장 - 건조,기타,기타 - 기타,자전거,남,43세,상해없음,보행자,여,75세,경상
7410,2018100100100042,2018년 10월 1일 05시,월요일,경기도 하남시 덕풍동,중상사고,0,1,0,0,차대사람 - 횡단중,보행자보호의무위반,포장 - 건조,맑음,교차로 - 교차로부근,승용,남,68세,상해없음,보행자,여,78세,중상
7411,2018100100100065,2018년 10월 1일 07시,월요일,경기도 양평군 서종면,경상사고,0,0,1,0,차대사람 - 길가장자리구역통행중,안전운전불이행,포장 - 건조,맑음,단일로 - 기타,건설기계,남,46세,상해없음,보행자,여,75세,경상
7412,2018100100100067,2018년 10월 1일 07시,월요일,경기도 성남시 분당구 이매동,경상사고,0,0,1,0,차대사람 - 기타,기타,포장 - 건조,맑음,단일로 - 기타,승합,남,43세,상해없음,보행자,남,39세,경상
7413,2018100100100089,2018년 10월 1일 08시,월요일,경기도 평택시 서정동,중상사고,0,1,0,0,차대사람 - 횡단중,신호위반,포장 - 건조,맑음,교차로 - 교차로안,승용,여,45세,상해없음,보행자,여,45세,중상
7414,2018100100100094,2018년 10월 1일 08시,월요일,경기도 안산시 상록구 본오동,경상사고,0,0,1,0,차대사람 - 횡단중,안전운전불이행,포장 - 건조,맑음,단일로 - 기타,승용,남,57세,상해없음,보행자,여,15세,경상
7415,2018100100100129,2018년 10월 1일 08시,월요일,경기도 파주시 조리읍,경상사고,0,0,1,0,차대사람 - 기타,안전운전불이행,포장 - 건조,맑음,단일로 - 기타,기타불명,기타불명,미분류,기타불명,보행자,여,18세,경상
7416,2018100100100130,2018년 10월 1일 08시,월요일,경기도 양주시 남방동,경상사고,0,0,1,0,차대사람 - 횡단중,안전운전불이행,포장 - 건조,맑음,단일로 - 기타,승용,여,39세,상해없음,보행자,여,21세,경상
7417,2018100100100198,2018년 10월 1일 10시,월요일,경기도 포천시 신읍동,경상사고,0,0,1,0,차대사람 - 횡단중,보행자보호의무위반,포장 - 건조,맑음,교차로 - 교차로횡단보도내,화물,남,37세,상해없음,보행자,여,71세,경상
7418,2018100100100269,2018년 10월 1일 13시,월요일,경기도 평택시 안중읍,경상사고,0,0,1,0,차대사람 - 차도통행중,안전운전불이행,포장 - 건조,맑음,단일로 - 기타,승용,남,62세,상해없음,보행자,여,64세,경상
7419,2018100100100275,2018년 10월 1일 13시,월요일,경기도 시흥시 신천동,경상사고,0,0,1,0,차대사람 - 횡단중,신호위반,포장 - 건조,맑음,교차로 - 교차로안,승용,여,63세,상해없음,보행자,남,15세,경상
7420,2018100100100309,2018년 10월 1일 14시,월요일,경기도 성남시 수정구 창곡동,경상사고,0,0,1,0,차대사람 - 횡단중,신호위반,포장 - 건조,맑음,교차로 - 교차로부근,원동기,남,19세,상해없음,보행자,남,6세,경상
7421,2018100100100312,2018년 10월 1일 14시,월요일,경기도 수원시 권선구 권선동,중상사고,0,1,0,0,차대사람 - 길가장자리구역통행중,안전운전불이행,포장 - 건조,맑음,교차로 - 교차로안,승용,남,31세,상해없음,보행자,여,8세,중상
7422,2018100100100347,2018년 10월 1일 15시,월요일,경기도 시흥시 거모동,중상사고,0,1,0,0,차대사람 - 기타,안전운전불이행,포장 - 건조,맑음,교차로 - 교차로안,화물,남,39세,상해없음,보행자,여,76세,중상
7423,2018100100100384,2018년 10월 1일 16시,월요일,경기도 여주시 대신면,중상사고,0,1,0,0,차대사람 - 기타,안전운전불이행,포장 - 건조,맑음,단일로 - 기타,승합,남,59세,상해없음,보행자,여,79세,중상
7424,2018100100100386,2018년 10월 1일 16시,월요일,경기도 군포시 산본동,중상사고,0,1,0,0,차대사람 - 횡단중,신호위반,포장 - 젖음/습기,비,교차로 - 교차로부근,승합,남,54세,상해없음,보행자,여,88세,중상
7425,2018100100100427,2018년 10월 1일 17시,월요일,경기도 부천시 중동,중상사고,0,1,0,0,차대사람 - 횡단중,안전운전불이행,포장 - 건조,맑음,교차로 - 교차로안,승용,남,49세,상해없음,보행자,남,62세,중상
7426,2018100100100430,2018년 10월 1일 17시,월요일,경기도 안양시 만안구 안양동,중상사고,0,1,0,0,차대사람 - 횡단중,안전운전불이행,포장 - 건조,맑음,단일로 - 기타,승용,남,58세,상해없음,보행자,남,75세,중상
7427,2018100100100470,2018년 10월 1일 18시,월요일,경기도 성남시 수정구 태평동,중상사고,0,1,2,0,차대사람 - 기타,안전운전불이행,포장 - 건조,맑음,교차로 - 교차로안,승용,남,39세,상해없음,보행자,여,51세,중상
7428,2018100100100472,2018년 10월 1일 18시,월요일,경기도 용인시 처인구 모현읍,중상사고,0,1,0,0,차대사람 - 횡단중,안전운전불이행,포장 - 젖음/습기,비,기타 - 기타,승용,남,72세,상해없음,보행자,여,38세,중상
7429,2018100100100508,2018년 10월 1일 18시,월요일,경기도 고양시 덕양구 토당동,중상사고,0,1,0,0,차대사람 - 횡단중,안전운전불이행,포장 - 건조,맑음,단일로 - 기타,승용,남,80세,상해없음,보행자,여,35세,중상
7430,2018100100100551,2018년 10월 1일 20시,월요일,경기도 김포시 장기동,경상사고,0,0,1,0,차대사람 - 횡단중,보행자보호의무위반,포장 - 건조,맑음,교차로 - 교차로횡단보도내,승용,남,47세,상해없음,보행자,남,55세,경상
7431,2018100100100573,2018년 10월 1일 21시,월요일,경기도 하남시 망월동,경상사고,0,0,1,0,차대사람 - 횡단중,신호위반,포장 - 건조,맑음,교차로 - 교차로횡단보도내,승용,여,64세,상해없음,보행자,여,17세,경상
7432,2018100200100026,2018년 10월 2일 02시,화요일,경기도 고양시 덕양구 화전동,중상사고,0,1,0,0,차대사람 - 횡단중,신호위반,포장 - 건조,맑음,단일로 - 기타,화물,남,50세,상해없음,보행자,남,17세,중상
7433,2018100200100043,2018년 10월 2일 05시,화요일,경기도 수원시 팔달구 매산로1가,중상사고,0,1,0,0,차대사람 - 횡단중,안전운전불이행,포장 - 건조,맑음,기타 - 기타,승용,남,63세,상해없음,보행자,남,55세,중상
7434,2018100200100070,2018년 10월 2일 07시,화요일,경기도 수원시 장안구 파장동,중상사고,0,1,0,0,차대사람 - 기타,교차로운행방법위반,포장 - 건조,맑음,교차로 - 교차로안,승용,남,47세,상해없음,보행자,여,57세,중상
7435,2018100200100075,2018년 10월 2일 07시,화요일,경기도 수원시 권선구 서둔동,중상사고,0,1,0,0,차대사람 - 기타,안전운전불이행,포장 - 건조,맑음,단일로 - 기타,자전거,남,38세,상해없음,보행자,여,78세,중상
7436,2018100200100087,2018년 10월 2일 07시,화요일,경기도 고양시 덕양구 고양동,중상사고,0,1,0,0,차대사람 - 횡단중,안전운전불이행,포장 - 건조,맑음,단일로 - 기타,승합,남,61세,상해없음,보행자,여,52세,중상
7437,2018100200100105,2018년 10월 2일 08시,화요일,경기도 화성시 반송동,중상사고,0,1,0,0,차대사람 - 기타,안전운전불이행,포장 - 건조,맑음,단일로 - 기타,승용,여,47세,상해없음,보행자,여,14세,중상
7438,2018100200100108,2018년 10월 2일 08시,화요일,경기도 수원시 권선구 세류동,경상사고,0,0,1,0,차대사람 - 기타,기타,포장 - 건조,맑음,단일로 - 기타,승용,여,35세,상해없음,보행자,여,65세,경상
7439,2018100200100138,2018년 10월 2일 08시,화요일,경기도 남양주시 퇴계원면,경상사고,0,0,1,0,차대사람 - 기타,안전운전불이행,포장 - 건조,맑음,교차로 - 교차로안,승용,여,44세,상해없음,보행자,남,48세,경상
7440,2018100200100148,2018년 10월 2일 09시,화요일,경기도 군포시 당동,중상사고,0,1,0,0,차대사람 - 기타,보행자보호의무위반,포장 - 건조,맑음,교차로 - 교차로횡단보도내,승용,여,36세,상해없음,보행자,여,70세,중상
7441,2018100200100149,2018년 10월 2일 09시,화요일,경기도 성남시 분당구 삼평동,경상사고,0,0,1,0,차대사람 - 기타,안전운전불이행,포장 - 건조,맑음,기타 - 기타,화물,남,39세,상해없음,보행자,남,52세,경상
7442,2018100200100178,2018년 10월 2일 09시,화요일,경기도 동두천시 지행동,경상사고,0,0,1,0,차대사람 - 기타,안전운전불이행,포장 - 건조,맑음,단일로 - 기타,승용,남,61세,상해없음,보행자,남,19세,경상
7443,2018100200100188,2018년 10월 2일 10시,화요일,경기도 수원시 장안구 송죽동,중상사고,0,1,0,0,차대사람 - 기타,안전운전불이행,포장 - 건조,맑음,교차로 - 교차로부근,승합,남,50세,상해없음,보행자,여,79세,중상
7444,2018100200100226,2018년 10월 2일 11시,화요일,경기도 부천시 소사본동,중상사고,0,1,0,0,차대사람 - 횡단중,안전운전불이행,포장 - 건조,맑음,단일로 - 기타,승용,남,24세,상해없음,보행자,남,16세,중상
7445,2018100200100257,2018년 10월 2일 12시,화요일,경기도 안산시 단원구 선부동,중상사고,0,1,0,0,차대사람 - 기타,안전운전불이행,포장 - 건조,맑음,주차장 - 주차장,승용,여,47세,상해없음,보행자,여,71세,중상
7446,2018100200100258,2018년 10월 2일 12시,화요일,경기도 하남시 신장동,중상사고,0,1,0,0,차대사람 - 횡단중,안전운전불이행,포장 - 건조,맑음,교차로 - 교차로안,이륜,남,28세,상해없음,보행자,남,58세,중상
7447,2018100200100293,2018년 10월 2일 13시,화요일,경기도 광주시 오포읍,중상사고,0,1,0,0,차대사람 - 기타,안전운전불이행,포장 - 건조,맑음,단일로 - 기타,승합,남,63세,상해없음,보행자,여,83세,중상
7448,2018100200100333,2018년 10월 2일 14시,화요일,경기도 군포시 당정동,중상사고,0,1,0,0,차대사람 - 기타,안전운전불이행,포장 - 건조,맑음,교차로 - 교차로부근,승용,남,41세,상해없음,보행자,남,7세,중상
7449,2018100200100426,2018년 10월 2일 17시,화요일,경기도 성남시 수정구 단대동,경상사고,0,0,1,0,차대사람 - 보도통행중,기타,포장 - 건조,맑음,기타 - 기타,승용,남,35세,상해없음,보행자,여,59세,경상
7450,2018100200100430,2018년 10월 2일 17시,화요일,경기도 하남시 덕풍동,경상사고,0,0,1,0,차대사람 - 기타,안전운전불이행,포장 - 건조,맑음,단일로 - 기타,이륜,남,52세,상해없음,보행자,남,3세,경상
7451,2018100200100469,2018년 10월 2일 18시,화요일,경기도 수원시 팔달구 화서동,경상사고,0,0,2,0,차대사람 - 횡단중,보행자보호의무위반,포장 - 건조,맑음,교차로 - 교차로횡단보도내,승용,남,47세,상해없음,보행자,여,7세,경상
7452,2018100200100473,2018년 10월 2일 18시,화요일,경기도 오산시 궐동,경상사고,0,0,1,0,차대사람 - 기타,기타,포장 - 건조,맑음,단일로 - 기타,승합,남,75세,상해없음,보행자,여,52세,경상
7453,2018100200100475,2018년 10월 2일 18시,화요일,경기도 군포시 산본동,중상사고,0,1,0,0,차대사람 - 기타,보행자보호의무위반,포장 - 건조,맑음,교차로 - 교차로횡단보도내,승용,여,53세,상해없음,보행자,여,65세,중상
7454,2018100200100532,2018년 10월 2일 19시,화요일,경기도 화성시 반송동,경상사고,0,0,1,0,차대사람 - 기타,안전운전불이행,포장 - 건조,맑음,단일로 - 기타,승용,여,38세,상해없음,보행자,여,62세,경상
7455,2018100200100567,2018년 10월 2일 19시,화요일,경기도 의정부시 장암동,중상사고,0,1,0,0,차대사람 - 차도통행중,안전운전불이행,포장 - 건조,맑음,교차로 - 교차로부근,승용,여,58세,상해없음,보행자,남,6세,중상
7456,2018100200100568,2018년 10월 2일 19시,화요일,경기도 파주시 파주읍,사망사고,1,0,0,0,차대사람 - 횡단중,안전운전불이행,포장 - 기타,맑음,단일로 - 기타,승용,남,41세,상해없음,보행자,남,81세,사망
7457,2018100200100581,2018년 10월 2일 20시,화요일,경기도 이천시 장호원읍,중상사고,0,1,0,0,차대사람 - 길가장자리구역통행중,안전운전불이행,포장 - 건조,맑음,교차로 - 교차로부근,승용,남,45세,상해없음,보행자,여,67세,중상
7458,2018100200100585,2018년 10월 2일 20시,화요일,경기도 부천시 춘의동,경상사고,0,0,1,0,차대사람 - 차도통행중,교차로운행방법위반,포장 - 건조,맑음,교차로 - 교차로안,승용,남,39세,상해없음,보행자,남,60세,경상
7459,2018100200100593,2018년 10월 2일 20시,화요일,경기도 의왕시 포일동,경상사고,0,0,1,0,차대사람 - 기타,안전운전불이행,포장 - 건조,맑음,단일로 - 기타,승합,남,54세,상해없음,보행자,여,30세,경상
7460,2018100200100607,2018년 10월 2일 20시,화요일,경기도 고양시 덕양구 화정동,경상사고,0,0,1,0,차대사람 - 횡단중,안전운전불이행,포장 - 건조,맑음,교차로 - 교차로안,승용,남,25세,상해없음,보행자,남,38세,경상
7461,2018100200100608,2018년 10월 2일 20시,화요일,경기도 고양시 일산동구 식사동,경상사고,0,0,1,0,차대사람 - 횡단중,보행자보호의무위반,포장 - 건조,맑음,교차로 - 교차로횡단보도내,승용,남,35세,상해없음,보행자,남,14세,경상
7462,2018100200100618,2018년 10월 2일 21시,화요일,경기도 안산시 단원구 고잔동,중상사고,0,1,0,0,차대사람 - 횡단중,보행자보호의무위반,포장 - 건조,맑음,교차로 - 교차로횡단보도내,승용,여,51세,상해없음,보행자,여,25세,중상
7463,2018100200100647,2018년 10월 2일 22시,화요일,경기도 안양시 동안구 비산동,경상사고,0,0,1,0,차대사람 - 기타,안전운전불이행,포장 - 건조,맑음,교차로 - 교차로부근,승용,남,30세,상해없음,보행자,남,60세,경상
7464,2018100300100005,2018년 10월 3일 00시,수요일,경기도 안산시 단원구 고잔동,경상사고,0,0,1,0,차대사람 - 기타,안전운전불이행,포장 - 건조,맑음,단일로 - 기타,승용,남,22세,상해없음,보행자,여,20세,경상
7465,2018100300100048,2018년 10월 3일 02시,수요일,경기도 수원시 팔달구 인계동,경상사고,0,0,1,0,차대사람 - 기타,안전운전불이행,포장 - 건조,맑음,교차로 - 교차로안,승용,남,50세,상해없음,보행자,여,47세,경상
7466,2018100300100079,2018년 10월 3일 04시,수요일,경기도 부천시 심곡동,경상사고,0,0,1,0,차대사람 - 차도통행중,안전운전불이행,포장 - 건조,맑음,단일로 - 기타,승용,남,26세,상해없음,보행자,남,34세,경상
7467,2018100300100085,2018년 10월 3일 04시,수요일,경기도 고양시 일산동구 정발산동,경상사고,0,0,1,0,차대사람 - 기타,안전운전불이행,포장 - 건조,맑음,단일로 - 기타,승용,여,50세,상해없음,보행자,남,23세,경상
7468,2018100300100131,2018년 10월 3일 08시,수요일,경기도 평택시 진위면,경상사고,0,0,1,0,차대사람 - 기타,기타,포장 - 건조,맑음,단일로 - 기타,승합,남,62세,상해없음,보행자,여,24세,경상
7469,2018100300100149,2018년 10월 3일 09시,수요일,경기도 용인시 기흥구 신갈동,중상사고,0,1,0,0,차대사람 - 횡단중,기타,포장 - 건조,맑음,단일로 - 기타,승용,남,24세,상해없음,보행자,여,66세,중상
7470,2018100300100201,2018년 10월 3일 11시,수요일,경기도 광주시 초월읍,중상사고,0,1,0,0,차대사람 - 기타,안전운전불이행,포장 - 건조,맑음,단일로 - 기타,승용,남,25세,상해없음,보행자,여,62세,중상
7471,2018100300100204,2018년 10월 3일 11시,수요일,경기도 성남시 중원구 성남동,중상사고,0,1,1,0,차대사람 - 기타,안전운전불이행,포장 - 건조,맑음,단일로 - 기타,승용,남,58세,상해없음,보행자,여,53세,중상
7472,2018100300100225,2018년 10월 3일 12시,수요일,경기도 부천시 원종동,경상사고,0,0,1,0,차대사람 - 기타,안전운전불이행,포장 - 건조,맑음,기타 - 기타,승용,남,58세,상해없음,보행자,남,35세,경상
7473,2018100300100253,2018년 10월 3일 13시,수요일,경기도 수원시 장안구 연무동,중상사고,0,1,0,0,차대사람 - 기타,안전운전불이행,포장 - 건조,맑음,기타 - 기타,승용,남,51세,상해없음,보행자,남,79세,중상
7474,2018100300100259,2018년 10월 3일 13시,수요일,경기도 광명시 하안동,경상사고,0,0,1,0,차대사람 - 횡단중,보행자보호의무위반,포장 - 건조,맑음,교차로 - 교차로안,화물,남,40세,상해없음,보행자,남,41세,경상
7475,2018100300100331,2018년 10월 3일 15시,수요일,경기도 용인시 수지구 풍덕천동,중상사고,0,1,0,0,차대사람 - 기타,안전운전불이행,포장 - 건조,맑음,단일로 - 기타,승용,남,46세,상해없음,보행자,남,52세,중상
7476,2018100300100361,2018년 10월 3일 16시,수요일,경기도 성남시 중원구 성남동,중상사고,0,1,0,0,차대사람 - 차도통행중,교차로운행방법위반,포장 - 건조,맑음,교차로 - 교차로안,승용,남,47세,상해없음,보행자,여,47세,중상
7477,2018100300100384,2018년 10월 3일 16시,수요일,경기도 의정부시 호원동,중상사고,0,1,0,0,차대사람 - 차도통행중,안전운전불이행,포장 - 건조,맑음,단일로 - 기타,화물,남,35세,상해없음,보행자,여,64세,중상
7478,2018100300100388,2018년 10월 3일 16시,수요일,경기도 파주시 목동동,중상사고,0,1,0,0,차대사람 - 횡단중,안전운전불이행,포장 - 건조,맑음,단일로 - 기타,승용,남,37세,상해없음,보행자,남,2세,중상
7479,2018100300100402,2018년 10월 3일 17시,수요일,경기도 광명시 옥길동,중상사고,0,1,0,0,차대사람 - 횡단중,신호위반,포장 - 건조,맑음,단일로 - 기타,승용,여,53세,상해없음,보행자,여,56세,중상
7480,2018100300100434,2018년 10월 3일 17시,수요일,경기도 의정부시 호원동,경상사고,0,0,1,0,차대사람 - 횡단중,보행자보호의무위반,포장 - 건조,맑음,교차로 - 교차로횡단보도내,승용,여,35세,상해없음,보행자,남,38세,경상
7481,2018100300100439,2018년 10월 3일 17시,수요일,경기도 고양시 일산서구 덕이동,중상사고,0,1,0,0,차대사람 - 횡단중,안전운전불이행,포장 - 건조,맑음,기타 - 기타,승용,여,36세,상해없음,보행자,여,45세,중상
7482,2018100300100447,2018년 10월 3일 18시,수요일,경기도 평택시 포승읍,중상사고,0,1,0,0,차대사람 - 횡단중,안전운전불이행,포장 - 건조,맑음,교차로 - 교차로횡단보도내,승용,남,48세,기타불명,보행자,남,48세,중상
7483,2018100300100449,2018년 10월 3일 18시,수요일,경기도 여주시 창동,중상사고,0,1,0,0,차대사람 - 기타,교차로운행방법위반,포장 - 건조,기타,교차로 - 교차로안,승용,남,35세,상해없음,보행자,여,83세,중상
7484,2018100300100489,2018년 10월 3일 19시,수요일,경기도 양평군 양평읍,경상사고,0,0,1,0,차대사람 - 횡단중,보행자보호의무위반,포장 - 건조,맑음,단일로 - 기타,이륜,남,17세,상해없음,보행자,남,11세,경상
7485,2018100300100519,2018년 10월 3일 20시,수요일,경기도 부천시 옥길동,경상사고,0,0,1,0,차대사람 - 횡단중,안전운전불이행,포장 - 건조,맑음,교차로 - 교차로안,승용,여,44세,상해없음,보행자,남,44세,경상
7486,2018100300100538,2018년 10월 3일 21시,수요일,경기도 성남시 분당구 금곡동,경상사고,0,0,1,0,차대사람 - 기타,안전운전불이행,포장 - 건조,맑음,단일로 - 기타,승합,남,57세,상해없음,보행자,여,59세,경상
7487,2018100300100539,2018년 10월 3일 21시,수요일,경기도 수원시 팔달구 매산로3가,사망사고,1,0,0,0,차대사람 - 차도통행중,안전운전불이행,포장 - 건조,흐림,단일로 - 기타,화물,남,46세,상해없음,보행자,여,78세,사망
7488,2018100300100550,2018년 10월 3일 22시,수요일,경기도 광주시 오포읍,경상사고,0,0,1,0,차대사람 - 기타,안전운전불이행,포장 - 건조,맑음,단일로 - 기타,승용,남,47세,상해없음,보행자,여,23세,경상
7489,2018100300100555,2018년 10월 3일 22시,수요일,경기도 하남시 배알미동,경상사고,0,0,1,0,차대사람 - 길가장자리구역통행중,안전운전불이행,포장 - 건조,맑음,단일로 - 교량,화물,남,59세,상해없음,보행자,남,66세,경상
7490,2018100300100567,2018년 10월 3일 23시,수요일,경기도 부천시 심곡동,경상사고,0,0,1,0,차대사람 - 기타,안전운전불이행,포장 - 건조,맑음,단일로 - 기타,승용,남,58세,상해없음,보행자,남,33세,경상
7491,2018100300100573,2018년 10월 3일 23시,수요일,경기도 고양시 일산동구 장항동,중상사고,0,1,0,0,차대사람 - 기타,기타,포장 - 건조,맑음,단일로 - 기타,승합,남,63세,상해없음,보행자,여,25세,중상
7492,2018100300100574,2018년 10월 3일 23시,수요일,경기도 고양시 일산서구 탄현동,중상사고,0,1,0,0,차대사람 - 기타,안전운전불이행,포장 - 건조,맑음,단일로 - 기타,승용,남,28세,상해없음,보행자,여,45세,중상
7493,2018100400100045,2018년 10월 4일 05시,목요일,경기도 평택시 동삭동,경상사고,0,0,1,0,차대사람 - 횡단중,신호위반,포장 - 건조,맑음,교차로 - 교차로안,승용,남,57세,상해없음,보행자,여,48세,경상
7494,2018100400100046,2018년 10월 4일 05시,목요일,경기도 용인시 기흥구 공세동,중상사고,0,1,0,0,차대사람 - 횡단중,안전운전불이행,포장 - 건조,맑음,교차로 - 교차로부근,승용,남,80세,상해없음,보행자,남,74세,중상
7495,2018100400100076,2018년 10월 4일 07시,목요일,경기도 안양시 동안구 호계동,중상사고,0,1,0,0,차대사람 - 횡단중,보행자보호의무위반,포장 - 건조,맑음,교차로 - 교차로횡단보도내,승합,남,57세,상해없음,보행자,여,15세,중상
7496,2018100400100080,2018년 10월 4일 07시,목요일,경기도 용인시 수지구 풍덕천동,중상사고,0,1,0,0,차대사람 - 기타,안전운전불이행,포장 - 건조,맑음,교차로 - 교차로안,승용,여,42세,상해없음,보행자,여,76세,중상