,사고번호,사고일시,요일,시군구,사고내용,사망자수,중상자수,경상자수,부상신고자수,사고유형,법규위반,노면상태,기상상태,도로형태,가해운전자 차종,가해운전자 성별,가해운전자 연령,가해운전자 상해정도,피해운전자 차종,피해운전자 성별,피해운전자 연령,피해운전자 상해정도
7497,2018100400100107,2018년 10월 4일 08시,목요일,경기도 성남시 분당구 구미동,중상사고,0,1,0,0,차대사람 - 횡단중,안전운전불이행,포장 - 건조,맑음,교차로 - 교차로안,승용,남,52세,상해없음,보행자,여,57세,중상
7498,2018100400100194,2018년 10월 4일 09시,목요일,경기도 남양주시 금곡동,경상사고,0,0,2,0,차대사람 - 기타,안전운전불이행,포장 - 건조,맑음,단일로 - 기타,이륜,남,37세,경상,보행자,여,48세,경상
7499,2018100400100235,2018년 10월 4일 10시,목요일,경기도 의정부시 의정부동,경상사고,0,0,1,0,차대사람 - 횡단중,보행자보호의무위반,포장 - 건조,맑음,교차로 - 교차로횡단보도내,화물,남,37세,상해없음,보행자,남,42세,경상
7500,2018100400100248,2018년 10월 4일 11시,목요일,경기도 용인시 처인구 모현읍,중상사고,0,1,0,0,차대사람 - 횡단중,보행자보호의무위반,포장 - 건조,맑음,교차로 - 교차로횡단보도내,건설기계,남,58세,상해없음,보행자,남,47세,중상
7501,2018100400100334,2018년 10월 4일 13시,목요일,경기도 남양주시 다산동,중상사고,0,1,0,0,차대사람 - 횡단중,안전운전불이행,포장 - 건조,맑음,교차로 - 교차로부근,승용,여,38세,상해없음,보행자,여,76세,중상
7502,2018100400100351,2018년 10월 4일 14시,목요일,경기도 부천시 소사동,경상사고,0,0,1,0,차대사람 - 기타,안전운전불이행,포장 - 건조,맑음,단일로 - 기타,승용,남,55세,상해없음,보행자,남,61세,경상
7503,2018100400100352,2018년 10월 4일 14시,목요일,경기도 안산시 단원구 초지동,중상사고,0,1,0,0,차대사람 - 기타,안전운전불이행,포장 - 건조,맑음,단일로 - 기타,승용,남,21세,상해없음,보행자,여,66세,중상
7504,2018100400100383,2018년 10월 4일 15시,목요일,경기도 평택시 신장동,중상사고,0,1,0,0,차대사람 - 기타,안전운전불이행,포장 - 건조,맑음,단일로 - 기타,화물,남,38세,상해없음,보행자,남,87세,중상
7505,2018100400100407,2018년 10월 4일 15시,목요일,경기도 의정부시 녹양동,중상사고,0,1,0,0,차대사람 - 기타,안전운전불이행,포장 - 건조,맑음,단일로 - 기타,자전거,남,64세,상해없음,보행자,남,43세,중상
7506,2018100400100422,2018년 10월 4일 16시,목요일,경기도 하남시 신장동,경상사고,0,0,1,0,차대사람 - 기타,안전운전불이행,포장 - 건조,맑음,단일로 - 기타,승합,남,70세,상해없음,보행자,여,73세,경상
7507,2018100400100454,2018년 10월 4일 17시,목요일,경기도 광명시 하안동,중상사고,0,1,0,0,차대사람 - 차도통행중,안전운전불이행,포장 - 건조,맑음,단일로 - 기타,승용,남,63세,상해없음,보행자,남,73세,중상
7508,2018100400100455,2018년 10월 4일 17시,목요일,경기도 안산시 단원구 와동,중상사고,0,1,0,0,차대사람 - 기타,안전운전불이행,포장 - 건조,맑음,단일로 - 기타,승용,여,31세,상해없음,보행자,여,63세,중상
7509,2018100400100457,2018년 10월 4일 17시,목요일,경기도 부천시 오정동,경상사고,0,0,1,0,차대사람 - 기타,안전운전불이행,포장 - 건조,맑음,교차로 - 교차로안,승용,남,61세,상해없음,보행자,여,86세,경상
7510,2018100400100506,2018년 10월 4일 18시,목요일,경기도 안산시 상록구 본오동,경상사고,0,0,1,0,차대사람 - 차도통행중,안전운전불이행,포장 - 건조,맑음,단일로 - 기타,승용,남,30세,상해없음,보행자,여,50세,경상
7511,2018100400100544,2018년 10월 4일 18시,목요일,경기도 남양주시 진접읍,중상사고,0,1,0,0,차대사람 - 기타,안전운전불이행,포장 - 건조,맑음,단일로 - 기타,화물,남,66세,상해없음,보행자,남,12세,중상
7512,2018100400100546,2018년 10월 4일 18시,목요일,경기도 남양주시 진접읍,경상사고,0,0,1,0,차대사람 - 보도통행중,기타,포장 - 건조,맑음,교차로 - 교차로부근,이륜,남,57세,상해없음,보행자,여,9세,경상
7513,2018100400100562,2018년 10월 4일 19시,목요일,경기도 화성시 기안동,중상사고,0,1,1,0,차대사람 - 횡단중,신호위반,포장 - 건조,맑음,교차로 - 교차로횡단보도내,승용,남,34세,상해없음,보행자,여,17세,경상
7514,2018100400100563,2018년 10월 4일 19시,목요일,경기도 성남시 분당구 운중동,중상사고,0,1,0,0,차대사람 - 횡단중,안전운전불이행,포장 - 건조,맑음,단일로 - 기타,승용,여,51세,상해없음,보행자,여,75세,중상
7515,2018100400100566,2018년 10월 4일 19시,목요일,경기도 의왕시 고천동,중상사고,0,1,0,0,차대사람 - 길가장자리구역통행중,안전운전불이행,포장 - 건조,맑음,단일로 - 기타,승용,남,62세,상해없음,보행자,여,27세,중상
7516,2018100400100592,2018년 10월 4일 19시,목요일,경기도 의정부시 민락동,중상사고,0,1,0,0,차대사람 - 횡단중,안전운전불이행,포장 - 건조,맑음,단일로 - 기타,이륜,남,16세,상해없음,보행자,여,70세,중상
7517,2018100400100610,2018년 10월 4일 20시,목요일,경기도 시흥시 대야동,경상사고,0,0,1,0,차대사람 - 기타,안전운전불이행,포장 - 건조,맑음,교차로 - 교차로안,승용,남,43세,상해없음,보행자,남,58세,경상
7518,2018100400100728,2018년 10월 4일 23시,목요일,경기도 남양주시 퇴계원면,경상사고,0,0,1,0,차대사람 - 기타,안전운전불이행,포장 - 건조,맑음,교차로 - 교차로부근,기타불명,기타불명,미분류,기타불명,보행자,남,53세,경상
7519,2018100500100042,2018년 10월 5일 03시,금요일,경기도 안양시 동안구 관양동,경상사고,0,0,1,0,차대사람 - 기타,안전운전불이행,포장 - 건조,맑음,교차로 - 교차로부근,승용,남,64세,상해없음,보행자,남,55세,경상
7520,2018100500100044,2018년 10월 5일 03시,금요일,경기도 성남시 중원구 성남동,부상신고사고,0,0,0,1,차대사람 - 기타,안전운전불이행,포장 - 건조,맑음,교차로 - 교차로안,기타불명,기타불명,미분류,기타불명,보행자,남,19세,부상신고
7521,2018100500100061,2018년 10월 5일 05시,금요일,경기도 용인시 처인구 포곡읍,중상사고,0,1,0,0,차대사람 - 횡단중,보행자보호의무위반,포장 - 건조,맑음,교차로 - 교차로안,화물,남,63세,상해없음,보행자,여,72세,중상
7522,2018100500100074,2018년 10월 5일 06시,금요일,경기도 여주시 홍문동,경상사고,0,0,1,0,차대사람 - 기타,안전운전불이행,포장 - 건조,맑음,교차로 - 교차로부근,승용,남,58세,상해없음,보행자,여,19세,경상
7523,2018100500100099,2018년 10월 5일 07시,금요일,경기도 광명시 하안동,경상사고,0,0,1,0,차대사람 - 기타,안전운전불이행,포장 - 젖음/습기,흐림,단일로 - 기타,승용,여,48세,상해없음,보행자,여,16세,경상
7524,2018100500100131,2018년 10월 5일 08시,금요일,경기도 용인시 수지구 상현동,경상사고,0,0,1,0,차대사람 - 보도통행중,보행자보호의무위반,포장 - 젖음/습기,비,교차로 - 교차로부근,승용,남,67세,상해없음,보행자,남,9세,경상
7525,2018100500100132,2018년 10월 5일 08시,금요일,경기도 용인시 수지구 죽전동,경상사고,0,0,1,0,차대사람 - 기타,보행자보호의무위반,포장 - 젖음/습기,비,교차로 - 교차로안,승용,여,43세,상해없음,보행자,남,15세,경상
7526,2018100500100175,2018년 10월 5일 09시,금요일,경기도 평택시 비전동,중상사고,0,1,0,0,차대사람 - 횡단중,안전운전불이행,포장 - 젖음/습기,비,단일로 - 기타,승용,여,53세,상해없음,보행자,여,75세,중상
7527,2018100500100180,2018년 10월 5일 09시,금요일,경기도 용인시 처인구 마평동,경상사고,0,0,1,0,차대사람 - 기타,안전운전불이행,포장 - 젖음/습기,비,단일로 - 기타,승용,여,52세,상해없음,보행자,여,65세,경상
7528,2018100500100181,2018년 10월 5일 09시,금요일,경기도 성남시 분당구 구미동,경상사고,0,0,1,0,차대사람 - 기타,보행자보호의무위반,포장 - 건조,맑음,기타 - 기타,승용,남,49세,상해없음,보행자,남,78세,경상
7529,2018100500100214,2018년 10월 5일 10시,금요일,경기도 군포시 당동,경상사고,0,0,1,0,차대사람 - 기타,안전운전불이행,포장 - 젖음/습기,비,단일로 - 기타,승용,남,52세,상해없음,보행자,여,62세,경상
7530,2018100500100245,2018년 10월 5일 11시,금요일,경기도 화성시 송산면,중상사고,0,1,0,0,차대사람 - 기타,안전운전불이행,포장 - 젖음/습기,비,단일로 - 기타,화물,남,48세,상해없음,보행자,여,86세,중상
7531,2018100500100276,2018년 10월 5일 12시,금요일,경기도 안양시 동안구 관양동,경상사고,0,0,1,0,차대사람 - 기타,기타,포장 - 젖음/습기,비,기타 - 기타,승합,남,56세,상해없음,보행자,남,49세,경상
7532,2018100500100277,2018년 10월 5일 12시,금요일,경기도 화성시 황계동,중상사고,0,1,0,0,차대사람 - 기타,중앙선침범,포장 - 젖음/습기,비,교차로 - 교차로안,승용,남,28세,상해없음,보행자,남,34세,중상
7533,2018100500100316,2018년 10월 5일 13시,금요일,경기도 시흥시 물왕동,경상사고,0,0,1,0,차대사람 - 기타,안전운전불이행,포장 - 젖음/습기,비,단일로 - 기타,승용,남,46세,상해없음,보행자,남,64세,경상
7534,2018100500100319,2018년 10월 5일 13시,금요일,경기도 하남시 신장동,경상사고,0,0,1,0,차대사람 - 기타,보행자보호의무위반,포장 - 젖음/습기,비,단일로 - 기타,기타불명,남,46세,상해없음,보행자,여,57세,경상
7535,2018100500100340,2018년 10월 5일 13시,금요일,경기도 남양주시 진접읍,중상사고,0,1,0,0,차대사람 - 횡단중,보행자보호의무위반,포장 - 젖음/습기,비,교차로 - 교차로횡단보도내,승용,여,72세,상해없음,보행자,여,74세,중상
7536,2018100500100393,2018년 10월 5일 14시,금요일,경기도 포천시 소흘읍,경상사고,0,0,1,0,차대사람 - 기타,안전운전불이행,포장 - 젖음/습기,비,교차로 - 교차로부근,승용,여,23세,상해없음,보행자,남,69세,경상
7537,2018100500100405,2018년 10월 5일 15시,금요일,경기도 수원시 팔달구 우만동,사망사고,1,0,0,0,차대사람 - 횡단중,안전운전불이행,포장 - 젖음/습기,비,단일로 - 기타,승용,남,37세,상해없음,보행자,남,61세,사망
7538,2018100500100410,2018년 10월 5일 15시,금요일,경기도 오산시 수청동,중상사고,0,1,0,0,차대사람 - 횡단중,안전운전불이행,포장 - 젖음/습기,비,교차로 - 교차로횡단보도내,승용,여,37세,상해없음,보행자,여,13세,중상
7539,2018100500100413,2018년 10월 5일 15시,금요일,경기도 부천시 상동,경상사고,0,0,1,0,차대사람 - 기타,안전운전불이행,포장 - 젖음/습기,비,교차로 - 교차로횡단보도내,승용,여,51세,상해없음,보행자,여,81세,경상
7540,2018100500100446,2018년 10월 5일 16시,금요일,경기도 부천시 중동,중상사고,0,1,0,0,차대사람 - 횡단중,보행자보호의무위반,포장 - 젖음/습기,비,교차로 - 교차로안,화물,남,33세,상해없음,보행자,남,87세,중상
7541,2018100500100492,2018년 10월 5일 17시,금요일,경기도 광주시 역동,중상사고,0,1,0,0,차대사람 - 횡단중,보행자보호의무위반,포장 - 젖음/습기,비,교차로 - 교차로안,화물,남,55세,상해없음,보행자,여,39세,중상
7542,2018100500100498,2018년 10월 5일 17시,금요일,경기도 부천시 삼정동,경상사고,0,0,1,0,차대사람 - 횡단중,안전운전불이행,포장 - 젖음/습기,비,교차로 - 교차로횡단보도내,화물,남,50세,상해없음,보행자,여,25세,경상
7543,2018100500100562,2018년 10월 5일 18시,금요일,경기도 오산시 갈곶동,중상사고,0,1,0,0,차대사람 - 기타,안전운전불이행,포장 - 젖음/습기,비,단일로 - 기타,승합,남,55세,상해없음,보행자,남,75세,중상
7544,2018100500100564,2018년 10월 5일 18시,금요일,경기도 수원시 영통구 매탄동,경상사고,0,0,1,0,차대사람 - 횡단중,보행자보호의무위반,포장 - 젖음/습기,비,단일로 - 기타,이륜,남,34세,상해없음,보행자,여,13세,경상
7545,2018100500100565,2018년 10월 5일 18시,금요일,경기도 군포시 금정동,경상사고,0,0,1,0,차대사람 - 횡단중,신호위반,포장 - 젖음/습기,비,교차로 - 교차로부근,승용,남,51세,상해없음,보행자,여,23세,경상
7546,2018100500100566,2018년 10월 5일 18시,금요일,경기도 성남시 분당구 구미동,중상사고,0,1,0,0,차대사람 - 횡단중,안전운전불이행,포장 - 젖음/습기,비,교차로 - 교차로부근,승용,남,29세,상해없음,보행자,여,72세,중상
7547,2018100500100570,2018년 10월 5일 18시,금요일,경기도 수원시 팔달구 매산로1가,경상사고,0,0,1,0,차대사람 - 기타,기타,포장 - 건조,맑음,단일로 - 기타,승용,남,59세,상해없음,보행자,남,16세,경상
7548,2018100500100618,2018년 10월 5일 18시,금요일,경기도 남양주시 진접읍,중상사고,0,1,0,0,차대사람 - 횡단중,안전운전불이행,포장 - 젖음/습기,비,주차장 - 주차장,화물,남,66세,상해없음,보행자,여,63세,중상
7549,2018100500100621,2018년 10월 5일 18시,금요일,경기도 양주시 덕계동,중상사고,0,1,0,0,차대사람 - 기타,안전운전불이행,포장 - 젖음/습기,비,단일로 - 기타,승용,남,47세,상해없음,보행자,여,45세,중상
7550,2018100500100641,2018년 10월 5일 19시,금요일,경기도 수원시 장안구 파장동,경상사고,0,0,1,0,차대사람 - 기타,안전운전불이행,포장 - 젖음/습기,비,단일로 - 기타,승용,남,62세,상해없음,보행자,여,25세,경상
7551,2018100500100643,2018년 10월 5일 19시,금요일,경기도 평택시 비전동,중상사고,0,1,0,0,차대사람 - 기타,안전운전불이행,포장 - 젖음/습기,비,기타 - 기타,승용,남,41세,상해없음,보행자,여,47세,중상
7552,2018100500100648,2018년 10월 5일 19시,금요일,경기도 성남시 분당구 정자동,중상사고,0,1,0,0,차대사람 - 기타,신호위반,포장 - 건조,맑음,교차로 - 교차로횡단보도내,이륜,남,17세,상해없음,보행자,여,72세,중상
7553,2018100500100651,2018년 10월 5일 19시,금요일,경기도 하남시 신장동,경상사고,0,0,1,0,차대사람 - 기타,안전운전불이행,포장 - 젖음/습기,비,단일로 - 기타,이륜,남,54세,상해없음,보행자,남,42세,경상
7554,2018100500100652,2018년 10월 5일 19시,금요일,경기도 하남시 신장동,중상사고,0,1,1,0,차대사람 - 기타,안전운전불이행,포장 - 젖음/습기,비,교차로 - 교차로안,승용,남,37세,상해없음,보행자,여,66세,경상
7555,2018100500100693,2018년 10월 5일 19시,금요일,경기도 고양시 일산동구 백석동,중상사고,0,1,0,0,차대사람 - 횡단중,신호위반,포장 - 젖음/습기,비,단일로 - 기타,승용,남,44세,상해없음,보행자,남,32세,중상
7556,2018100500100695,2018년 10월 5일 19시,금요일,경기도 남양주시 호평동,중상사고,0,1,0,0,차대사람 - 기타,신호위반,포장 - 젖음/습기,비,교차로 - 교차로횡단보도내,승용,여,27세,상해없음,보행자,여,42세,중상
7557,2018100500100715,2018년 10월 5일 20시,금요일,경기도 이천시 부발읍,경상사고,0,0,1,0,차대사람 - 횡단중,안전운전불이행,포장 - 젖음/습기,비,교차로 - 교차로부근,승용,남,62세,상해없음,보행자,남,41세,경상
7558,2018100500100716,2018년 10월 5일 20시,금요일,경기도 여주시 점동면,경상사고,0,0,1,0,차대사람 - 보도통행중,안전운전불이행,포장 - 젖음/습기,비,단일로 - 기타,승용,남,64세,상해없음,보행자,남,53세,경상
7559,2018100500100717,2018년 10월 5일 20시,금요일,경기도 김포시 마산동,중상사고,0,1,0,0,차대사람 - 기타,신호위반,포장 - 건조,맑음,교차로 - 교차로횡단보도내,승용,남,48세,상해없음,보행자,여,71세,중상
7560,2018100500100720,2018년 10월 5일 20시,금요일,경기도 수원시 영통구 영통동,경상사고,0,0,1,0,차대사람 - 기타,안전운전불이행,포장 - 젖음/습기,비,단일로 - 기타,승용,남,52세,상해없음,보행자,여,31세,경상
7561,2018100500100755,2018년 10월 5일 21시,금요일,경기도 수원시 장안구 조원동,중상사고,0,1,0,0,차대사람 - 횡단중,안전운전불이행,포장 - 건조,맑음,교차로 - 교차로부근,승합,남,52세,상해없음,보행자,여,52세,중상
7562,2018100500100757,2018년 10월 5일 21시,금요일,경기도 안양시 동안구 관양동,경상사고,0,0,1,0,차대사람 - 기타,안전운전불이행,포장 - 젖음/습기,비,기타 - 기타,승용,남,32세,상해없음,보행자,남,43세,경상
7563,2018100500100788,2018년 10월 5일 21시,금요일,경기도 고양시 덕양구 행신동,중상사고,0,1,0,0,차대사람 - 횡단중,안전운전불이행,포장 - 젖음/습기,비,단일로 - 기타,승용,남,57세,상해없음,보행자,남,56세,중상
7564,2018100500100803,2018년 10월 5일 22시,금요일,경기도 성남시 수정구 태평동,경상사고,0,0,1,0,차대사람 - 횡단중,신호위반,포장 - 젖음/습기,비,교차로 - 교차로부근,원동기,남,19세,상해없음,보행자,여,69세,경상
7565,2018100500100805,2018년 10월 5일 22시,금요일,경기도 용인시 기흥구 상하동,경상사고,0,0,1,1,차대사람 - 횡단중,보행자보호의무위반,포장 - 젖음/습기,비,교차로 - 교차로횡단보도내,이륜,남,17세,부상신고,보행자,여,27세,경상
7566,2018100500100806,2018년 10월 5일 22시,금요일,경기도 김포시 통진읍,중상사고,0,1,0,0,차대사람 - 기타,안전운전불이행,포장 - 젖음/습기,비,교차로 - 교차로횡단보도내,승용,남,73세,상해없음,보행자,남,28세,중상
7567,2018100500100808,2018년 10월 5일 22시,금요일,경기도 부천시 상동,중상사고,0,1,0,0,차대사람 - 횡단중,안전운전불이행,포장 - 건조,맑음,단일로 - 기타,이륜,남,36세,상해없음,보행자,남,39세,중상
7568,2018100500100809,2018년 10월 5일 22시,금요일,경기도 수원시 영통구 영통동,경상사고,0,0,1,0,차대사람 - 횡단중,보행자보호의무위반,포장 - 젖음/습기,비,교차로 - 교차로횡단보도내,승용,여,46세,상해없음,보행자,여,25세,경상
7569,2018100500100846,2018년 10월 5일 23시,금요일,경기도 수원시 팔달구 화서동,중상사고,0,1,0,0,차대사람 - 횡단중,안전운전불이행,포장 - 젖음/습기,비,교차로 - 교차로부근,승용,남,52세,상해없음,보행자,남,39세,중상
7570,2018100500100850,2018년 10월 5일 23시,금요일,경기도 수원시 영통구 망포동,경상사고,0,0,1,0,차대사람 - 횡단중,보행자보호의무위반,포장 - 젖음/습기,비,교차로 - 교차로횡단보도내,승용,남,41세,기타불명,보행자,남,49세,경상
7571,2018100600100030,2018년 10월 6일 00시,토요일,경기도 고양시 일산동구 풍동,경상사고,0,0,2,0,차대사람 - 횡단중,신호위반,포장 - 젖음/습기,비,교차로 - 교차로안,이륜,남,24세,경상,보행자,남,48세,경상
7572,2018100600100031,2018년 10월 6일 00시,토요일,경기도 고양시 일산동구 마두동,경상사고,0,0,1,0,차대사람 - 보도통행중,안전운전불이행,포장 - 젖음/습기,비,교차로 - 교차로횡단보도내,기타불명,기타불명,미분류,기타불명,보행자,여,53세,경상
7573,2018100600100047,2018년 10월 6일 01시,토요일,경기도 부천시 중동,경상사고,0,0,1,0,차대사람 - 횡단중,보행자보호의무위반,포장 - 젖음/습기,비,교차로 - 교차로안,승용,남,34세,상해없음,보행자,남,53세,경상
7574,2018100600100068,2018년 10월 6일 01시,토요일,경기도 포천시 소흘읍,경상사고,0,0,1,0,차대사람 - 횡단중,보행자보호의무위반,포장 - 건조,맑음,교차로 - 교차로횡단보도내,승용,남,36세,기타불명,보행자,남,49세,경상
7575,2018100600100144,2018년 10월 6일 04시,토요일,경기도 용인시 처인구 이동읍,중상사고,0,1,0,0,차대사람 - 횡단중,안전운전불이행,포장 - 젖음/습기,비,단일로 - 기타,승용,남,24세,상해없음,보행자,남,28세,중상
7576,2018100600100178,2018년 10월 6일 06시,토요일,경기도 수원시 팔달구 중동,부상신고사고,0,0,0,1,차대사람 - 기타,신호위반,포장 - 젖음/습기,비,교차로 - 교차로횡단보도내,승용,남,65세,상해없음,보행자,남,65세,부상신고
7577,2018100600100215,2018년 10월 6일 08시,토요일,경기도 고양시 일산동구 백석동,중상사고,0,1,0,0,차대사람 - 차도통행중,기타,포장 - 젖음/습기,비,단일로 - 기타,승용,남,53세,상해없음,보행자,남,60세,중상
7578,2018100600100227,2018년 10월 6일 09시,토요일,경기도 안산시 단원구 와동,중상사고,0,1,0,0,차대사람 - 기타,안전운전불이행,포장 - 건조,맑음,단일로 - 기타,승용,여,53세,상해없음,보행자,여,27세,중상
7579,2018100600100243,2018년 10월 6일 09시,토요일,경기도 의정부시 의정부동,중상사고,0,1,0,0,차대사람 - 횡단중,보행자보호의무위반,포장 - 건조,맑음,교차로 - 교차로횡단보도내,승용,남,52세,상해없음,보행자,여,70세,중상
7580,2018100600100253,2018년 10월 6일 10시,토요일,경기도 수원시 장안구 정자동,중상사고,0,1,0,0,차대사람 - 기타,중앙선침범,포장 - 건조,맑음,단일로 - 기타,승용,여,52세,상해없음,보행자,여,80세,중상
7581,2018100600100354,2018년 10월 6일 13시,토요일,경기도 성남시 수정구 수진동,부상신고사고,0,0,0,1,차대사람 - 기타,안전운전불이행,포장 - 건조,맑음,단일로 - 기타,승용,남,72세,상해없음,보행자,남,22세,부상신고
7582,2018100600100409,2018년 10월 6일 15시,토요일,경기도 성남시 수정구 수진동,중상사고,0,1,0,0,차대사람 - 기타,안전운전불이행,포장 - 건조,맑음,단일로 - 기타,승용,여,54세,상해없음,보행자,여,9세,중상
7583,2018100600100410,2018년 10월 6일 15시,토요일,경기도 이천시 창전동,경상사고,0,0,1,0,차대사람 - 기타,안전운전불이행,포장 - 건조,맑음,단일로 - 기타,승용,남,51세,상해없음,보행자,남,27세,경상
7584,2018100600100411,2018년 10월 6일 15시,토요일,경기도 용인시 처인구 김량장동,부상신고사고,0,0,0,1,차대사람 - 횡단중,안전운전불이행,포장 - 건조,맑음,단일로 - 기타,승용,남,70세,상해없음,보행자,여,84세,부상신고
7585,2018100600100434,2018년 10월 6일 15시,토요일,경기도 동두천시 지행동,중상사고,0,1,0,0,차대사람 - 횡단중,보행자보호의무위반,포장 - 건조,맑음,교차로 - 교차로횡단보도내,승용,여,41세,상해없음,보행자,여,59세,중상
7586,2018100600100443,2018년 10월 6일 16시,토요일,경기도 안성시 대덕면,사망사고,1,0,0,0,차대사람 - 보도통행중,기타,포장 - 건조,맑음,단일로 - 기타,화물,남,39세,상해없음,보행자,남,5세,사망
7587,2018100600100467,2018년 10월 6일 17시,토요일,경기도 수원시 팔달구 우만동,경상사고,0,0,1,0,차대사람 - 기타,안전운전불이행,포장 - 건조,맑음,단일로 - 기타,승용,남,52세,상해없음,보행자,남,37세,경상
7588,2018100600100468,2018년 10월 6일 17시,토요일,경기도 수원시 장안구 이목동,경상사고,0,0,2,0,차대사람 - 기타,신호위반,포장 - 건조,맑음,교차로 - 교차로안,승용,여,51세,상해없음,보행자,여,59세,경상
7589,2018100600100471,2018년 10월 6일 17시,토요일,경기도 용인시 기흥구 서천동,중상사고,0,1,0,0,차대사람 - 횡단중,안전운전불이행,포장 - 건조,맑음,단일로 - 기타,승용,남,23세,상해없음,보행자,여,77세,중상
7590,2018100600100501,2018년 10월 6일 18시,토요일,경기도 수원시 장안구 파장동,중상사고,0,1,0,0,차대사람 - 기타,안전운전불이행,포장 - 건조,맑음,단일로 - 기타,승용,남,37세,상해없음,보행자,여,83세,중상
7591,2018100600100503,2018년 10월 6일 18시,토요일,경기도 평택시 진위면,중상사고,0,1,0,0,차대사람 - 횡단중,보행자보호의무위반,포장 - 건조,맑음,교차로 - 교차로횡단보도내,승용,남,68세,상해없음,보행자,여,55세,중상
7592,2018100600100508,2018년 10월 6일 18시,토요일,경기도 부천시 약대동,부상신고사고,0,0,0,1,차대사람 - 횡단중,직진우회전진행방해,포장 - 건조,맑음,교차로 - 교차로안,승용,여,35세,상해없음,보행자,남,53세,부상신고
7593,2018100600100571,2018년 10월 6일 20시,토요일,경기도 수원시 장안구 영화동,경상사고,0,0,1,0,차대사람 - 차도통행중,안전운전불이행,포장 - 건조,맑음,교차로 - 교차로안,승용,남,24세,상해없음,보행자,남,51세,경상
7594,2018100600100605,2018년 10월 6일 21시,토요일,경기도 이천시 부발읍,경상사고,0,0,1,0,차대사람 - 차도통행중,안전운전불이행,포장 - 건조,맑음,교차로 - 교차로부근,승용,남,76세,상해없음,보행자,여,9세,경상
7595,2018100600100607,2018년 10월 6일 21시,토요일,경기도 화성시 마도면,중상사고,0,1,0,0,차대사람 - 차도통행중,안전운전불이행,포장 - 젖음/습기,흐림,단일로 - 기타,승용,여,60세,상해없음,보행자,남,36세,중상
7596,2018100600100620,2018년 10월 6일 21시,토요일,경기도 파주시 금촌동,경상사고,0,0,1,0,차대사람 - 기타,안전운전불이행,포장 - 건조,맑음,단일로 - 기타,승합,남,53세,상해없음,보행자,남,66세,경상
7597,2018100600100641,2018년 10월 6일 22시,토요일,경기도 고양시 일산동구 장항동,중상사고,0,1,0,0,차대사람 - 횡단중,안전운전불이행,포장 - 건조,맑음,단일로 - 기타,승용,남,23세,상해없음,보행자,여,36세,중상
7598,2018100600100650,2018년 10월 6일 23시,토요일,경기도 평택시 평택동,경상사고,0,0,1,0,차대사람 - 기타,안전운전불이행,포장 - 건조,맑음,단일로 - 기타,이륜,남,18세,상해없음,보행자,여,3세,경상
7599,2018100600100651,2018년 10월 6일 23시,토요일,경기도 안성시 동본동,경상사고,0,0,1,0,차대사람 - 기타,안전운전불이행,포장 - 건조,맑음,단일로 - 기타,승용,남,22세,상해없음,보행자,남,39세,경상
7600,2018100700100013,2018년 10월 7일 00시,일요일,경기도 시흥시 거모동,경상사고,0,0,1,0,차대사람 - 기타,안전운전불이행,포장 - 건조,맑음,단일로 - 기타,승용,남,28세,상해없음,보행자,남,56세,경상
7601,2018100700100015,2018년 10월 7일 00시,일요일,경기도 하남시 망월동,경상사고,0,0,1,0,차대사람 - 횡단중,안전운전불이행,포장 - 건조,맑음,교차로 - 교차로부근,승용,남,24세,상해없음,보행자,남,27세,경상
7602,2018100700100056,2018년 10월 7일 03시,일요일,경기도 수원시 팔달구 인계동,경상사고,0,0,2,0,차대사람 - 길가장자리구역통행중,안전운전불이행,포장 - 건조,맑음,단일로 - 기타,승용,남,32세,상해없음,보행자,남,25세,경상
7603,2018100700100084,2018년 10월 7일 05시,일요일,경기도 파주시 금촌동,중상사고,0,1,0,0,차대사람 - 기타,보행자보호의무위반,포장 - 기타,맑음,교차로 - 교차로횡단보도내,승용,여,50세,상해없음,보행자,남,65세,중상
7604,2018100700100122,2018년 10월 7일 08시,일요일,경기도 안산시 상록구 부곡동,경상사고,0,0,1,0,차대사람 - 횡단중,안전운전불이행,포장 - 건조,맑음,단일로 - 기타,승용,남,60세,상해없음,보행자,여,57세,경상
7605,2018100700100132,2018년 10월 7일 08시,일요일,경기도 고양시 덕양구 삼송동,사망사고,1,0,0,0,차대사람 - 기타,안전운전불이행,포장 - 기타,맑음,단일로 - 기타,승용,여,53세,상해없음,보행자,여,77세,사망
7606,2018100700100133,2018년 10월 7일 08시,일요일,경기도 남양주시 진접읍,중상사고,0,1,0,0,차대사람 - 기타,안전운전불이행,포장 - 건조,맑음,교차로 - 교차로부근,승용,여,45세,상해없음,보행자,여,64세,중상
7607,2018100700100142,2018년 10월 7일 09시,일요일,경기도 수원시 팔달구 지동,중상사고,0,1,0,0,차대사람 - 기타,안전운전불이행,포장 - 건조,맑음,교차로 - 교차로안,승용,여,60세,상해없음,보행자,여,75세,중상
7608,2018100700100145,2018년 10월 7일 09시,일요일,경기도 군포시 산본동,중상사고,0,1,1,0,차대사람 - 횡단중,안전운전불이행,포장 - 건조,맑음,교차로 - 교차로안,승용,남,55세,상해없음,보행자,여,90세 이상,중상
7609,2018100700100187,2018년 10월 7일 10시,일요일,경기도 고양시 일산동구 백석동,중상사고,0,1,0,0,차대사람 - 횡단중,보행자보호의무위반,포장 - 건조,맑음,교차로 - 교차로안,화물,남,30세,상해없음,보행자,남,74세,중상