,사고번호,사고일시,요일,시군구,사고내용,사망자수,중상자수,경상자수,부상신고자수,사고유형,법규위반,노면상태,기상상태,도로형태,가해운전자 차종,가해운전자 성별,가해운전자 연령,가해운전자 상해정도,피해운전자 차종,피해운전자 성별,피해운전자 연령,피해운전자 상해정도
7610,2018100700100242,2018년 10월 7일 13시,일요일,경기도 수원시 장안구 연무동,경상사고,0,0,1,0,차대사람 - 기타,안전운전불이행,포장 - 건조,맑음,교차로 - 교차로안,승용,남,44세,상해없음,보행자,여,62세,경상
7611,2018100700100243,2018년 10월 7일 13시,일요일,경기도 안산시 단원구 고잔동,경상사고,0,0,2,0,차대사람 - 기타,안전운전불이행,포장 - 건조,맑음,기타 - 기타,자전거,남,11세,경상,보행자,여,37세,경상
7612,2018100700100245,2018년 10월 7일 13시,일요일,경기도 의왕시 오전동,경상사고,0,0,1,0,차대사람 - 기타,안전운전불이행,포장 - 건조,맑음,교차로 - 교차로부근,승용,남,66세,상해없음,보행자,남,45세,경상
7613,2018100700100268,2018년 10월 7일 14시,일요일,경기도 부천시 송내동,중상사고,0,1,0,0,차대사람 - 횡단중,안전운전불이행,포장 - 건조,맑음,단일로 - 기타,승용,여,47세,상해없음,보행자,남,5세,중상
7614,2018100700100269,2018년 10월 7일 14시,일요일,경기도 수원시 권선구 구운동,경상사고,0,0,1,0,차대사람 - 기타,안전운전불이행,포장 - 건조,맑음,단일로 - 기타,승용,남,27세,상해없음,보행자,여,9세,경상
7615,2018100700100334,2018년 10월 7일 15시,일요일,경기도 파주시 조리읍,부상신고사고,0,0,0,1,차대사람 - 횡단중,안전운전불이행,포장 - 건조,맑음,단일로 - 기타,승용,남,29세,상해없음,보행자,남,54세,부상신고
7616,2018100700100343,2018년 10월 7일 16시,일요일,경기도 오산시 수청동,경상사고,0,0,1,0,차대사람 - 기타,안전운전불이행,포장 - 건조,맑음,단일로 - 기타,승용,여,26세,상해없음,보행자,남,15세,경상
7617,2018100700100417,2018년 10월 7일 18시,일요일,경기도 수원시 장안구 정자동,중상사고,0,1,0,0,차대사람 - 기타,안전운전불이행,포장 - 건조,맑음,교차로 - 교차로안,승용,남,57세,상해없음,보행자,남,49세,중상
7618,2018100700100423,2018년 10월 7일 18시,일요일,경기도 화성시 청계동,중상사고,0,1,0,0,차대사람 - 횡단중,안전운전불이행,포장 - 건조,맑음,기타 - 기타,승용,남,36세,상해없음,보행자,여,49세,중상
7619,2018100700100424,2018년 10월 7일 18시,일요일,경기도 시흥시 월곶동,경상사고,0,0,1,0,차대사람 - 기타,교차로운행방법위반,포장 - 건조,맑음,교차로 - 교차로안,승용,남,41세,상해없음,보행자,남,62세,경상
7620,2018100700100427,2018년 10월 7일 18시,일요일,경기도 하남시 감북동,중상사고,0,1,0,0,차대사람 - 차도통행중,안전운전불이행,포장 - 건조,맑음,단일로 - 기타,화물,남,59세,상해없음,보행자,남,50세,중상
7621,2018100700100428,2018년 10월 7일 18시,일요일,경기도 부천시 오정동,경상사고,0,0,1,0,차대사람 - 차도통행중,안전운전불이행,포장 - 건조,맑음,단일로 - 기타,이륜,남,20세,상해없음,보행자,여,53세,경상
7622,2018100700100446,2018년 10월 7일 18시,일요일,경기도 양주시 덕계동,경상사고,0,0,1,0,차대사람 - 보도통행중,기타,포장 - 건조,맑음,단일로 - 기타,화물,남,58세,상해없음,보행자,남,56세,경상
7623,2018100700100448,2018년 10월 7일 18시,일요일,경기도 동두천시 생연동,경상사고,0,0,1,0,차대사람 - 횡단중,안전운전불이행,포장 - 건조,맑음,단일로 - 기타,이륜,남,57세,상해없음,보행자,남,75세,경상
7624,2018100700100544,2018년 10월 7일 21시,일요일,경기도 남양주시 금곡동,중상사고,0,1,0,0,차대사람 - 횡단중,안전운전불이행,포장 - 건조,맑음,단일로 - 기타,승용,남,25세,상해없음,보행자,남,79세,중상
7625,2018100700100552,2018년 10월 7일 22시,일요일,경기도 광명시 하안동,중상사고,0,1,0,0,차대사람 - 횡단중,안전운전불이행,포장 - 건조,맑음,교차로 - 교차로안,승용,남,67세,상해없음,보행자,남,73세,중상
7626,2018100700100572,2018년 10월 7일 23시,일요일,경기도 군포시 금정동,중상사고,0,1,0,0,차대사람 - 횡단중,보행자보호의무위반,포장 - 건조,맑음,교차로 - 교차로부근,승용,남,29세,상해없음,보행자,남,25세,중상
7627,2018100800100011,2018년 10월 8일 01시,월요일,경기도 수원시 권선구 호매실동,경상사고,0,0,1,0,차대사람 - 기타,안전운전불이행,포장 - 건조,맑음,단일로 - 기타,승용,남,35세,상해없음,보행자,남,32세,경상
7628,2018100800100036,2018년 10월 8일 05시,월요일,경기도 수원시 장안구 영화동,경상사고,0,0,1,0,차대사람 - 횡단중,안전운전불이행,포장 - 건조,맑음,교차로 - 교차로횡단보도내,승용,남,78세,상해없음,보행자,남,28세,경상
7629,2018100800100037,2018년 10월 8일 05시,월요일,경기도 수원시 권선구 권선동,경상사고,0,0,1,0,차대사람 - 기타,중앙선침범,포장 - 건조,맑음,단일로 - 기타,화물,남,68세,상해없음,보행자,남,52세,경상
7630,2018100800100120,2018년 10월 8일 09시,월요일,경기도 성남시 수정구 태평동,중상사고,0,1,0,0,차대사람 - 횡단중,신호위반,포장 - 건조,맑음,단일로 - 기타,승용,남,73세,기타불명,보행자,여,26세,중상
7631,2018100800100124,2018년 10월 8일 09시,월요일,경기도 용인시 처인구 고림동,경상사고,0,0,1,0,차대사람 - 횡단중,보행자보호의무위반,포장 - 건조,맑음,교차로 - 교차로횡단보도내,승용,여,38세,상해없음,보행자,여,59세,경상
7632,2018100800100125,2018년 10월 8일 09시,월요일,경기도 양평군 양평읍,중상사고,0,1,0,0,차대사람 - 횡단중,안전운전불이행,포장 - 건조,맑음,단일로 - 기타,승용,남,63세,상해없음,보행자,여,37세,중상
7633,2018100800100126,2018년 10월 8일 09시,월요일,경기도 부천시 역곡동,경상사고,0,0,1,0,차대사람 - 기타,교차로운행방법위반,포장 - 건조,맑음,교차로 - 교차로안,승용,남,48세,상해없음,보행자,남,73세,경상
7634,2018100800100127,2018년 10월 8일 09시,월요일,경기도 수원시 권선구 권선동,경상사고,0,0,1,0,차대사람 - 기타,안전운전불이행,포장 - 건조,맑음,단일로 - 기타,자전거,남,27세,상해없음,보행자,여,69세,경상
7635,2018100800100171,2018년 10월 8일 10시,월요일,경기도 광명시 하안동,경상사고,0,0,1,0,차대사람 - 횡단중,안전운전불이행,포장 - 건조,맑음,교차로 - 교차로부근,승용,남,47세,상해없음,보행자,여,55세,경상
7636,2018100800100172,2018년 10월 8일 10시,월요일,경기도 성남시 분당구 야탑동,경상사고,0,0,1,0,차대사람 - 기타,안전운전불이행,포장 - 건조,맑음,교차로 - 교차로횡단보도내,승용,남,52세,상해없음,보행자,여,65세,경상
7637,2018100800100199,2018년 10월 8일 10시,월요일,경기도 남양주시 오남읍,부상신고사고,0,0,0,1,차대사람 - 기타,안전운전불이행,포장 - 건조,맑음,단일로 - 기타,승용,여,57세,상해없음,보행자,남,68세,부상신고
7638,2018100800100215,2018년 10월 8일 11시,월요일,경기도 평택시 통복동,경상사고,0,0,1,1,차대사람 - 기타,안전운전불이행,포장 - 건조,맑음,단일로 - 기타,이륜,남,65세,부상신고,보행자,여,67세,경상
7639,2018100800100246,2018년 10월 8일 12시,월요일,경기도 이천시 창전동,경상사고,0,0,1,0,차대사람 - 기타,안전운전불이행,포장 - 건조,맑음,교차로 - 교차로부근,승용,남,31세,상해없음,보행자,남,44세,경상
7640,2018100800100248,2018년 10월 8일 12시,월요일,경기도 수원시 권선구 세류동,경상사고,0,0,1,0,차대사람 - 기타,중앙선침범,포장 - 건조,맑음,단일로 - 기타,이륜,남,43세,상해없음,보행자,여,52세,경상
7641,2018100800100271,2018년 10월 8일 12시,월요일,경기도 고양시 일산서구 일산동,중상사고,0,1,0,0,차대사람 - 기타,안전운전불이행,포장 - 건조,맑음,단일로 - 기타,승용,남,65세,상해없음,보행자,여,37세,중상
7642,2018100800100282,2018년 10월 8일 13시,월요일,경기도 광주시 목현동,중상사고,0,1,0,0,차대사람 - 횡단중,보행자보호의무위반,포장 - 건조,맑음,교차로 - 교차로부근,화물,남,75세,상해없음,보행자,남,71세,중상
7643,2018100800100304,2018년 10월 8일 13시,월요일,경기도 남양주시 화도읍,경상사고,0,0,1,0,차대사람 - 차도통행중,안전운전불이행,포장 - 건조,맑음,단일로 - 기타,승용,남,39세,상해없음,보행자,남,69세,경상
7644,2018100800100319,2018년 10월 8일 14시,월요일,경기도 시흥시 대야동,중상사고,0,2,0,0,차대사람 - 기타,보행자보호의무위반,포장 - 건조,맑음,교차로 - 교차로횡단보도내,화물,남,35세,상해없음,보행자,여,17세,중상
7645,2018100800100323,2018년 10월 8일 14시,월요일,경기도 부천시 내동,경상사고,0,0,1,0,차대사람 - 기타,안전운전불이행,포장 - 건조,맑음,단일로 - 기타,화물,남,59세,상해없음,보행자,여,90세 이상,경상
7646,2018100800100343,2018년 10월 8일 14시,월요일,경기도 양주시 백석읍,중상사고,0,1,0,0,차대사람 - 기타,안전운전불이행,포장 - 건조,맑음,교차로 - 교차로부근,승용,남,47세,상해없음,보행자,여,8세,중상
7647,2018100800100353,2018년 10월 8일 15시,월요일,경기도 안양시 동안구 호계동,부상신고사고,0,0,0,1,차대사람 - 횡단중,보행자보호의무위반,포장 - 건조,맑음,기타 - 기타,승용,여,45세,상해없음,보행자,남,8세,부상신고
7648,2018100800100355,2018년 10월 8일 15시,월요일,경기도 수원시 영통구 영통동,중상사고,0,1,0,0,차대사람 - 기타,안전운전불이행,포장 - 건조,맑음,단일로 - 기타,승합,남,53세,상해없음,보행자,여,75세,중상
7649,2018100800100357,2018년 10월 8일 15시,월요일,경기도 하남시 신장동,부상신고사고,0,0,0,1,차대사람 - 기타,안전운전불이행,포장 - 건조,맑음,단일로 - 기타,화물,여,55세,상해없음,보행자,남,48세,부상신고
7650,2018100800100386,2018년 10월 8일 15시,월요일,경기도 고양시 일산서구 일산동,중상사고,0,1,0,0,차대사람 - 길가장자리구역통행중,안전운전불이행,포장 - 건조,맑음,단일로 - 기타,승합,남,59세,상해없음,보행자,여,65세,중상
7651,2018100800100398,2018년 10월 8일 16시,월요일,경기도 화성시 병점동,중상사고,0,1,0,0,차대사람 - 기타,불법유턴,포장 - 건조,맑음,기타 - 기타,승용,남,62세,상해없음,보행자,여,73세,중상
7652,2018100800100401,2018년 10월 8일 16시,월요일,경기도 안산시 단원구 고잔동,중상사고,0,1,1,0,차대사람 - 기타,기타,포장 - 건조,맑음,단일로 - 기타,승용,여,48세,상해없음,보행자,여,23세,경상
7653,2018100800100403,2018년 10월 8일 16시,월요일,경기도 수원시 권선구 호매실동,중상사고,0,1,0,0,차대사람 - 횡단중,보행자보호의무위반,포장 - 건조,맑음,교차로 - 교차로횡단보도내,승합,여,47세,상해없음,보행자,여,61세,중상
7654,2018100800100438,2018년 10월 8일 17시,월요일,경기도 광주시 목현동,경상사고,0,0,1,0,차대사람 - 기타,안전운전불이행,포장 - 건조,맑음,교차로 - 교차로안,승용,여,62세,상해없음,보행자,여,43세,경상
7655,2018100800100440,2018년 10월 8일 17시,월요일,경기도 용인시 처인구 김량장동,경상사고,0,0,1,0,차대사람 - 차도통행중,안전운전불이행,포장 - 건조,맑음,단일로 - 기타,승용,여,27세,상해없음,보행자,남,8세,경상
7656,2018100800100442,2018년 10월 8일 17시,월요일,경기도 부천시 송내동,경상사고,0,0,1,0,차대사람 - 차도통행중,안전운전불이행,포장 - 건조,맑음,단일로 - 기타,승용,여,58세,상해없음,보행자,여,48세,경상
7657,2018100800100474,2018년 10월 8일 17시,월요일,경기도 파주시 다율동,경상사고,0,0,1,0,차대사람 - 횡단중,안전운전불이행,포장 - 건조,맑음,교차로 - 교차로안,승용,여,49세,상해없음,보행자,여,6세,경상
7658,2018100800100490,2018년 10월 8일 18시,월요일,경기도 김포시 통진읍,중상사고,0,1,0,0,차대사람 - 차도통행중,안전운전불이행,포장 - 건조,맑음,단일로 - 기타,승용,남,74세,상해없음,보행자,남,58세,중상
7659,2018100800100492,2018년 10월 8일 18시,월요일,경기도 오산시 원동,중상사고,0,1,0,0,차대사람 - 기타,중앙선침범,포장 - 건조,맑음,단일로 - 기타,자전거,여,64세,중상,보행자,여,41세,상해없음
7660,2018100800100538,2018년 10월 8일 19시,월요일,경기도 부천시 상동,경상사고,0,0,1,0,차대사람 - 기타,보행자보호의무위반,포장 - 건조,맑음,교차로 - 교차로횡단보도내,승용,여,40세,상해없음,보행자,남,58세,경상
7661,2018100800100540,2018년 10월 8일 19시,월요일,경기도 안산시 단원구 선부동,중상사고,0,1,0,0,차대사람 - 기타,안전운전불이행,포장 - 건조,맑음,단일로 - 기타,화물,남,68세,기타불명,보행자,여,56세,중상
7662,2018100800100564,2018년 10월 8일 20시,월요일,경기도 수원시 장안구 영화동,경상사고,0,0,1,0,차대사람 - 기타,기타,포장 - 건조,맑음,단일로 - 기타,승합,남,60세,상해없음,보행자,여,60세,경상
7663,2018100800100566,2018년 10월 8일 20시,월요일,경기도 평택시 평택동,부상신고사고,0,0,0,1,차대사람 - 횡단중,안전운전불이행,포장 - 건조,맑음,기타 - 기타,승용,남,42세,상해없음,보행자,남,54세,부상신고
7664,2018100800100570,2018년 10월 8일 20시,월요일,경기도 김포시 통진읍,부상신고사고,0,0,0,1,차대사람 - 기타,안전운전불이행,포장 - 건조,맑음,단일로 - 기타,승용,여,31세,상해없음,보행자,여,68세,부상신고
7665,2018100800100601,2018년 10월 8일 21시,월요일,경기도 용인시 기흥구 고매동,중상사고,0,1,0,0,차대사람 - 횡단중,안전운전불이행,포장 - 건조,맑음,단일로 - 기타,승용,남,34세,상해없음,보행자,남,14세,중상
7666,2018100800100602,2018년 10월 8일 21시,월요일,경기도 부천시 역곡동,부상신고사고,0,0,0,1,차대사람 - 기타,안전운전불이행,포장 - 건조,맑음,단일로 - 기타,승용,남,51세,상해없음,보행자,남,32세,부상신고
7667,2018100800100630,2018년 10월 8일 22시,월요일,경기도 화성시 향남읍,중상사고,0,1,0,0,차대사람 - 기타,안전운전불이행,포장 - 건조,맑음,기타 - 기타,승용,남,64세,상해없음,보행자,남,46세,중상
7668,2018100800100659,2018년 10월 8일 23시,월요일,경기도 시흥시 정왕동,경상사고,0,0,1,0,차대사람 - 기타,보행자보호의무위반,포장 - 건조,맑음,단일로 - 기타,승용,남,31세,상해없음,보행자,남,22세,경상
7669,2018100900100011,2018년 10월 9일 00시,화요일,경기도 군포시 당동,중상사고,0,1,0,0,차대사람 - 횡단중,안전운전불이행,포장 - 건조,맑음,단일로 - 기타,승용,남,42세,상해없음,보행자,남,54세,중상
7670,2018100900100023,2018년 10월 9일 01시,화요일,경기도 수원시 장안구 율전동,경상사고,0,0,1,0,차대사람 - 기타,안전운전불이행,포장 - 건조,맑음,단일로 - 기타,기타불명,기타불명,미분류,기타불명,보행자,남,21세,경상
7671,2018100900100024,2018년 10월 9일 01시,화요일,경기도 성남시 수정구 태평동,경상사고,0,0,1,0,차대사람 - 기타,보행자보호의무위반,포장 - 건조,맑음,단일로 - 기타,승용,남,38세,상해없음,보행자,남,57세,경상
7672,2018100900100040,2018년 10월 9일 02시,화요일,경기도 성남시 중원구 성남동,경상사고,0,0,1,0,차대사람 - 기타,안전운전불이행,포장 - 건조,맑음,기타 - 기타,승용,남,64세,상해없음,보행자,남,42세,경상
7673,2018100900100060,2018년 10월 9일 04시,화요일,경기도 성남시 수정구 신흥동,중상사고,0,1,0,0,차대사람 - 기타,보행자보호의무위반,포장 - 건조,맑음,단일로 - 기타,승용,남,45세,상해없음,보행자,남,24세,중상
7674,2018100900100077,2018년 10월 9일 05시,화요일,경기도 수원시 영통구 망포동,사망사고,1,0,0,0,차대사람 - 횡단중,안전운전불이행,포장 - 건조,맑음,교차로 - 교차로횡단보도내,승용,남,39세,상해없음,보행자,남,62세,사망
7675,2018100900100119,2018년 10월 9일 07시,화요일,경기도 의정부시 금오동,경상사고,0,0,1,0,차대사람 - 기타,안전운전불이행,포장 - 건조,맑음,교차로 - 교차로안,승용,남,29세,상해없음,보행자,여,66세,경상
7676,2018100900100149,2018년 10월 9일 09시,화요일,경기도 의정부시 가능동,경상사고,0,0,1,0,차대사람 - 기타,기타,포장 - 건조,맑음,단일로 - 기타,승합,남,63세,기타불명,보행자,여,23세,경상
7677,2018100900100150,2018년 10월 9일 09시,화요일,경기도 남양주시 화도읍,경상사고,0,0,1,0,차대사람 - 기타,안전운전불이행,포장 - 건조,맑음,단일로 - 기타,자전거,남,56세,기타불명,보행자,남,71세,경상
7678,2018100900100157,2018년 10월 9일 10시,화요일,경기도 부천시 원종동,경상사고,0,0,1,0,차대사람 - 횡단중,신호위반,포장 - 건조,맑음,교차로 - 교차로횡단보도내,승용,여,63세,상해없음,보행자,여,24세,경상
7679,2018100900100170,2018년 10월 9일 10시,화요일,경기도 구리시 인창동,경상사고,0,0,1,0,차대사람 - 횡단중,보행자보호의무위반,포장 - 건조,맑음,교차로 - 교차로횡단보도내,승용,여,32세,상해없음,보행자,여,57세,경상
7680,2018100900100186,2018년 10월 9일 11시,화요일,경기도 화성시 향남읍,경상사고,0,0,1,0,차대사람 - 기타,안전운전불이행,포장 - 건조,맑음,단일로 - 기타,승용,남,71세,상해없음,보행자,남,57세,경상
7681,2018100900100229,2018년 10월 9일 12시,화요일,경기도 고양시 덕양구 내유동,경상사고,0,0,1,0,차대사람 - 보도통행중,안전운전불이행,포장 - 건조,맑음,단일로 - 기타,화물,남,53세,기타불명,보행자,여,61세,경상
7682,2018100900100230,2018년 10월 9일 12시,화요일,경기도 구리시 교문동,경상사고,0,0,1,0,차대사람 - 횡단중,보행자보호의무위반,포장 - 건조,맑음,교차로 - 교차로횡단보도내,이륜,남,50세,상해없음,보행자,남,50세,경상
7683,2018100900100240,2018년 10월 9일 13시,화요일,경기도 김포시 풍무동,경상사고,0,0,1,0,차대사람 - 횡단중,보행자보호의무위반,포장 - 건조,맑음,교차로 - 교차로안,승용,여,31세,상해없음,보행자,남,10세,경상
7684,2018100900100264,2018년 10월 9일 14시,화요일,경기도 성남시 분당구 구미동,경상사고,0,0,1,0,차대사람 - 기타,안전운전불이행,포장 - 건조,맑음,기타 - 기타,원동기,남,44세,상해없음,보행자,여,41세,경상
7685,2018100900100265,2018년 10월 9일 14시,화요일,경기도 안양시 만안구 안양동,중상사고,0,1,0,0,차대사람 - 횡단중,보행자보호의무위반,포장 - 건조,맑음,단일로 - 기타,승용,남,78세,상해없음,보행자,남,3세,중상
7686,2018100900100288,2018년 10월 9일 15시,화요일,경기도 김포시 고촌읍,중상사고,0,1,0,0,차대사람 - 기타,안전운전불이행,포장 - 건조,맑음,단일로 - 기타,건설기계,남,66세,상해없음,보행자,남,55세,중상
7687,2018100900100353,2018년 10월 9일 17시,화요일,경기도 양주시 덕정동,경상사고,0,0,1,0,차대사람 - 횡단중,안전운전불이행,포장 - 건조,맑음,단일로 - 기타,승용,여,50세,상해없음,보행자,남,8세,경상
7688,2018100900100365,2018년 10월 9일 18시,화요일,경기도 부천시 괴안동,중상사고,0,1,0,0,차대사람 - 기타,안전운전불이행,포장 - 건조,기타,기타 - 기타,승용,남,46세,상해없음,보행자,남,48세,중상
7689,2018100900100368,2018년 10월 9일 18시,화요일,경기도 성남시 분당구 이매동,부상신고사고,0,0,0,1,차대사람 - 기타,안전운전불이행,포장 - 건조,맑음,기타 - 기타,원동기,남,25세,부상신고,보행자,여,45세,상해없음
7690,2018100900100436,2018년 10월 9일 19시,화요일,경기도 고양시 일산동구 장항동,경상사고,0,0,1,0,차대사람 - 횡단중,신호위반,포장 - 건조,맑음,교차로 - 교차로부근,이륜,남,28세,상해없음,보행자,여,48세,경상
7691,2018100900100445,2018년 10월 9일 20시,화요일,경기도 김포시 운양동,경상사고,0,0,1,0,차대사람 - 차도통행중,안전운전불이행,포장 - 건조,맑음,단일로 - 기타,자전거,남,15세,상해없음,보행자,여,39세,경상
7692,2018100900100493,2018년 10월 9일 22시,화요일,경기도 시흥시 은행동,경상사고,0,0,1,0,차대사람 - 차도통행중,안전운전불이행,포장 - 건조,맑음,단일로 - 기타,승용,여,49세,상해없음,보행자,여,37세,경상
7693,2018101000100003,2018년 10월 10일 00시,수요일,경기도 수원시 팔달구 인계동,경상사고,0,0,1,0,차대사람 - 길가장자리구역통행중,안전운전불이행,포장 - 건조,맑음,교차로 - 교차로부근,승용,남,33세,상해없음,보행자,남,26세,경상
7694,2018101000100031,2018년 10월 10일 05시,수요일,경기도 광주시 장지동,중상사고,0,1,0,0,차대사람 - 횡단중,보행자보호의무위반,포장 - 건조,맑음,단일로 - 기타,승용,남,67세,상해없음,보행자,여,75세,중상
7695,2018101000100082,2018년 10월 10일 08시,수요일,경기도 광주시 태전동,경상사고,0,0,1,0,차대사람 - 횡단중,안전운전불이행,포장 - 건조,맑음,단일로 - 기타,승합,남,76세,상해없음,보행자,남,12세,경상
7696,2018101000100084,2018년 10월 10일 08시,수요일,경기도 화성시 영천동,중상사고,0,1,0,0,차대사람 - 횡단중,안전운전불이행,포장 - 건조,맑음,단일로 - 기타,승용,남,55세,상해없음,보행자,남,48세,중상
7697,2018101000100085,2018년 10월 10일 08시,수요일,경기도 화성시 반송동,중상사고,0,1,1,0,차대사람 - 차도통행중,안전운전불이행,포장 - 건조,맑음,교차로 - 교차로안,승합,남,49세,상해없음,보행자,남,15세,중상
7698,2018101000100086,2018년 10월 10일 08시,수요일,경기도 성남시 수정구 단대동,중상사고,0,1,0,0,차대사람 - 횡단중,안전운전불이행,포장 - 건조,맑음,교차로 - 교차로부근,승용,남,25세,상해없음,보행자,남,76세,중상
7699,2018101000100087,2018년 10월 10일 08시,수요일,경기도 시흥시 금이동,중상사고,0,1,0,0,차대사람 - 횡단중,보행자보호의무위반,포장 - 건조,맑음,교차로 - 교차로횡단보도내,화물,남,56세,상해없음,보행자,남,38세,중상
7700,2018101000100166,2018년 10월 10일 10시,수요일,경기도 파주시 다율동,사망사고,1,0,0,0,차대사람 - 차도통행중,안전운전불이행,포장 - 건조,맑음,단일로 - 기타,승합,남,52세,상해없음,보행자,여,79세,사망
7701,2018101000100167,2018년 10월 10일 10시,수요일,경기도 고양시 일산서구 일산동,중상사고,0,1,0,0,차대사람 - 횡단중,안전운전불이행,포장 - 건조,맑음,교차로 - 교차로안,화물,남,50세,상해없음,보행자,남,59세,중상
7702,2018101000100232,2018년 10월 10일 13시,수요일,경기도 성남시 수정구 태평동,경상사고,0,0,1,0,차대사람 - 기타,안전운전불이행,포장 - 건조,맑음,단일로 - 기타,승용,여,62세,상해없음,보행자,남,67세,경상
7703,2018101000100234,2018년 10월 10일 13시,수요일,경기도 이천시 대월면,경상사고,0,0,1,0,차대사람 - 기타,안전운전불이행,포장 - 건조,맑음,단일로 - 기타,승용,남,50세,상해없음,보행자,남,51세,경상
7704,2018101000100235,2018년 10월 10일 13시,수요일,경기도 여주시 홍문동,중상사고,0,1,0,0,차대사람 - 횡단중,신호위반,포장 - 건조,맑음,단일로 - 고가도로위,승용,여,32세,상해없음,보행자,남,56세,중상
7705,2018101000100289,2018년 10월 10일 14시,수요일,경기도 포천시 영북면,경상사고,0,0,1,0,차대사람 - 횡단중,안전운전불이행,포장 - 건조,맑음,단일로 - 기타,승용,여,55세,상해없음,보행자,여,61세,경상
7706,2018101000100301,2018년 10월 10일 15시,수요일,경기도 부천시 소사동,경상사고,0,0,1,0,차대사람 - 기타,안전운전불이행,포장 - 건조,맑음,교차로 - 교차로부근,기타불명,기타불명,미분류,기타불명,보행자,여,76세,경상
7707,2018101000100304,2018년 10월 10일 15시,수요일,경기도 부천시 내동,중상사고,0,1,0,0,차대사람 - 횡단중,안전운전불이행,포장 - 건조,맑음,단일로 - 기타,이륜,남,71세,상해없음,보행자,여,68세,상해없음
7708,2018101000100322,2018년 10월 10일 15시,수요일,경기도 남양주시 진접읍,경상사고,0,0,1,0,차대사람 - 횡단중,보행자보호의무위반,포장 - 건조,맑음,교차로 - 교차로안,승합,남,62세,상해없음,보행자,여,80세,경상
7709,2018101000100361,2018년 10월 10일 17시,수요일,경기도 성남시 중원구 성남동,경상사고,0,0,1,0,차대사람 - 기타,안전운전불이행,포장 - 건조,맑음,교차로 - 교차로부근,승용,남,37세,상해없음,보행자,여,9세,경상
7710,2018101000100406,2018년 10월 10일 18시,수요일,경기도 수원시 장안구 송죽동,중상사고,0,1,0,0,차대사람 - 횡단중,안전운전불이행,포장 - 건조,맑음,교차로 - 교차로안,승용,남,28세,기타불명,보행자,남,39세,중상
7711,2018101000100407,2018년 10월 10일 18시,수요일,경기도 평택시 청북읍,중상사고,0,1,0,0,차대사람 - 길가장자리구역통행중,안전운전불이행,포장 - 건조,맑음,단일로 - 기타,승용,남,53세,상해없음,보행자,남,34세,중상
7712,2018101000100408,2018년 10월 10일 18시,수요일,경기도 평택시 지산동,부상신고사고,0,0,0,1,차대사람 - 기타,안전운전불이행,포장 - 건조,맑음,교차로 - 교차로부근,기타불명,기타불명,미분류,기타불명,보행자,남,48세,부상신고
7713,2018101000100451,2018년 10월 10일 18시,수요일,경기도 고양시 일산서구 주엽동,부상신고사고,0,0,0,1,차대사람 - 기타,안전운전불이행,포장 - 건조,맑음,기타 - 기타,기타불명,기타불명,미분류,기타불명,보행자,여,57세,부상신고
7714,2018101000100457,2018년 10월 10일 19시,수요일,경기도 부천시 원종동,경상사고,0,0,1,0,차대사람 - 기타,안전운전불이행,포장 - 건조,맑음,단일로 - 기타,승합,남,57세,상해없음,보행자,남,16세,경상
7715,2018101000100458,2018년 10월 10일 19시,수요일,경기도 용인시 기흥구 언남동,중상사고,0,1,0,0,차대사람 - 기타,안전운전불이행,포장 - 건조,맑음,단일로 - 기타,승용,남,50세,상해없음,보행자,여,48세,중상
7716,2018101000100483,2018년 10월 10일 19시,수요일,경기도 파주시 조리읍,경상사고,0,0,1,0,차대사람 - 횡단중,안전운전불이행,포장 - 건조,맑음,교차로 - 교차로안,승용,여,55세,상해없음,보행자,남,60세,경상
7717,2018101000100491,2018년 10월 10일 20시,수요일,경기도 안산시 단원구 고잔동,중상사고,0,1,0,0,차대사람 - 차도통행중,안전운전불이행,포장 - 건조,맑음,단일로 - 기타,승합,남,58세,상해없음,보행자,남,20세,중상
7718,2018101000100511,2018년 10월 10일 20시,수요일,경기도 남양주시 호평동,부상신고사고,0,0,0,1,차대사람 - 횡단중,안전운전불이행,포장 - 건조,맑음,단일로 - 기타,승용,여,38세,상해없음,보행자,남,66세,부상신고
7719,2018101000100520,2018년 10월 10일 21시,수요일,경기도 수원시 영통구 영통동,경상사고,0,0,1,0,차대사람 - 보도통행중,기타,포장 - 건조,맑음,기타 - 기타,자전거,남,35세,상해없음,보행자,남,45세,경상
7720,2018101000100543,2018년 10월 10일 22시,수요일,경기도 부천시 심곡동,경상사고,0,0,1,0,차대사람 - 기타,안전운전불이행,포장 - 건조,맑음,단일로 - 기타,승용,남,33세,상해없음,보행자,여,50세,경상
7721,2018101000100561,2018년 10월 10일 23시,수요일,경기도 부천시 옥길동,중상사고,0,1,0,0,차대사람 - 기타,안전운전불이행,포장 - 건조,맑음,단일로 - 기타,승용,여,23세,상해없음,보행자,남,48세,중상
7722,2018101100100089,2018년 10월 11일 07시,목요일,경기도 남양주시 진건읍,중상사고,0,1,0,0,차대사람 - 기타,안전운전불이행,포장 - 건조,맑음,단일로 - 기타,승합,남,57세,상해없음,보행자,남,76세,중상