,사고번호,사고일시,요일,시군구,사고내용,사망자수,중상자수,경상자수,부상신고자수,사고유형,법규위반,노면상태,기상상태,도로형태,가해운전자 차종,가해운전자 성별,가해운전자 연령,가해운전자 상해정도,피해운전자 차종,피해운전자 성별,피해운전자 연령,피해운전자 상해정도
7723,2018101100100097,2018년 10월 11일 08시,목요일,경기도 평택시 팽성읍,경상사고,0,0,1,0,차대사람 - 횡단중,안전운전불이행,포장 - 건조,맑음,단일로 - 기타,기타불명,기타불명,미분류,기타불명,보행자,남,24세,경상
7724,2018101100100100,2018년 10월 11일 08시,목요일,경기도 부천시 중동,경상사고,0,0,2,0,차대사람 - 기타,안전운전불이행,포장 - 건조,맑음,단일로 - 기타,승용,남,26세,상해없음,보행자,여,20세,경상
7725,2018101100100101,2018년 10월 11일 08시,목요일,경기도 광명시 철산동,중상사고,0,1,0,0,차대사람 - 횡단중,보행자보호의무위반,포장 - 건조,맑음,단일로 - 기타,승용,여,56세,상해없음,보행자,남,49세,중상
7726,2018101100100102,2018년 10월 11일 08시,목요일,경기도 안산시 상록구 사사동,중상사고,0,1,0,0,차대사람 - 기타,안전운전불이행,포장 - 건조,맑음,기타 - 기타,승용,남,31세,상해없음,보행자,남,38세,중상
7727,2018101100100103,2018년 10월 11일 08시,목요일,경기도 용인시 기흥구 보정동,부상신고사고,0,0,0,1,차대사람 - 횡단중,보행자보호의무위반,포장 - 건조,맑음,교차로 - 교차로횡단보도내,승용,여,70세,상해없음,보행자,남,8세,부상신고
7728,2018101100100124,2018년 10월 11일 08시,목요일,경기도 남양주시 별내면,중상사고,0,1,0,0,차대사람 - 횡단중,보행자보호의무위반,포장 - 건조,맑음,교차로 - 교차로횡단보도내,승용,여,39세,상해없음,보행자,여,73세,중상
7729,2018101100100133,2018년 10월 11일 09시,목요일,경기도 수원시 장안구 율전동,경상사고,0,0,1,0,차대사람 - 기타,안전운전불이행,포장 - 건조,맑음,단일로 - 기타,승합,여,60세,상해없음,보행자,남,58세,경상
7730,2018101100100138,2018년 10월 11일 09시,목요일,경기도 안산시 단원구 원곡동,경상사고,0,0,1,0,차대사람 - 기타,보행자보호의무위반,포장 - 건조,맑음,단일로 - 기타,승용,남,31세,상해없음,보행자,여,41세,경상
7731,2018101100100141,2018년 10월 11일 09시,목요일,경기도 화성시 향남읍,중상사고,0,1,0,0,차대사람 - 기타,안전운전불이행,포장 - 건조,맑음,기타 - 기타,승용,남,49세,상해없음,보행자,남,73세,중상
7732,2018101100100159,2018년 10월 11일 09시,목요일,경기도 포천시 소흘읍,경상사고,0,0,1,0,차대사람 - 기타,안전운전불이행,포장 - 건조,맑음,주차장 - 주차장,승용,남,73세,상해없음,보행자,남,57세,경상
7733,2018101100100160,2018년 10월 11일 09시,목요일,경기도 포천시 소흘읍,부상신고사고,0,0,0,1,차대사람 - 횡단중,안전운전불이행,포장 - 건조,맑음,주차장 - 주차장,승용,여,60세,상해없음,보행자,남,62세,부상신고
7734,2018101100100216,2018년 10월 11일 11시,목요일,경기도 고양시 일산동구 백석동,중상사고,0,1,0,0,차대사람 - 횡단중,신호위반,포장 - 건조,맑음,단일로 - 기타,승용,여,51세,상해없음,보행자,여,67세,중상
7735,2018101100100235,2018년 10월 11일 12시,목요일,경기도 여주시 가남읍,중상사고,0,1,0,0,차대사람 - 기타,안전운전불이행,포장 - 건조,맑음,교차로 - 교차로부근,승용,남,75세,상해없음,보행자,남,75세,중상
7736,2018101100100239,2018년 10월 11일 12시,목요일,경기도 수원시 영통구 영통동,중상사고,0,1,0,0,차대사람 - 기타,기타,포장 - 건조,맑음,기타 - 기타,승합,남,61세,상해없음,보행자,여,65세,중상
7737,2018101100100267,2018년 10월 11일 13시,목요일,경기도 화성시 마도면,경상사고,0,0,1,0,차대사람 - 길가장자리구역통행중,안전운전불이행,포장 - 기타,맑음,단일로 - 기타,승용,남,67세,상해없음,보행자,남,35세,경상
7738,2018101100100307,2018년 10월 11일 14시,목요일,경기도 의정부시 호원동,경상사고,0,0,1,0,차대사람 - 횡단중,보행자보호의무위반,포장 - 건조,맑음,교차로 - 교차로안,화물,남,53세,상해없음,보행자,여,83세,경상
7739,2018101100100318,2018년 10월 11일 15시,목요일,경기도 시흥시 도창동,경상사고,0,0,1,0,차대사람 - 기타,안전운전불이행,포장 - 건조,맑음,단일로 - 기타,승용,여,41세,상해없음,보행자,여,46세,경상
7740,2018101100100357,2018년 10월 11일 16시,목요일,경기도 안성시 서인동,중상사고,0,1,0,0,차대사람 - 기타,안전운전불이행,포장 - 건조,맑음,단일로 - 기타,자전거,남,15세,상해없음,보행자,여,69세,중상
7741,2018101100100359,2018년 10월 11일 16시,목요일,경기도 수원시 영통구 매탄동,중상사고,0,1,0,0,차대사람 - 기타,안전운전불이행,포장 - 건조,맑음,교차로 - 교차로횡단보도내,승용,남,22세,상해없음,보행자,남,15세,중상
7742,2018101100100362,2018년 10월 11일 16시,목요일,경기도 시흥시 조남동,경상사고,0,0,1,0,차대사람 - 기타,안전운전불이행,포장 - 건조,맑음,단일로 - 기타,화물,남,61세,상해없음,보행자,남,8세,경상
7743,2018101100100385,2018년 10월 11일 16시,목요일,경기도 남양주시 진건읍,사망사고,1,0,0,0,차대사람 - 기타,안전운전불이행,포장 - 건조,맑음,단일로 - 기타,승용,여,38세,상해없음,보행자,남,67세,사망
7744,2018101100100399,2018년 10월 11일 17시,목요일,경기도 안성시 금산동,경상사고,0,0,1,0,차대사람 - 기타,안전운전불이행,포장 - 건조,맑음,기타 - 기타,화물,남,45세,상해없음,보행자,여,80세,경상
7745,2018101100100446,2018년 10월 11일 18시,목요일,경기도 평택시 서정동,경상사고,0,0,1,0,차대사람 - 기타,기타,포장 - 건조,맑음,단일로 - 기타,승합,남,52세,상해없음,보행자,여,51세,경상
7746,2018101100100451,2018년 10월 11일 18시,목요일,경기도 부천시 심곡동,중상사고,0,1,0,0,차대사람 - 횡단중,보행자보호의무위반,포장 - 건조,맑음,단일로 - 기타,승용,남,62세,상해없음,보행자,여,38세,중상
7747,2018101100100454,2018년 10월 11일 18시,목요일,경기도 안산시 상록구 사동,중상사고,0,1,0,0,차대사람 - 횡단중,안전운전불이행,포장 - 건조,맑음,단일로 - 기타,승용,남,48세,상해없음,보행자,여,52세,중상
7748,2018101100100456,2018년 10월 11일 18시,목요일,경기도 하남시 덕풍동,경상사고,0,0,1,0,차대사람 - 기타,안전운전불이행,포장 - 건조,맑음,교차로 - 교차로안,자전거,여,59세,상해없음,보행자,여,57세,경상
7749,2018101100100578,2018년 10월 11일 21시,목요일,경기도 남양주시 도농동,중상사고,0,1,0,0,차대사람 - 횡단중,보행자보호의무위반,포장 - 건조,맑음,기타 - 기타,승용,남,53세,상해없음,보행자,남,47세,중상
7750,2018101200100002,2018년 10월 12일 00시,금요일,경기도 오산시 원동,중상사고,0,1,0,0,차대사람 - 기타,안전운전불이행,포장 - 건조,맑음,교차로 - 교차로횡단보도내,승용,남,36세,상해없음,보행자,남,36세,중상
7751,2018101200100063,2018년 10월 12일 06시,금요일,경기도 부천시 여월동,중상사고,0,1,0,0,차대사람 - 횡단중,신호위반,포장 - 건조,맑음,교차로 - 교차로횡단보도내,승용,여,49세,상해없음,보행자,여,73세,중상
7752,2018101200100105,2018년 10월 12일 08시,금요일,경기도 용인시 처인구 유방동,중상사고,0,1,0,0,차대사람 - 횡단중,보행자보호의무위반,포장 - 건조,맑음,단일로 - 기타,승용,남,61세,상해없음,보행자,여,11세,중상
7753,2018101200100112,2018년 10월 12일 08시,금요일,경기도 안산시 단원구 원곡동,경상사고,0,0,1,0,차대사람 - 보도통행중,안전운전불이행,포장 - 건조,맑음,교차로 - 교차로부근,개인형이동수단(PM),여,37세,상해없음,보행자,여,19세,경상
7754,2018101200100159,2018년 10월 12일 09시,금요일,경기도 부천시 심곡본동,경상사고,0,0,1,0,차대사람 - 길가장자리구역통행중,안전운전불이행,포장 - 건조,맑음,단일로 - 기타,승용,남,35세,상해없음,보행자,여,79세,경상
7755,2018101200100209,2018년 10월 12일 10시,금요일,경기도 의정부시 가능동,중상사고,0,1,0,0,차대사람 - 기타,안전운전불이행,포장 - 건조,맑음,단일로 - 기타,화물,남,74세,상해없음,보행자,여,76세,중상
7756,2018101200100225,2018년 10월 12일 11시,금요일,경기도 군포시 부곡동,중상사고,0,1,0,0,차대사람 - 기타,안전운전불이행,포장 - 건조,맑음,교차로 - 교차로안,승용,여,37세,상해없음,보행자,남,50세,중상
7757,2018101200100255,2018년 10월 12일 12시,금요일,경기도 부천시 괴안동,중상사고,0,1,0,0,차대사람 - 기타,보행자보호의무위반,포장 - 건조,맑음,교차로 - 교차로안,승용,여,42세,상해없음,보행자,남,25세,중상
7758,2018101200100283,2018년 10월 12일 12시,금요일,경기도 고양시 덕양구 화정동,중상사고,0,1,0,0,차대사람 - 횡단중,보행자보호의무위반,포장 - 건조,맑음,교차로 - 교차로횡단보도내,승합,남,61세,상해없음,보행자,여,7세,중상
7759,2018101200100333,2018년 10월 12일 14시,금요일,경기도 김포시 대곶면,중상사고,0,1,0,0,차대사람 - 기타,안전운전불이행,포장 - 건조,맑음,교차로 - 교차로안,특수,남,70세,상해없음,보행자,여,75세,중상
7760,2018101200100415,2018년 10월 12일 16시,금요일,경기도 성남시 분당구 야탑동,부상신고사고,0,0,0,1,차대사람 - 기타,안전운전불이행,포장 - 건조,맑음,기타 - 기타,자전거,남,61세,상해없음,보행자,여,85세,부상신고
7761,2018101200100416,2018년 10월 12일 16시,금요일,경기도 하남시 풍산동,경상사고,0,0,1,0,차대사람 - 차도통행중,안전운전불이행,포장 - 건조,맑음,단일로 - 기타,승합,남,66세,상해없음,보행자,남,63세,경상
7762,2018101200100458,2018년 10월 12일 17시,금요일,경기도 안성시 당왕동,중상사고,0,1,0,0,차대사람 - 기타,안전운전불이행,포장 - 건조,맑음,단일로 - 기타,승용,남,46세,상해없음,보행자,여,73세,중상
7763,2018101200100464,2018년 10월 12일 17시,금요일,경기도 안산시 단원구 고잔동,경상사고,0,0,1,0,차대사람 - 보도통행중,기타,포장 - 건조,맑음,단일로 - 기타,자전거,남,62세,상해없음,보행자,여,69세,경상
7764,2018101200100514,2018년 10월 12일 18시,금요일,경기도 양평군 양평읍,경상사고,0,0,1,0,차대사람 - 기타,안전운전불이행,포장 - 건조,맑음,기타 - 기타,화물,남,57세,상해없음,보행자,여,34세,경상
7765,2018101200100554,2018년 10월 12일 18시,금요일,경기도 고양시 일산동구 마두동,중상사고,0,1,0,0,차대사람 - 횡단중,안전운전불이행,포장 - 건조,맑음,단일로 - 기타,승용,여,28세,상해없음,보행자,여,40세,중상
7766,2018101200100576,2018년 10월 12일 19시,금요일,경기도 용인시 처인구 포곡읍,경상사고,0,0,1,0,차대사람 - 횡단중,안전운전불이행,포장 - 건조,맑음,단일로 - 기타,승용,남,60세,상해없음,보행자,남,16세,경상
7767,2018101200100579,2018년 10월 12일 19시,금요일,경기도 안산시 상록구 이동,사망사고,1,0,0,0,차대사람 - 횡단중,안전운전불이행,포장 - 건조,맑음,교차로 - 교차로횡단보도내,승합,남,65세,상해없음,보행자,남,79세,사망
7768,2018101200100619,2018년 10월 12일 20시,금요일,경기도 오산시 궐동,부상신고사고,0,0,0,1,차대사람 - 횡단중,안전운전불이행,포장 - 건조,맑음,교차로 - 교차로부근,승용,남,48세,상해없음,보행자,여,69세,부상신고
7769,2018101200100620,2018년 10월 12일 20시,금요일,경기도 군포시 당정동,중상사고,0,1,0,0,차대사람 - 횡단중,보행자보호의무위반,포장 - 건조,맑음,교차로 - 교차로안,승용,남,51세,상해없음,보행자,남,62세,중상
7770,2018101200100621,2018년 10월 12일 20시,금요일,경기도 시흥시 거모동,경상사고,0,0,1,0,차대사람 - 길가장자리구역통행중,안전운전불이행,포장 - 건조,맑음,단일로 - 기타,승용,여,57세,상해없음,보행자,남,43세,경상
7771,2018101200100637,2018년 10월 12일 20시,금요일,경기도 의정부시 가능동,중상사고,0,1,0,0,차대사람 - 횡단중,안전운전불이행,포장 - 건조,맑음,단일로 - 기타,승용,남,47세,상해없음,보행자,남,44세,중상
7772,2018101200100639,2018년 10월 12일 20시,금요일,경기도 고양시 일산서구 덕이동,경상사고,0,0,1,0,차대사람 - 횡단중,신호위반,포장 - 건조,맑음,교차로 - 교차로안,승용,남,56세,상해없음,보행자,여,64세,경상
7773,2018101200100651,2018년 10월 12일 21시,금요일,경기도 성남시 분당구 운중동,중상사고,0,1,0,0,차대사람 - 횡단중,신호위반,포장 - 건조,맑음,교차로 - 교차로횡단보도내,승용,남,45세,상해없음,보행자,남,30세,중상
7774,2018101200100654,2018년 10월 12일 21시,금요일,경기도 하남시 신장동,경상사고,0,0,1,0,차대사람 - 길가장자리구역통행중,안전운전불이행,포장 - 건조,맑음,교차로 - 교차로부근,승용,여,53세,상해없음,보행자,남,46세,경상
7775,2018101200100670,2018년 10월 12일 21시,금요일,경기도 고양시 덕양구 삼송동,중상사고,0,1,0,0,차대사람 - 기타,기타,포장 - 기타,맑음,기타 - 기타,승합,남,73세,상해없음,보행자,여,49세,중상
7776,2018101200100680,2018년 10월 12일 22시,금요일,경기도 이천시 중리동,중상사고,0,1,0,0,차대사람 - 횡단중,안전운전불이행,포장 - 건조,맑음,교차로 - 교차로부근,승용,여,26세,상해없음,보행자,여,54세,중상
7777,2018101200100686,2018년 10월 12일 22시,금요일,경기도 화성시 향남읍,중상사고,0,1,0,0,차대사람 - 횡단중,보행자보호의무위반,포장 - 건조,맑음,교차로 - 교차로안,승용,남,79세,상해없음,보행자,여,22세,중상
7778,2018101200100702,2018년 10월 12일 23시,금요일,경기도 광주시 경안동,부상신고사고,0,0,0,1,차대사람 - 차도통행중,안전운전불이행,포장 - 건조,흐림,단일로 - 기타,승용,여,23세,상해없음,보행자,남,53세,부상신고
7779,2018101300100030,2018년 10월 13일 01시,토요일,경기도 평택시 비전동,경상사고,0,0,1,0,차대사람 - 기타,안전운전불이행,포장 - 건조,맑음,단일로 - 기타,승용,남,23세,상해없음,보행자,남,47세,경상
7780,2018101300100031,2018년 10월 13일 01시,토요일,경기도 광주시 송정동,중상사고,0,1,0,0,차대사람 - 기타,안전운전불이행,포장 - 건조,맑음,기타 - 기타,승용,남,32세,상해없음,보행자,남,57세,중상
7781,2018101300100111,2018년 10월 13일 07시,토요일,경기도 부천시 작동,중상사고,0,1,0,0,차대사람 - 횡단중,보행자보호의무위반,포장 - 건조,맑음,교차로 - 교차로횡단보도내,승용,남,23세,상해없음,보행자,남,67세,중상
7782,2018101300100141,2018년 10월 13일 08시,토요일,경기도 고양시 일산서구 주엽동,중상사고,0,1,0,0,차대사람 - 횡단중,보행자보호의무위반,포장 - 건조,맑음,교차로 - 교차로횡단보도내,승용,남,24세,상해없음,보행자,여,78세,중상
7783,2018101300100153,2018년 10월 13일 09시,토요일,경기도 안산시 단원구 원곡동,경상사고,0,0,1,0,차대사람 - 기타,안전운전불이행,포장 - 건조,맑음,기타 - 기타,승용,여,42세,상해없음,보행자,남,64세,경상
7784,2018101300100219,2018년 10월 13일 11시,토요일,경기도 안양시 동안구 관양동,경상사고,0,0,1,0,차대사람 - 기타,안전운전불이행,포장 - 건조,맑음,기타 - 기타,기타불명,기타불명,미분류,기타불명,보행자,남,4세,경상
7785,2018101300100255,2018년 10월 13일 11시,토요일,경기도 양주시 덕계동,중상사고,0,1,0,0,차대사람 - 횡단중,안전운전불이행,포장 - 건조,맑음,교차로 - 교차로안,화물,남,31세,상해없음,보행자,여,90세 이상,중상
7786,2018101300100264,2018년 10월 13일 12시,토요일,경기도 평택시 합정동,경상사고,0,0,1,0,차대사람 - 횡단중,신호위반,포장 - 건조,맑음,교차로 - 교차로부근,승용,여,63세,상해없음,보행자,남,6세,경상
7787,2018101300100270,2018년 10월 13일 12시,토요일,경기도 안산시 상록구 수암동,경상사고,0,0,1,0,차대사람 - 기타,안전운전불이행,포장 - 건조,맑음,기타 - 기타,승용,남,52세,상해없음,보행자,남,62세,경상
7788,2018101300100291,2018년 10월 13일 12시,토요일,경기도 구리시 교문동,경상사고,0,0,1,0,차대사람 - 횡단중,보행자보호의무위반,포장 - 건조,맑음,단일로 - 기타,이륜,남,39세,상해없음,보행자,남,54세,경상
7789,2018101300100301,2018년 10월 13일 13시,토요일,경기도 양평군 용문면,경상사고,0,0,2,0,차대사람 - 기타,안전운전불이행,포장 - 건조,맑음,단일로 - 기타,승용,남,72세,상해없음,보행자,여,58세,경상
7790,2018101300100372,2018년 10월 13일 15시,토요일,경기도 김포시 운양동,중상사고,0,1,0,0,차대사람 - 기타,안전운전불이행,포장 - 건조,맑음,교차로 - 교차로안,승용,여,40세,상해없음,보행자,남,59세,중상
7791,2018101300100374,2018년 10월 13일 15시,토요일,경기도 하남시 망월동,경상사고,0,0,1,0,차대사람 - 차도통행중,안전운전불이행,포장 - 건조,맑음,단일로 - 기타,화물,남,61세,상해없음,보행자,남,36세,경상
7792,2018101300100375,2018년 10월 13일 15시,토요일,경기도 부천시 원종동,경상사고,0,0,1,0,차대사람 - 차도통행중,안전운전불이행,포장 - 건조,맑음,교차로 - 교차로안,승합,남,61세,상해없음,보행자,여,48세,경상
7793,2018101300100400,2018년 10월 13일 16시,토요일,경기도 이천시 창전동,부상신고사고,0,0,0,1,차대사람 - 횡단중,보행자보호의무위반,포장 - 건조,맑음,교차로 - 교차로횡단보도내,기타불명,기타불명,미분류,기타불명,보행자,남,7세,부상신고
7794,2018101300100402,2018년 10월 13일 16시,토요일,경기도 화성시 영천동,경상사고,0,0,1,0,차대사람 - 기타,안전운전불이행,포장 - 건조,맑음,단일로 - 기타,승용,남,55세,상해없음,보행자,여,6세,경상
7795,2018101300100437,2018년 10월 13일 17시,토요일,경기도 수원시 장안구 파장동,경상사고,0,0,1,0,차대사람 - 기타,안전운전불이행,포장 - 건조,맑음,단일로 - 기타,승용,남,63세,상해없음,보행자,남,58세,경상
7796,2018101300100438,2018년 10월 13일 17시,토요일,경기도 이천시 창전동,경상사고,0,0,1,0,차대사람 - 기타,보행자보호의무위반,포장 - 건조,맑음,교차로 - 교차로횡단보도내,승용,여,49세,상해없음,보행자,여,34세,경상
7797,2018101300100439,2018년 10월 13일 17시,토요일,경기도 부천시 도당동,경상사고,0,0,1,0,차대사람 - 횡단중,신호위반,포장 - 건조,맑음,교차로 - 교차로횡단보도내,원동기,남,25세,상해없음,보행자,여,51세,경상
7798,2018101300100472,2018년 10월 13일 18시,토요일,경기도 안산시 단원구 대부북동,중상사고,0,1,0,0,차대사람 - 차도통행중,안전운전불이행,포장 - 건조,맑음,단일로 - 기타,승용,남,50세,상해없음,보행자,남,81세,중상
7799,2018101300100509,2018년 10월 13일 19시,토요일,경기도 평택시 합정동,경상사고,0,0,1,0,차대사람 - 기타,안전운전불이행,포장 - 건조,맑음,단일로 - 기타,승용,여,56세,상해없음,보행자,남,46세,경상
7800,2018101300100544,2018년 10월 13일 20시,토요일,경기도 성남시 수정구 신흥동,경상사고,0,0,1,0,차대사람 - 기타,안전운전불이행,포장 - 건조,맑음,단일로 - 기타,승용,여,57세,기타불명,보행자,남,52세,경상
7801,2018101300100545,2018년 10월 13일 20시,토요일,경기도 안성시 대덕면,경상사고,0,0,1,0,차대사람 - 기타,안전운전불이행,포장 - 건조,맑음,기타 - 기타,승용,남,32세,상해없음,보행자,남,47세,경상
7802,2018101400100024,2018년 10월 14일 01시,일요일,경기도 고양시 일산동구 장항동,경상사고,0,0,1,0,차대사람 - 기타,안전운전불이행,포장 - 건조,맑음,교차로 - 교차로부근,승용,남,63세,상해없음,보행자,남,32세,경상
7803,2018101400100047,2018년 10월 14일 03시,일요일,경기도 고양시 덕양구 토당동,중상사고,0,1,0,0,차대사람 - 횡단중,안전운전불이행,포장 - 건조,맑음,단일로 - 기타,화물,남,23세,상해없음,보행자,남,49세,중상
7804,2018101400100051,2018년 10월 14일 04시,일요일,경기도 김포시 북변동,경상사고,0,0,1,0,차대사람 - 기타,안전운전불이행,포장 - 건조,맑음,단일로 - 기타,승합,남,59세,상해없음,보행자,남,57세,경상
7805,2018101400100052,2018년 10월 14일 04시,일요일,경기도 부천시 심곡본동,중상사고,0,1,0,0,차대사람 - 횡단중,안전운전불이행,포장 - 건조,맑음,교차로 - 교차로부근,승용,남,59세,상해없음,보행자,여,54세,중상
7806,2018101400100095,2018년 10월 14일 08시,일요일,경기도 성남시 중원구 중앙동,부상신고사고,0,0,0,1,차대사람 - 길가장자리구역통행중,안전운전불이행,포장 - 건조,맑음,단일로 - 기타,승용,남,71세,상해없음,보행자,남,32세,부상신고
7807,2018101400100096,2018년 10월 14일 08시,일요일,경기도 성남시 분당구 구미동,중상사고,0,1,0,0,차대사람 - 기타,안전운전불이행,포장 - 건조,맑음,교차로 - 교차로횡단보도내,승용,여,38세,상해없음,보행자,여,61세,중상
7808,2018101400100120,2018년 10월 14일 10시,일요일,경기도 평택시 합정동,중상사고,0,1,0,0,차대사람 - 기타,기타,포장 - 건조,맑음,단일로 - 기타,승합,남,60세,상해없음,보행자,여,77세,중상
7809,2018101400100121,2018년 10월 14일 10시,일요일,경기도 김포시 대곶면,중상사고,0,1,0,0,차대사람 - 기타,안전운전불이행,포장 - 건조,맑음,교차로 - 교차로안,승용,여,78세,상해없음,보행자,여,53세,중상
7810,2018101400100140,2018년 10월 14일 11시,일요일,경기도 부천시 상동,경상사고,0,0,1,0,차대사람 - 기타,안전운전불이행,포장 - 건조,맑음,기타 - 기타,자전거,남,79세,상해없음,보행자,여,55세,경상
7811,2018101400100185,2018년 10월 14일 13시,일요일,경기도 부천시 원미동,경상사고,0,0,1,0,차대사람 - 기타,안전운전불이행,포장 - 건조,맑음,단일로 - 기타,승용,남,59세,상해없음,보행자,남,52세,경상
7812,2018101400100217,2018년 10월 14일 14시,일요일,경기도 수원시 팔달구 교동,중상사고,0,1,0,0,차대사람 - 차도통행중,안전운전불이행,포장 - 건조,맑음,단일로 - 기타,승용,남,46세,상해없음,보행자,여,73세,중상
7813,2018101400100264,2018년 10월 14일 15시,일요일,경기도 의정부시 의정부동,경상사고,0,0,1,0,차대사람 - 기타,안전운전불이행,포장 - 건조,맑음,교차로 - 교차로안,승용,남,36세,상해없음,보행자,남,18세,경상
7814,2018101400100277,2018년 10월 14일 16시,일요일,경기도 안양시 만안구 석수동,경상사고,0,0,1,0,차대사람 - 횡단중,안전운전불이행,포장 - 건조,맑음,단일로 - 기타,자전거,남,44세,상해없음,보행자,여,72세,경상
7815,2018101400100335,2018년 10월 14일 18시,일요일,경기도 수원시 권선구 세류동,중상사고,0,1,0,0,차대사람 - 기타,안전운전불이행,포장 - 건조,맑음,교차로 - 교차로안,승용,여,52세,상해없음,보행자,여,72세,중상
7816,2018101400100336,2018년 10월 14일 18시,일요일,경기도 수원시 권선구 세류동,경상사고,0,0,1,0,차대사람 - 기타,안전운전불이행,포장 - 건조,맑음,교차로 - 교차로부근,승용,남,45세,상해없음,보행자,여,52세,경상
7817,2018101400100368,2018년 10월 14일 18시,일요일,경기도 남양주시 화도읍,경상사고,0,0,1,0,차대사람 - 횡단중,안전운전불이행,포장 - 건조,맑음,교차로 - 교차로횡단보도내,기타불명,기타불명,미분류,기타불명,보행자,남,12세,경상
7818,2018101400100379,2018년 10월 14일 19시,일요일,경기도 부천시 소사본동,경상사고,0,0,1,0,차대사람 - 기타,안전운전불이행,포장 - 건조,맑음,단일로 - 기타,승용,남,34세,상해없음,보행자,남,47세,경상
7819,2018101400100409,2018년 10월 14일 20시,일요일,경기도 안산시 단원구 고잔동,중상사고,0,1,0,0,차대사람 - 횡단중,안전운전불이행,포장 - 건조,맑음,교차로 - 교차로부근,승용,남,62세,상해없음,보행자,남,62세,중상
7820,2018101400100411,2018년 10월 14일 20시,일요일,경기도 성남시 중원구 금광동,경상사고,0,0,1,0,차대사람 - 기타,안전운전불이행,포장 - 건조,맑음,단일로 - 기타,기타불명,기타불명,미분류,기타불명,보행자,남,46세,경상
7821,2018101400100412,2018년 10월 14일 20시,일요일,경기도 시흥시 신천동,중상사고,0,1,0,0,차대사람 - 기타,안전운전불이행,포장 - 건조,맑음,교차로 - 교차로안,승용,여,44세,상해없음,보행자,남,54세,중상
7822,2018101400100421,2018년 10월 14일 20시,일요일,경기도 고양시 일산동구 백석동,중상사고,0,1,0,0,차대사람 - 횡단중,신호위반,포장 - 건조,맑음,교차로 - 교차로횡단보도내,이륜,남,19세,상해없음,보행자,여,20세,중상
7823,2018101400100432,2018년 10월 14일 21시,일요일,경기도 성남시 중원구 금광동,경상사고,0,0,1,0,차대사람 - 기타,안전운전불이행,포장 - 건조,맑음,기타 - 기타,승용,남,47세,상해없음,보행자,남,31세,경상
7824,2018101500100004,2018년 10월 15일 00시,월요일,경기도 부천시 심곡본동,경상사고,0,0,1,0,차대사람 - 기타,안전운전불이행,포장 - 건조,맑음,교차로 - 교차로안,승용,남,51세,상해없음,보행자,남,52세,경상
7825,2018101500100062,2018년 10월 15일 07시,월요일,경기도 안산시 상록구 월피동,경상사고,0,0,1,0,차대사람 - 길가장자리구역통행중,안전운전불이행,포장 - 건조,맑음,단일로 - 기타,승용,남,29세,상해없음,보행자,여,16세,경상
7826,2018101500100076,2018년 10월 15일 07시,월요일,경기도 동두천시 생연동,경상사고,0,0,1,0,차대사람 - 길가장자리구역통행중,안전운전불이행,포장 - 건조,맑음,기타 - 기타,승용,남,73세,상해없음,보행자,여,39세,경상
7827,2018101500100087,2018년 10월 15일 08시,월요일,경기도 용인시 기흥구 중동,중상사고,0,1,0,0,차대사람 - 횡단중,안전운전불이행,포장 - 건조,맑음,기타 - 기타,승용,남,46세,상해없음,보행자,남,18세,중상
7828,2018101500100127,2018년 10월 15일 09시,월요일,경기도 용인시 기흥구 보라동,경상사고,0,0,1,0,차대사람 - 기타,안전운전불이행,포장 - 건조,맑음,교차로 - 교차로안,승합,남,59세,상해없음,보행자,남,90세 이상,경상
7829,2018101500100153,2018년 10월 15일 10시,월요일,경기도 안산시 상록구 본오동,경상사고,0,0,1,0,차대사람 - 횡단중,중앙선침범,포장 - 건조,맑음,교차로 - 교차로횡단보도내,승용,남,48세,상해없음,보행자,여,36세,경상
7830,2018101500100172,2018년 10월 15일 10시,월요일,경기도 고양시 덕양구 관산동,경상사고,0,0,1,0,차대사람 - 길가장자리구역통행중,안전운전불이행,포장 - 건조,맑음,단일로 - 기타,화물,남,54세,상해없음,보행자,여,75세,경상
7831,2018101500100211,2018년 10월 15일 12시,월요일,경기도 수원시 권선구 평동,경상사고,0,0,1,0,차대사람 - 기타,안전운전불이행,포장 - 건조,맑음,단일로 - 기타,승용,여,63세,상해없음,보행자,남,56세,경상
7832,2018101500100238,2018년 10월 15일 13시,월요일,경기도 광명시 소하동,경상사고,0,0,1,0,차대사람 - 보도통행중,안전운전불이행,포장 - 건조,맑음,단일로 - 기타,기타불명,기타불명,미분류,기타불명,보행자,여,63세,경상
7833,2018101500100273,2018년 10월 15일 14시,월요일,경기도 용인시 수지구 풍덕천동,경상사고,0,0,1,0,차대사람 - 횡단중,보행자보호의무위반,포장 - 건조,맑음,교차로 - 교차로안,승용,남,67세,상해없음,보행자,여,55세,경상
7834,2018101500100344,2018년 10월 15일 16시,월요일,경기도 광주시 송정동,경상사고,0,0,1,0,차대사람 - 기타,안전운전불이행,포장 - 건조,맑음,단일로 - 기타,승용,남,54세,상해없음,보행자,여,16세,경상
7835,2018101500100376,2018년 10월 15일 17시,월요일,경기도 수원시 장안구 파장동,경상사고,0,0,1,0,차대사람 - 기타,보행자보호의무위반,포장 - 건조,맑음,교차로 - 교차로안,승용,여,53세,기타불명,보행자,여,27세,경상