,사고번호,사고일시,요일,시군구,사고내용,사망자수,중상자수,경상자수,부상신고자수,사고유형,법규위반,노면상태,기상상태,도로형태,가해운전자 차종,가해운전자 성별,가해운전자 연령,가해운전자 상해정도,피해운전자 차종,피해운전자 성별,피해운전자 연령,피해운전자 상해정도
7836,2018101500100377,2018년 10월 15일 17시,월요일,경기도 용인시 기흥구 신갈동,경상사고,0,0,1,0,차대사람 - 기타,안전운전불이행,포장 - 건조,맑음,교차로 - 교차로부근,승용,여,29세,상해없음,보행자,남,58세,경상
7837,2018101500100383,2018년 10월 15일 17시,월요일,경기도 수원시 영통구 영통동,경상사고,0,0,1,0,차대사람 - 기타,안전운전불이행,포장 - 건조,맑음,단일로 - 기타,승합,남,73세,상해없음,보행자,남,9세,경상
7838,2018101500100422,2018년 10월 15일 18시,월요일,경기도 평택시 신장동,경상사고,0,0,1,0,차대사람 - 차도통행중,안전운전불이행,포장 - 건조,맑음,교차로 - 교차로부근,승용,남,61세,상해없음,보행자,남,58세,경상
7839,2018101500100459,2018년 10월 15일 18시,월요일,경기도 의정부시 호원동,경상사고,0,0,1,0,차대사람 - 길가장자리구역통행중,안전운전불이행,포장 - 건조,맑음,단일로 - 기타,승용,여,50세,상해없음,보행자,여,6세,경상
7840,2018101500100477,2018년 10월 15일 19시,월요일,경기도 성남시 분당구 정자동,경상사고,0,0,1,0,차대사람 - 기타,보행자보호의무위반,포장 - 건조,맑음,단일로 - 기타,승용,남,33세,상해없음,보행자,남,32세,경상
7841,2018101500100508,2018년 10월 15일 19시,월요일,경기도 포천시 소흘읍,중상사고,0,1,0,0,차대사람 - 기타,보행자보호의무위반,포장 - 건조,맑음,단일로 - 기타,승용,여,48세,상해없음,보행자,여,29세,중상
7842,2018101500100541,2018년 10월 15일 21시,월요일,경기도 김포시 장기동,경상사고,0,0,2,0,차대사람 - 기타,보행자보호의무위반,포장 - 건조,맑음,교차로 - 교차로안,승용,여,78세,경상,보행자,남,27세,경상
7843,2018101500100543,2018년 10월 15일 21시,월요일,경기도 안산시 단원구 원곡동,중상사고,0,1,0,0,차대사람 - 횡단중,안전운전불이행,포장 - 건조,맑음,단일로 - 기타,승용,남,49세,상해없음,보행자,여,32세,중상
7844,2018101500100565,2018년 10월 15일 22시,월요일,경기도 김포시 사우동,중상사고,0,1,0,0,차대사람 - 기타,보행자보호의무위반,포장 - 건조,맑음,교차로 - 교차로안,승용,여,42세,상해없음,보행자,남,41세,중상
7845,2018101500100579,2018년 10월 15일 22시,월요일,경기도 구리시 갈매동,중상사고,0,1,0,0,차대사람 - 횡단중,신호위반,포장 - 건조,맑음,교차로 - 교차로횡단보도내,승용,남,30세,상해없음,보행자,여,68세,중상
7846,2018101500100580,2018년 10월 15일 22시,월요일,경기도 고양시 일산서구 일산동,중상사고,0,1,0,0,차대사람 - 보도통행중,안전운전불이행,포장 - 건조,맑음,단일로 - 기타,자전거,남,18세,상해없음,보행자,남,26세,중상
7847,2018101600100019,2018년 10월 16일 01시,화요일,경기도 부천시 소사본동,중상사고,0,1,0,0,차대사람 - 기타,신호위반,포장 - 건조,맑음,교차로 - 교차로안,승용,남,47세,상해없음,보행자,남,56세,중상
7848,2018101600100020,2018년 10월 16일 01시,화요일,경기도 안산시 상록구 본오동,경상사고,0,0,1,0,차대사람 - 횡단중,신호위반,포장 - 건조,맑음,교차로 - 교차로안,승용,남,40세,상해없음,보행자,남,17세,경상
7849,2018101600100027,2018년 10월 16일 02시,화요일,경기도 시흥시 정왕동,경상사고,0,0,1,0,차대사람 - 기타,안전운전불이행,포장 - 건조,맑음,단일로 - 기타,승용,남,43세,상해없음,보행자,남,21세,경상
7850,2018101600100052,2018년 10월 16일 05시,화요일,경기도 의정부시 의정부동,중상사고,0,1,0,0,차대사람 - 횡단중,신호위반,포장 - 건조,맑음,교차로 - 교차로횡단보도내,승용,남,57세,상해없음,보행자,남,21세,중상
7851,2018101600100064,2018년 10월 16일 07시,화요일,경기도 안산시 단원구 선부동,경상사고,0,0,1,0,차대사람 - 길가장자리구역통행중,안전운전불이행,포장 - 건조,맑음,단일로 - 기타,승합,남,52세,상해없음,보행자,남,13세,경상
7852,2018101600100088,2018년 10월 16일 08시,화요일,경기도 수원시 장안구 연무동,경상사고,0,0,1,0,차대사람 - 길가장자리구역통행중,안전운전불이행,포장 - 건조,맑음,단일로 - 기타,승용,여,60세,상해없음,보행자,여,19세,경상
7853,2018101600100118,2018년 10월 16일 08시,화요일,경기도 양주시 광사동,경상사고,0,0,1,0,차대사람 - 기타,안전운전불이행,포장 - 건조,맑음,단일로 - 기타,승합,여,53세,기타불명,보행자,여,77세,경상
7854,2018101600100119,2018년 10월 16일 08시,화요일,경기도 고양시 일산서구 대화동,경상사고,0,0,1,0,차대사람 - 차도통행중,기타,포장 - 건조,맑음,단일로 - 기타,승용,남,31세,상해없음,보행자,여,26세,경상
7855,2018101600100121,2018년 10월 16일 09시,화요일,경기도 수원시 장안구 정자동,경상사고,0,0,1,0,차대사람 - 횡단중,안전운전불이행,포장 - 건조,맑음,교차로 - 교차로부근,승용,여,75세,상해없음,보행자,남,33세,경상
7856,2018101600100124,2018년 10월 16일 09시,화요일,경기도 김포시 고촌읍,경상사고,0,0,1,0,차대사람 - 기타,안전운전불이행,포장 - 건조,맑음,단일로 - 기타,승용,남,58세,기타불명,보행자,남,37세,경상
7857,2018101600100125,2018년 10월 16일 09시,화요일,경기도 부천시 원미동,경상사고,0,0,1,0,차대사람 - 기타,안전운전불이행,포장 - 건조,맑음,단일로 - 기타,승용,남,21세,상해없음,보행자,여,65세,경상
7858,2018101600100128,2018년 10월 16일 09시,화요일,경기도 용인시 수지구 풍덕천동,부상신고사고,0,0,0,1,차대사람 - 기타,안전운전불이행,포장 - 건조,맑음,단일로 - 기타,승용,남,54세,상해없음,보행자,남,26세,부상신고
7859,2018101600100247,2018년 10월 16일 13시,화요일,경기도 부천시 약대동,중상사고,0,1,0,0,차대사람 - 횡단중,기타,포장 - 건조,맑음,단일로 - 기타,화물,남,53세,상해없음,보행자,여,70세,중상
7860,2018101600100248,2018년 10월 16일 13시,화요일,경기도 수원시 권선구 권선동,경상사고,0,0,1,0,차대사람 - 기타,안전운전불이행,포장 - 건조,맑음,교차로 - 교차로안,승용,남,26세,상해없음,보행자,여,53세,경상
7861,2018101600100301,2018년 10월 16일 14시,화요일,경기도 가평군 청평면,경상사고,0,0,1,0,차대사람 - 기타,안전운전불이행,포장 - 건조,맑음,주차장 - 주차장,승용,남,75세,상해없음,보행자,여,69세,경상
7862,2018101600100309,2018년 10월 16일 15시,화요일,경기도 안성시 공도읍,사망사고,1,0,0,0,차대사람 - 차도통행중,안전운전불이행,포장 - 건조,맑음,교차로 - 교차로부근,승합,여,43세,상해없음,보행자,남,47세,사망
7863,2018101600100312,2018년 10월 16일 15시,화요일,경기도 수원시 권선구 세류동,경상사고,0,0,1,0,차대사람 - 차도통행중,안전운전불이행,포장 - 건조,맑음,교차로 - 교차로안,승용,남,68세,상해없음,보행자,남,10세,경상
7864,2018101600100348,2018년 10월 16일 16시,화요일,경기도 수원시 팔달구 우만동,중상사고,0,1,0,0,차대사람 - 기타,안전운전불이행,포장 - 건조,맑음,단일로 - 기타,승합,남,37세,상해없음,보행자,남,46세,중상
7865,2018101600100349,2018년 10월 16일 16시,화요일,경기도 수원시 장안구 연무동,경상사고,0,0,1,0,차대사람 - 횡단중,안전운전불이행,포장 - 건조,맑음,단일로 - 기타,승용,남,67세,상해없음,보행자,여,33세,경상
7866,2018101600100351,2018년 10월 16일 16시,화요일,경기도 광주시 오포읍,경상사고,0,0,1,0,차대사람 - 횡단중,안전운전불이행,포장 - 건조,맑음,단일로 - 기타,승용,남,54세,기타불명,보행자,여,10세,경상
7867,2018101600100355,2018년 10월 16일 16시,화요일,경기도 수원시 권선구 고색동,중상사고,0,1,0,0,차대사람 - 횡단중,안전운전불이행,포장 - 건조,맑음,단일로 - 기타,승용,여,57세,상해없음,보행자,남,87세,중상
7868,2018101600100379,2018년 10월 16일 16시,화요일,경기도 양주시 고암동,중상사고,0,1,0,0,차대사람 - 기타,안전운전불이행,포장 - 건조,맑음,단일로 - 기타,승합,남,22세,상해없음,보행자,여,78세,중상
7869,2018101600100391,2018년 10월 16일 17시,화요일,경기도 평택시 신대동,경상사고,0,0,1,0,차대사람 - 기타,안전운전불이행,포장 - 건조,맑음,단일로 - 기타,승용,여,65세,상해없음,보행자,여,38세,경상
7870,2018101600100394,2018년 10월 16일 17시,화요일,경기도 김포시 걸포동,중상사고,0,1,0,0,차대사람 - 횡단중,안전운전불이행,포장 - 건조,맑음,단일로 - 기타,승용,여,25세,기타불명,보행자,여,50세,중상
7871,2018101600100398,2018년 10월 16일 17시,화요일,경기도 안산시 상록구 사동,경상사고,0,0,1,0,차대사람 - 기타,기타,포장 - 건조,맑음,단일로 - 기타,승용,남,49세,상해없음,보행자,남,53세,경상
7872,2018101600100399,2018년 10월 16일 17시,화요일,경기도 수원시 권선구 탑동,경상사고,0,0,1,0,차대사람 - 기타,안전운전불이행,포장 - 건조,맑음,교차로 - 교차로안,승용,남,33세,상해없음,보행자,여,87세,경상
7873,2018101600100400,2018년 10월 16일 17시,화요일,경기도 의왕시 청계동,경상사고,0,0,1,0,차대사람 - 기타,안전운전불이행,포장 - 건조,맑음,단일로 - 기타,승용,남,51세,상해없음,보행자,남,47세,경상
7874,2018101600100437,2018년 10월 16일 18시,화요일,경기도 광주시 퇴촌면,사망사고,1,0,0,0,차대사람 - 횡단중,안전운전불이행,포장 - 건조,맑음,단일로 - 기타,승용,남,45세,상해없음,보행자,남,90세 이상,사망
7875,2018101600100438,2018년 10월 16일 18시,화요일,경기도 광주시 오포읍,경상사고,0,0,1,0,차대사람 - 기타,안전운전불이행,포장 - 건조,맑음,기타 - 기타,승용,여,47세,상해없음,보행자,여,66세,경상
7876,2018101600100444,2018년 10월 16일 18시,화요일,경기도 시흥시 논곡동,중상사고,0,1,0,0,차대사람 - 횡단중,안전운전불이행,포장 - 건조,맑음,단일로 - 기타,화물,남,50세,상해없음,보행자,남,67세,중상
7877,2018101600100502,2018년 10월 16일 19시,화요일,경기도 안양시 동안구 호계동,경상사고,0,0,1,0,차대사람 - 횡단중,안전운전불이행,포장 - 건조,맑음,교차로 - 교차로안,승용,남,52세,상해없음,보행자,남,36세,경상
7878,2018101600100533,2018년 10월 16일 19시,화요일,경기도 고양시 일산서구 일산동,중상사고,0,1,0,0,차대사람 - 횡단중,안전운전불이행,포장 - 건조,맑음,교차로 - 교차로안,승용,남,50세,상해없음,보행자,여,72세,중상
7879,2018101600100572,2018년 10월 16일 21시,화요일,경기도 수원시 권선구 권선동,중상사고,0,1,0,0,차대사람 - 횡단중,안전운전불이행,포장 - 건조,맑음,단일로 - 기타,승용,남,40세,상해없음,보행자,여,47세,중상
7880,2018101700100039,2018년 10월 17일 04시,수요일,경기도 포천시 이동면,중상사고,0,1,0,0,차대사람 - 기타,안전운전불이행,포장 - 건조,맑음,주차장 - 주차장,승합,남,71세,상해없음,보행자,남,59세,중상
7881,2018101700100053,2018년 10월 17일 06시,수요일,경기도 평택시 장당동,중상사고,0,1,1,0,차대사람 - 횡단중,보행자보호의무위반,포장 - 건조,맑음,교차로 - 교차로안,승용,여,36세,상해없음,보행자,여,49세,중상
7882,2018101700100130,2018년 10월 17일 09시,수요일,경기도 평택시 서정동,중상사고,0,1,0,0,차대사람 - 기타,안전운전불이행,포장 - 건조,맑음,단일로 - 기타,승합,남,44세,상해없음,보행자,남,77세,중상
7883,2018101700100263,2018년 10월 17일 13시,수요일,경기도 성남시 수정구 단대동,경상사고,0,0,1,0,차대사람 - 횡단중,안전운전불이행,포장 - 건조,맑음,교차로 - 교차로횡단보도내,승용,여,40세,상해없음,보행자,남,64세,경상
7884,2018101700100266,2018년 10월 17일 13시,수요일,경기도 용인시 처인구 김량장동,경상사고,0,0,1,0,차대사람 - 횡단중,보행자보호의무위반,포장 - 건조,맑음,교차로 - 교차로안,승용,여,59세,상해없음,보행자,남,29세,경상
7885,2018101700100273,2018년 10월 17일 13시,수요일,경기도 하남시 감북동,경상사고,0,0,1,0,차대사람 - 기타,안전운전불이행,포장 - 건조,맑음,교차로 - 교차로안,승용,남,80세,상해없음,보행자,남,65세,경상
7886,2018101700100302,2018년 10월 17일 13시,수요일,경기도 구리시 인창동,경상사고,0,0,1,0,차대사람 - 길가장자리구역통행중,안전운전불이행,포장 - 건조,흐림,교차로 - 교차로안,승용,여,50세,상해없음,보행자,남,36세,경상
7887,2018101700100311,2018년 10월 17일 14시,수요일,경기도 평택시 용이동,경상사고,0,0,1,0,차대사람 - 기타,기타,포장 - 건조,맑음,단일로 - 기타,기타불명,기타불명,미분류,기타불명,보행자,여,85세,경상
7888,2018101700100314,2018년 10월 17일 14시,수요일,경기도 용인시 처인구 이동읍,경상사고,0,0,1,0,차대사람 - 횡단중,안전운전불이행,포장 - 건조,맑음,교차로 - 교차로부근,승용,여,74세,상해없음,보행자,남,12세,경상
7889,2018101700100315,2018년 10월 17일 14시,수요일,경기도 용인시 처인구 이동읍,경상사고,0,0,1,0,차대사람 - 횡단중,안전운전불이행,포장 - 건조,맑음,기타 - 기타,승용,남,52세,상해없음,보행자,여,49세,경상
7890,2018101700100318,2018년 10월 17일 14시,수요일,경기도 오산시 금암동,중상사고,0,1,0,0,차대사람 - 기타,보행자보호의무위반,포장 - 건조,맑음,교차로 - 교차로횡단보도내,승용,여,36세,상해없음,보행자,남,9세,중상
7891,2018101700100321,2018년 10월 17일 14시,수요일,경기도 과천시 별양동,경상사고,0,0,1,0,차대사람 - 횡단중,보행자보호의무위반,포장 - 건조,맑음,단일로 - 기타,승용,여,53세,상해없음,보행자,여,81세,경상
7892,2018101700100323,2018년 10월 17일 14시,수요일,경기도 수원시 영통구 영통동,사망사고,1,0,0,0,차대사람 - 기타,안전운전불이행,포장 - 건조,맑음,단일로 - 기타,승합,남,47세,상해없음,보행자,남,90세 이상,사망
7893,2018101700100324,2018년 10월 17일 14시,수요일,경기도 수원시 권선구 권선동,경상사고,0,0,1,0,차대사람 - 횡단중,보행자보호의무위반,포장 - 건조,맑음,교차로 - 교차로횡단보도내,승용,남,58세,상해없음,보행자,여,62세,경상
7894,2018101700100402,2018년 10월 17일 16시,수요일,경기도 수원시 장안구 정자동,중상사고,0,1,0,0,차대사람 - 횡단중,신호위반,포장 - 건조,맑음,교차로 - 교차로횡단보도내,승용,남,62세,상해없음,보행자,여,66세,중상
7895,2018101700100403,2018년 10월 17일 16시,수요일,경기도 성남시 수정구 신흥동,중상사고,0,1,0,0,차대사람 - 길가장자리구역통행중,안전운전불이행,포장 - 건조,맑음,교차로 - 교차로안,화물,남,30세,상해없음,보행자,여,84세,중상
7896,2018101700100406,2018년 10월 17일 16시,수요일,경기도 김포시 북변동,중상사고,0,1,0,0,차대사람 - 차도통행중,안전운전불이행,포장 - 건조,맑음,교차로 - 교차로부근,승용,남,73세,상해없음,보행자,여,80세,중상
7897,2018101700100453,2018년 10월 17일 17시,수요일,경기도 안양시 동안구 관양동,경상사고,0,0,1,0,차대사람 - 차도통행중,안전운전불이행,포장 - 건조,맑음,교차로 - 교차로부근,승용,여,27세,상해없음,보행자,남,24세,경상
7898,2018101700100459,2018년 10월 17일 17시,수요일,경기도 화성시 남양읍,중상사고,0,1,0,0,차대사람 - 기타,안전운전불이행,포장 - 건조,맑음,단일로 - 기타,화물,남,50세,상해없음,보행자,여,4세,중상
7899,2018101700100482,2018년 10월 17일 17시,수요일,경기도 고양시 덕양구 화정동,경상사고,0,0,1,0,차대사람 - 횡단중,보행자보호의무위반,포장 - 건조,맑음,교차로 - 교차로안,승용,남,45세,상해없음,보행자,남,67세,경상
7900,2018101700100496,2018년 10월 17일 18시,수요일,경기도 여주시 가남읍,중상사고,0,1,0,0,차대사람 - 기타,안전운전불이행,포장 - 건조,맑음,교차로 - 교차로안,승용,여,47세,상해없음,보행자,남,57세,중상
7901,2018101700100497,2018년 10월 17일 18시,수요일,경기도 용인시 처인구 김량장동,경상사고,0,0,2,0,차대사람 - 횡단중,보행자보호의무위반,포장 - 건조,맑음,교차로 - 교차로횡단보도내,승용,남,42세,상해없음,보행자,여,37세,경상
7902,2018101700100571,2018년 10월 17일 19시,수요일,경기도 고양시 덕양구 행신동,경상사고,0,0,1,0,차대사람 - 횡단중,안전운전불이행,포장 - 건조,맑음,단일로 - 기타,화물,남,60세,상해없음,보행자,남,7세,경상
7903,2018101700100574,2018년 10월 17일 19시,수요일,경기도 고양시 일산서구 탄현동,중상사고,0,1,0,0,차대사람 - 기타,안전운전불이행,포장 - 건조,맑음,단일로 - 기타,승용,여,54세,상해없음,보행자,남,44세,중상
7904,2018101700100589,2018년 10월 17일 20시,수요일,경기도 과천시 주암동,중상사고,0,1,0,0,차대사람 - 차도통행중,안전운전불이행,포장 - 건조,맑음,교차로 - 교차로안,화물,남,74세,상해없음,보행자,여,56세,중상
7905,2018101700100591,2018년 10월 17일 20시,수요일,경기도 군포시 부곡동,경상사고,0,0,1,0,차대사람 - 기타,신호위반,포장 - 건조,맑음,교차로 - 교차로횡단보도내,승용,여,54세,상해없음,보행자,여,25세,경상
7906,2018101700100632,2018년 10월 17일 21시,수요일,경기도 구리시 교문동,경상사고,0,0,1,0,차대사람 - 기타,안전운전불이행,포장 - 건조,흐림,교차로 - 교차로안,승용,여,41세,상해없음,보행자,남,60세,경상
7907,2018101700100644,2018년 10월 17일 22시,수요일,경기도 수원시 권선구 세류동,중상사고,0,1,0,0,차대사람 - 기타,안전운전불이행,포장 - 건조,맑음,교차로 - 교차로안,승합,남,49세,상해없음,보행자,여,58세,중상
7908,2018101700100672,2018년 10월 17일 23시,수요일,경기도 고양시 덕양구 삼송동,중상사고,0,1,0,0,차대사람 - 길가장자리구역통행중,안전운전불이행,포장 - 건조,맑음,단일로 - 기타,승용,남,28세,상해없음,보행자,남,23세,중상
7909,2018101800100021,2018년 10월 18일 01시,목요일,경기도 성남시 수정구 신흥동,중상사고,0,1,0,0,차대사람 - 횡단중,안전운전불이행,포장 - 건조,맑음,단일로 - 기타,승용,남,60세,상해없음,보행자,남,67세,중상
7910,2018101800100049,2018년 10월 18일 06시,목요일,경기도 시흥시 대야동,경상사고,0,0,1,0,차대사람 - 횡단중,안전운전불이행,포장 - 건조,맑음,교차로 - 교차로안,승용,남,51세,상해없음,보행자,남,62세,경상
7911,2018101800100052,2018년 10월 18일 06시,목요일,경기도 수원시 팔달구 매산로1가,경상사고,0,0,1,0,차대사람 - 보도통행중,기타,포장 - 건조,맑음,기타 - 기타,이륜,남,45세,상해없음,보행자,여,33세,경상
7912,2018101800100068,2018년 10월 18일 07시,목요일,경기도 안성시 미양면,중상사고,0,1,0,0,차대사람 - 횡단중,보행자보호의무위반,포장 - 건조,맑음,교차로 - 교차로안,승용,남,33세,상해없음,보행자,남,61세,중상
7913,2018101800100099,2018년 10월 18일 08시,목요일,경기도 여주시 상동,중상사고,0,1,0,0,차대사람 - 기타,안전운전불이행,포장 - 건조,맑음,교차로 - 교차로안,승합,여,40세,상해없음,보행자,남,59세,중상
7914,2018101800100131,2018년 10월 18일 08시,목요일,경기도 의정부시 금오동,경상사고,0,0,1,0,차대사람 - 길가장자리구역통행중,안전운전불이행,포장 - 건조,맑음,단일로 - 기타,승용,남,66세,상해없음,보행자,여,36세,경상
7915,2018101800100156,2018년 10월 18일 09시,목요일,경기도 화성시 봉담읍,경상사고,0,0,1,0,차대사람 - 기타,보행자보호의무위반,포장 - 젖음/습기,비,교차로 - 교차로안,기타불명,기타불명,미분류,기타불명,보행자,여,20세,경상
7916,2018101800100193,2018년 10월 18일 10시,목요일,경기도 수원시 팔달구 매산로1가,경상사고,0,0,1,0,차대사람 - 기타,기타,포장 - 건조,맑음,단일로 - 기타,승합,남,56세,기타불명,보행자,남,75세,경상
7917,2018101800100220,2018년 10월 18일 11시,목요일,경기도 성남시 중원구 중앙동,중상사고,0,1,0,0,차대사람 - 차도통행중,안전운전불이행,포장 - 건조,맑음,단일로 - 기타,승용,남,69세,상해없음,보행자,여,78세,중상
7918,2018101800100242,2018년 10월 18일 11시,목요일,경기도 의정부시 민락동,중상사고,0,1,0,0,차대사람 - 기타,안전운전불이행,포장 - 건조,맑음,주차장 - 주차장,승용,남,28세,상해없음,보행자,여,86세,중상
7919,2018101800100298,2018년 10월 18일 14시,목요일,경기도 평택시 모곡동,중상사고,0,1,0,0,차대사람 - 기타,안전운전불이행,포장 - 건조,맑음,교차로 - 교차로안,화물,남,58세,상해없음,보행자,여,89세,중상
7920,2018101800100303,2018년 10월 18일 14시,목요일,경기도 안산시 상록구 일동,경상사고,0,0,1,0,차대사람 - 횡단중,보행자보호의무위반,포장 - 건조,맑음,교차로 - 교차로안,승용,여,51세,상해없음,보행자,여,71세,경상
7921,2018101800100304,2018년 10월 18일 14시,목요일,경기도 안양시 만안구 안양동,경상사고,0,0,1,0,차대사람 - 보도통행중,안전운전불이행,포장 - 건조,맑음,단일로 - 기타,승용,남,21세,상해없음,보행자,남,54세,경상
7922,2018101800100327,2018년 10월 18일 14시,목요일,경기도 포천시 신북면,중상사고,0,1,0,0,차대사람 - 기타,안전운전불이행,포장 - 건조,맑음,단일로 - 기타,건설기계,남,42세,상해없음,보행자,여,71세,중상
7923,2018101800100344,2018년 10월 18일 15시,목요일,경기도 수원시 권선구 금곡동,경상사고,0,0,1,0,차대사람 - 횡단중,안전운전불이행,포장 - 건조,맑음,단일로 - 기타,승용,여,57세,상해없음,보행자,여,9세,경상
7924,2018101800100374,2018년 10월 18일 15시,목요일,경기도 남양주시 평내동,중상사고,0,1,1,0,차대사람 - 보도통행중,안전운전불이행,포장 - 건조,맑음,단일로 - 기타,승용,남,59세,경상,보행자,여,72세,중상
7925,2018101800100375,2018년 10월 18일 15시,목요일,경기도 고양시 일산동구 중산동,경상사고,0,0,1,0,차대사람 - 횡단중,안전운전불이행,포장 - 건조,맑음,교차로 - 교차로횡단보도내,승합,남,62세,상해없음,보행자,남,12세,경상
7926,2018101800100390,2018년 10월 18일 16시,목요일,경기도 광명시 광명동,중상사고,0,1,0,0,차대사람 - 기타,안전운전불이행,포장 - 건조,맑음,단일로 - 기타,승용,남,72세,상해없음,보행자,여,65세,중상
7927,2018101800100395,2018년 10월 18일 16시,목요일,경기도 안산시 상록구 월피동,경상사고,0,0,1,0,차대사람 - 길가장자리구역통행중,안전운전불이행,포장 - 건조,맑음,단일로 - 기타,승용,여,44세,상해없음,보행자,남,62세,경상
7928,2018101800100417,2018년 10월 18일 16시,목요일,경기도 남양주시 수동면,중상사고,0,1,0,0,차대사람 - 기타,신호위반,포장 - 건조,맑음,단일로 - 기타,승용,남,27세,상해없음,보행자,여,12세,중상
7929,2018101800100432,2018년 10월 18일 17시,목요일,경기도 수원시 팔달구 남수동,경상사고,0,0,1,0,차대사람 - 기타,보행자보호의무위반,비포장 - 젖음/습기,비,교차로 - 교차로안,화물,남,51세,상해없음,보행자,남,17세,경상
7930,2018101800100433,2018년 10월 18일 17시,목요일,경기도 안성시 일죽면,중상사고,0,1,0,0,차대사람 - 횡단중,안전운전불이행,포장 - 젖음/습기,흐림,단일로 - 기타,화물,남,56세,상해없음,보행자,남,35세,중상
7931,2018101800100436,2018년 10월 18일 17시,목요일,경기도 용인시 기흥구 고매동,경상사고,0,0,1,0,차대사람 - 기타,안전운전불이행,비포장 - 젖음/습기,비,단일로 - 기타,승용,남,51세,상해없음,보행자,남,34세,경상
7932,2018101800100438,2018년 10월 18일 17시,목요일,경기도 수원시 영통구 원천동,중상사고,0,1,0,0,차대사람 - 기타,안전운전불이행,포장 - 건조,맑음,단일로 - 기타,승용,여,52세,상해없음,보행자,여,16세,중상
7933,2018101800100456,2018년 10월 18일 17시,목요일,경기도 고양시 덕양구 내유동,중상사고,0,1,0,0,차대사람 - 횡단중,신호위반,포장 - 건조,맑음,교차로 - 교차로횡단보도내,승용,남,68세,상해없음,보행자,여,67세,중상
7934,2018101800100479,2018년 10월 18일 18시,목요일,경기도 평택시 팽성읍,중상사고,0,1,0,0,차대사람 - 횡단중,안전운전불이행,포장 - 건조,맑음,단일로 - 기타,승용,남,53세,상해없음,보행자,여,75세,중상
7935,2018101800100482,2018년 10월 18일 18시,목요일,경기도 안산시 단원구 대부북동,중상사고,0,1,0,0,차대사람 - 기타,안전운전불이행,포장 - 젖음/습기,비,단일로 - 기타,승용,남,50세,상해없음,보행자,여,60세,중상
7936,2018101800100524,2018년 10월 18일 18시,목요일,경기도 연천군 전곡읍,사망사고,1,0,0,0,차대사람 - 횡단중,안전운전불이행,포장 - 건조,맑음,교차로 - 교차로안,승용,남,62세,상해없음,보행자,남,70세,사망
7937,2018101800100549,2018년 10월 18일 19시,목요일,경기도 화성시 봉담읍,중상사고,0,1,1,0,차대사람 - 횡단중,안전운전불이행,포장 - 건조,맑음,교차로 - 교차로안,승용,남,50세,상해없음,보행자,남,23세,중상
7938,2018101800100552,2018년 10월 18일 19시,목요일,경기도 용인시 기흥구 보정동,부상신고사고,0,0,0,1,차대사람 - 기타,안전운전불이행,포장 - 건조,맑음,단일로 - 기타,승용,여,47세,상해없음,보행자,여,67세,부상신고
7939,2018101800100579,2018년 10월 18일 19시,목요일,경기도 양주시 덕계동,경상사고,0,0,1,0,차대사람 - 기타,안전운전불이행,포장 - 건조,맑음,주차장 - 주차장,승용,여,57세,상해없음,보행자,여,58세,경상
7940,2018101800100580,2018년 10월 18일 19시,목요일,경기도 양주시 덕계동,경상사고,0,0,1,0,차대사람 - 횡단중,안전운전불이행,포장 - 건조,맑음,단일로 - 기타,승합,남,49세,상해없음,보행자,여,52세,경상
7941,2018101800100581,2018년 10월 18일 19시,목요일,경기도 고양시 일산서구 대화동,경상사고,0,0,1,0,차대사람 - 횡단중,기타,포장 - 건조,맑음,단일로 - 기타,승합,남,63세,상해없음,보행자,남,62세,경상
7942,2018101800100595,2018년 10월 18일 20시,목요일,경기도 평택시 장당동,중상사고,0,1,2,0,차대사람 - 기타,안전운전불이행,포장 - 건조,맑음,교차로 - 교차로안,승용,남,27세,상해없음,보행자,여,26세,경상
7943,2018101800100660,2018년 10월 18일 22시,목요일,경기도 수원시 장안구 천천동,경상사고,0,0,1,0,차대사람 - 횡단중,안전운전불이행,포장 - 건조,맑음,단일로 - 기타,승용,여,27세,상해없음,보행자,남,41세,경상
7944,2018101800100661,2018년 10월 18일 22시,목요일,경기도 용인시 처인구 역북동,경상사고,0,0,1,0,차대사람 - 횡단중,신호위반,포장 - 건조,맑음,단일로 - 기타,이륜,남,27세,상해없음,보행자,남,33세,경상
7945,2018101800100662,2018년 10월 18일 22시,목요일,경기도 화성시 기산동,경상사고,0,0,1,0,차대사람 - 횡단중,안전운전불이행,포장 - 건조,맑음,단일로 - 기타,승용,남,48세,상해없음,보행자,남,48세,경상
7946,2018101800100664,2018년 10월 18일 22시,목요일,경기도 부천시 중동,중상사고,0,1,0,0,차대사람 - 횡단중,안전운전불이행,포장 - 건조,맑음,교차로 - 교차로안,이륜,남,24세,상해없음,보행자,여,77세,중상
7947,2018101800100681,2018년 10월 18일 22시,목요일,경기도 고양시 일산서구 일산동,경상사고,0,0,1,0,차대사람 - 횡단중,안전운전불이행,포장 - 건조,맑음,단일로 - 기타,승합,남,62세,상해없음,보행자,여,34세,경상