,사고번호,사고일시,요일,시군구,사고내용,사망자수,중상자수,경상자수,부상신고자수,사고유형,법규위반,노면상태,기상상태,도로형태,가해운전자 차종,가해운전자 성별,가해운전자 연령,가해운전자 상해정도,피해운전자 차종,피해운전자 성별,피해운전자 연령,피해운전자 상해정도
7948,2018101800100688,2018년 10월 18일 23시,목요일,경기도 수원시 장안구 영화동,경상사고,0,0,1,0,차대사람 - 기타,불법유턴,포장 - 건조,맑음,교차로 - 교차로안,화물,남,44세,상해없음,보행자,남,50세,경상
7949,2018101800100689,2018년 10월 18일 23시,목요일,경기도 성남시 분당구 분당동,중상사고,0,1,0,0,차대사람 - 기타,안전운전불이행,포장 - 건조,맑음,기타 - 기타,자전거,남,17세,상해없음,보행자,여,49세,중상
7950,2018101800100690,2018년 10월 18일 23시,목요일,경기도 시흥시 신천동,중상사고,0,1,0,0,차대사람 - 기타,안전운전불이행,포장 - 건조,맑음,단일로 - 기타,기타불명,기타불명,미분류,기타불명,보행자,남,62세,중상
7951,2018101900100024,2018년 10월 19일 01시,금요일,경기도 수원시 장안구 조원동,경상사고,0,0,1,0,차대사람 - 횡단중,안전운전불이행,포장 - 건조,맑음,단일로 - 기타,이륜,남,18세,상해없음,보행자,남,53세,경상
7952,2018101900100026,2018년 10월 19일 01시,금요일,경기도 수원시 팔달구 인계동,경상사고,0,0,1,0,차대사람 - 길가장자리구역통행중,안전운전불이행,포장 - 건조,맑음,단일로 - 기타,승용,남,22세,상해없음,보행자,남,50세,경상
7953,2018101900100072,2018년 10월 19일 06시,금요일,경기도 구리시 수택동,경상사고,0,0,1,0,차대사람 - 기타,안전운전불이행,포장 - 건조,맑음,교차로 - 교차로부근,승용,남,27세,상해없음,보행자,남,54세,경상
7954,2018101900100082,2018년 10월 19일 07시,금요일,경기도 김포시 통진읍,중상사고,0,1,0,0,차대사람 - 기타,교차로운행방법위반,포장 - 건조,맑음,교차로 - 교차로안,승합,남,48세,상해없음,보행자,여,68세,중상
7955,2018101900100086,2018년 10월 19일 07시,금요일,경기도 용인시 수지구 상현동,경상사고,0,0,1,0,차대사람 - 횡단중,신호위반,포장 - 건조,맑음,교차로 - 교차로안,승용,남,50세,상해없음,보행자,남,39세,경상
7956,2018101900100162,2018년 10월 19일 09시,금요일,경기도 평택시 지산동,중상사고,0,1,0,0,차대사람 - 횡단중,보행자보호의무위반,포장 - 건조,맑음,교차로 - 교차로횡단보도내,승용,남,34세,상해없음,보행자,여,59세,중상
7957,2018101900100163,2018년 10월 19일 09시,금요일,경기도 평택시 비전동,경상사고,0,0,1,0,차대사람 - 횡단중,보행자보호의무위반,포장 - 건조,맑음,교차로 - 교차로횡단보도내,승합,남,71세,상해없음,보행자,여,19세,경상
7958,2018101900100164,2018년 10월 19일 09시,금요일,경기도 용인시 처인구 김량장동,경상사고,0,0,1,0,차대사람 - 기타,안전운전불이행,포장 - 건조,맑음,교차로 - 교차로안,승합,남,74세,상해없음,보행자,여,19세,경상
7959,2018101900100199,2018년 10월 19일 10시,금요일,경기도 군포시 산본동,중상사고,0,1,0,0,차대사람 - 횡단중,보행자보호의무위반,포장 - 건조,맑음,교차로 - 교차로안,승용,남,80세,상해없음,보행자,남,17세,중상
7960,2018101900100278,2018년 10월 19일 11시,금요일,경기도 포천시 소흘읍,경상사고,0,0,1,0,차대사람 - 기타,안전운전불이행,포장 - 건조,맑음,단일로 - 기타,승용,남,36세,상해없음,보행자,남,29세,경상
7961,2018101900100293,2018년 10월 19일 12시,금요일,경기도 양평군 양서면,경상사고,0,0,1,0,차대사람 - 횡단중,보행자보호의무위반,포장 - 건조,맑음,교차로 - 교차로횡단보도내,승용,남,74세,상해없음,보행자,남,52세,경상
7962,2018101900100295,2018년 10월 19일 12시,금요일,경기도 과천시 주암동,중상사고,0,1,0,0,차대사람 - 기타,안전운전불이행,포장 - 건조,맑음,단일로 - 기타,승용,남,48세,상해없음,보행자,여,66세,중상
7963,2018101900100299,2018년 10월 19일 12시,금요일,경기도 안양시 만안구 안양동,중상사고,0,1,0,0,차대사람 - 횡단중,보행자보호의무위반,포장 - 건조,맑음,교차로 - 교차로안,이륜,남,18세,상해없음,보행자,여,41세,중상
7964,2018101900100371,2018년 10월 19일 14시,금요일,경기도 화성시 정남면,경상사고,0,0,1,0,차대사람 - 기타,안전운전불이행,포장 - 건조,맑음,교차로 - 교차로안,화물,남,53세,상해없음,보행자,여,86세,경상
7965,2018101900100445,2018년 10월 19일 15시,금요일,경기도 고양시 덕양구 관산동,경상사고,0,0,1,0,차대사람 - 길가장자리구역통행중,안전운전불이행,포장 - 건조,맑음,단일로 - 기타,승용,남,60세,상해없음,보행자,남,49세,경상
7966,2018101900100447,2018년 10월 19일 15시,금요일,경기도 남양주시 와부읍,중상사고,0,1,0,0,차대사람 - 횡단중,안전운전불이행,포장 - 건조,맑음,단일로 - 기타,승용,여,37세,상해없음,보행자,여,65세,중상
7967,2018101900100492,2018년 10월 19일 16시,금요일,경기도 의정부시 호원동,부상신고사고,0,0,0,1,차대사람 - 기타,기타,포장 - 건조,맑음,단일로 - 기타,승용,남,59세,상해없음,보행자,여,9세,부상신고
7968,2018101900100573,2018년 10월 19일 18시,금요일,경기도 부천시 심곡동,경상사고,0,0,1,0,차대사람 - 횡단중,안전운전불이행,포장 - 건조,맑음,기타 - 기타,자전거,남,73세,상해없음,보행자,남,54세,경상
7969,2018101900100575,2018년 10월 19일 18시,금요일,경기도 수원시 영통구 망포동,경상사고,0,0,1,0,차대사람 - 횡단중,안전운전불이행,포장 - 건조,맑음,교차로 - 교차로안,승용,여,55세,상해없음,보행자,남,42세,경상
7970,2018101900100578,2018년 10월 19일 18시,금요일,경기도 안산시 상록구 사동,중상사고,0,1,0,0,차대사람 - 횡단중,안전운전불이행,포장 - 건조,맑음,단일로 - 기타,화물,남,28세,상해없음,보행자,여,7세,중상
7971,2018101900100674,2018년 10월 19일 19시,금요일,경기도 시흥시 목감동,경상사고,0,0,1,0,차대사람 - 기타,안전운전불이행,포장 - 건조,맑음,기타 - 기타,승용,남,40세,상해없음,보행자,남,50세,경상
7972,2018101900100697,2018년 10월 19일 20시,금요일,경기도 성남시 분당구 야탑동,경상사고,0,0,1,0,차대사람 - 보도통행중,안전운전불이행,포장 - 건조,맑음,단일로 - 기타,승용,남,43세,상해없음,보행자,남,32세,경상
7973,2018101900100734,2018년 10월 19일 21시,금요일,경기도 부천시 심곡동,경상사고,0,0,1,0,차대사람 - 차도통행중,안전운전불이행,포장 - 건조,맑음,단일로 - 기타,승합,남,49세,상해없음,보행자,남,49세,경상
7974,2018101900100765,2018년 10월 19일 22시,금요일,경기도 성남시 중원구 성남동,부상신고사고,0,0,0,1,차대사람 - 기타,안전운전불이행,포장 - 건조,맑음,단일로 - 기타,승용,여,24세,상해없음,보행자,남,30세,부상신고
7975,2018101900100766,2018년 10월 19일 22시,금요일,경기도 시흥시 정왕동,경상사고,0,0,1,0,차대사람 - 횡단중,신호위반,포장 - 건조,맑음,교차로 - 교차로횡단보도내,승합,남,60세,상해없음,보행자,여,19세,경상
7976,2018101900100789,2018년 10월 19일 23시,금요일,경기도 용인시 처인구 양지면,중상사고,0,1,0,0,차대사람 - 횡단중,안전운전불이행,포장 - 건조,맑음,교차로 - 교차로부근,승용,남,49세,상해없음,보행자,남,46세,중상
7977,2018102000100003,2018년 10월 20일 00시,토요일,경기도 안양시 동안구 관양동,경상사고,0,0,1,0,차대사람 - 기타,안전운전불이행,포장 - 건조,맑음,단일로 - 기타,승용,남,27세,상해없음,보행자,남,43세,경상
7978,2018102000100005,2018년 10월 20일 00시,토요일,경기도 부천시 중동,사망사고,1,1,0,0,차대사람 - 횡단중,신호위반,포장 - 건조,맑음,교차로 - 교차로횡단보도내,승용,남,68세,상해없음,보행자,여,61세,사망
7979,2018102000100014,2018년 10월 20일 00시,토요일,경기도 남양주시 금곡동,중상사고,0,1,0,0,차대사람 - 횡단중,신호위반,포장 - 건조,맑음,교차로 - 교차로횡단보도내,화물,남,67세,상해없음,보행자,여,51세,중상
7980,2018102000100015,2018년 10월 20일 00시,토요일,경기도 가평군 설악면,중상사고,0,1,0,0,차대사람 - 차도통행중,안전운전불이행,포장 - 건조,맑음,단일로 - 기타,승용,남,53세,상해없음,보행자,남,67세,중상
7981,2018102000100031,2018년 10월 20일 02시,토요일,경기도 광주시 탄벌동,경상사고,0,0,1,0,차대사람 - 기타,안전운전불이행,포장 - 건조,맑음,단일로 - 기타,화물,남,31세,상해없음,보행자,남,35세,경상
7982,2018102000100099,2018년 10월 20일 06시,토요일,경기도 평택시 비전동,중상사고,0,1,0,0,차대사람 - 차도통행중,안전운전불이행,포장 - 건조,맑음,단일로 - 기타,승합,남,61세,상해없음,보행자,남,24세,중상
7983,2018102000100140,2018년 10월 20일 08시,토요일,경기도 수원시 팔달구 팔달로1가,중상사고,0,1,0,0,차대사람 - 횡단중,안전운전불이행,포장 - 건조,맑음,단일로 - 기타,승용,여,53세,상해없음,보행자,여,77세,중상
7984,2018102000100142,2018년 10월 20일 08시,토요일,경기도 평택시 팽성읍,경상사고,0,0,1,0,차대사람 - 기타,안전운전불이행,포장 - 건조,맑음,기타 - 기타,승용,남,29세,상해없음,보행자,여,73세,경상
7985,2018102000100167,2018년 10월 20일 09시,토요일,경기도 평택시 지산동,중상사고,0,1,0,0,차대사람 - 기타,안전운전불이행,포장 - 건조,맑음,교차로 - 교차로부근,승합,남,52세,상해없음,보행자,여,74세,중상
7986,2018102000100171,2018년 10월 20일 09시,토요일,경기도 광명시 철산동,부상신고사고,0,0,0,1,차대사람 - 차도통행중,안전운전불이행,포장 - 건조,맑음,단일로 - 기타,승용,남,73세,상해없음,보행자,여,28세,부상신고
7987,2018102000100211,2018년 10월 20일 10시,토요일,경기도 광명시 철산동,경상사고,0,0,1,0,차대사람 - 횡단중,안전운전불이행,포장 - 건조,맑음,단일로 - 기타,자전거,남,56세,상해없음,보행자,남,68세,경상
7988,2018102000100215,2018년 10월 20일 10시,토요일,경기도 화성시 송산면,중상사고,0,1,0,0,차대사람 - 기타,안전운전불이행,포장 - 건조,맑음,교차로 - 교차로부근,승용,여,56세,상해없음,보행자,남,3세,중상
7989,2018102000100239,2018년 10월 20일 10시,토요일,경기도 파주시 야당동,경상사고,0,0,1,0,차대사람 - 기타,안전운전불이행,포장 - 건조,맑음,단일로 - 기타,화물,남,52세,상해없음,보행자,여,20세,경상
7990,2018102000100249,2018년 10월 20일 11시,토요일,경기도 성남시 수정구 복정동,부상신고사고,0,0,0,1,차대사람 - 횡단중,안전운전불이행,포장 - 건조,맑음,단일로 - 기타,승용,여,53세,상해없음,보행자,남,7세,부상신고
7991,2018102000100286,2018년 10월 20일 12시,토요일,경기도 광명시 철산동,부상신고사고,0,0,0,1,차대사람 - 기타,안전운전불이행,포장 - 건조,맑음,단일로 - 기타,화물,남,28세,기타불명,보행자,여,39세,부상신고
7992,2018102000100334,2018년 10월 20일 13시,토요일,경기도 성남시 분당구 야탑동,경상사고,0,0,1,0,차대사람 - 횡단중,보행자보호의무위반,포장 - 건조,맑음,교차로 - 교차로횡단보도내,승용,여,71세,상해없음,보행자,남,5세,경상
7993,2018102000100377,2018년 10월 20일 14시,토요일,경기도 안산시 단원구 원곡동,중상사고,0,1,0,0,차대사람 - 기타,안전운전불이행,포장 - 건조,맑음,기타 - 기타,승용,남,31세,상해없음,보행자,여,74세,중상
7994,2018102000100380,2018년 10월 20일 14시,토요일,경기도 시흥시 정왕동,경상사고,0,0,1,0,차대사람 - 기타,안전운전불이행,포장 - 건조,맑음,교차로 - 교차로부근,이륜,남,28세,상해없음,보행자,여,57세,경상
7995,2018102000100468,2018년 10월 20일 16시,토요일,경기도 안산시 단원구 고잔동,중상사고,0,1,0,0,차대사람 - 횡단중,보행자보호의무위반,포장 - 건조,맑음,교차로 - 교차로횡단보도내,승용,남,61세,상해없음,보행자,여,59세,중상
7996,2018102000100471,2018년 10월 20일 16시,토요일,경기도 군포시 당정동,경상사고,0,0,1,0,차대사람 - 기타,안전운전불이행,포장 - 기타,맑음,기타 - 기타,승용,여,54세,상해없음,보행자,남,73세,경상
7997,2018102000100546,2018년 10월 20일 17시,토요일,경기도 포천시 일동면,중상사고,0,1,0,0,차대사람 - 차도통행중,신호위반,포장 - 건조,맑음,교차로 - 교차로안,승용,남,56세,상해없음,보행자,여,79세,중상
7998,2018102000100563,2018년 10월 20일 18시,토요일,경기도 용인시 기흥구 구갈동,경상사고,0,0,1,0,차대사람 - 차도통행중,안전운전불이행,포장 - 건조,맑음,교차로 - 교차로안,승용,여,42세,상해없음,보행자,여,25세,경상
7999,2018102000100565,2018년 10월 20일 18시,토요일,경기도 군포시 산본동,경상사고,0,0,1,0,차대사람 - 횡단중,보행자보호의무위반,포장 - 건조,맑음,교차로 - 교차로부근,승용,남,39세,상해없음,보행자,여,50세,경상
8000,2018102000100640,2018년 10월 20일 19시,토요일,경기도 김포시 북변동,경상사고,0,0,1,0,차대사람 - 횡단중,보행자보호의무위반,포장 - 건조,맑음,교차로 - 교차로횡단보도내,승용,여,27세,상해없음,보행자,남,53세,경상
8001,2018102000100643,2018년 10월 20일 19시,토요일,경기도 화성시 팔탄면,경상사고,0,0,1,0,차대사람 - 기타,안전운전불이행,포장 - 건조,맑음,단일로 - 기타,원동기,남,36세,상해없음,보행자,남,45세,경상
8002,2018102000100646,2018년 10월 20일 19시,토요일,경기도 용인시 기흥구 언남동,중상사고,0,1,0,0,차대사람 - 기타,안전운전불이행,포장 - 건조,맑음,단일로 - 기타,승합,남,38세,상해없음,보행자,여,82세,중상
8003,2018102000100675,2018년 10월 20일 20시,토요일,경기도 평택시 신장동,경상사고,0,0,1,0,차대사람 - 기타,안전운전불이행,포장 - 건조,맑음,단일로 - 기타,승용,남,77세,상해없음,보행자,남,55세,경상
8004,2018102000100715,2018년 10월 20일 21시,토요일,경기도 용인시 처인구 김량장동,경상사고,0,0,1,0,차대사람 - 횡단중,보행자보호의무위반,포장 - 건조,맑음,교차로 - 교차로횡단보도내,이륜,남,35세,상해없음,보행자,남,58세,경상
8005,2018102000100741,2018년 10월 20일 22시,토요일,경기도 안성시 공도읍,경상사고,0,0,1,0,차대사람 - 횡단중,보행자보호의무위반,포장 - 건조,맑음,교차로 - 교차로횡단보도내,승용,남,29세,상해없음,보행자,여,17세,경상
8006,2018102000100743,2018년 10월 20일 22시,토요일,경기도 성남시 중원구 성남동,경상사고,0,0,1,0,차대사람 - 기타,안전운전불이행,포장 - 건조,맑음,단일로 - 기타,승용,남,23세,상해없음,보행자,남,40세,경상
8007,2018102000100766,2018년 10월 20일 23시,토요일,경기도 수원시 영통구 매탄동,중상사고,0,1,0,0,차대사람 - 기타,안전운전불이행,포장 - 건조,맑음,기타 - 기타,승용,남,21세,상해없음,보행자,남,47세,중상
8008,2018102100100022,2018년 10월 21일 01시,일요일,경기도 안산시 단원구 원곡동,경상사고,0,0,1,0,차대사람 - 횡단중,안전운전불이행,포장 - 건조,맑음,단일로 - 기타,승용,남,50세,상해없음,보행자,남,32세,경상
8009,2018102100100023,2018년 10월 21일 01시,일요일,경기도 수원시 팔달구 매산로2가,경상사고,0,0,1,0,차대사람 - 횡단중,과속,포장 - 건조,맑음,단일로 - 기타,승용,남,37세,상해없음,보행자,여,20세,경상
8010,2018102100100061,2018년 10월 21일 05시,일요일,경기도 시흥시 대야동,경상사고,0,0,1,0,차대사람 - 횡단중,안전운전불이행,포장 - 건조,맑음,교차로 - 교차로안,승용,여,57세,상해없음,보행자,남,23세,경상
8011,2018102100100113,2018년 10월 21일 09시,일요일,경기도 용인시 수지구 풍덕천동,경상사고,0,0,1,0,차대사람 - 횡단중,안전운전불이행,포장 - 건조,맑음,단일로 - 기타,승용,남,35세,상해없음,보행자,남,64세,경상
8012,2018102100100153,2018년 10월 21일 11시,일요일,경기도 광주시 남종면,중상사고,0,1,0,0,차대사람 - 기타,안전운전불이행,포장 - 건조,맑음,기타 - 기타,승합,남,57세,상해없음,보행자,남,61세,중상
8013,2018102100100183,2018년 10월 21일 12시,일요일,경기도 이천시 관고동,부상신고사고,0,0,0,1,차대사람 - 기타,안전운전불이행,포장 - 건조,맑음,단일로 - 기타,승용,남,47세,상해없음,보행자,남,19세,부상신고
8014,2018102100100219,2018년 10월 21일 13시,일요일,경기도 수원시 장안구 율전동,중상사고,0,1,0,0,차대사람 - 차도통행중,안전운전불이행,포장 - 건조,맑음,단일로 - 기타,승용,여,45세,상해없음,보행자,여,18세,중상
8015,2018102100100224,2018년 10월 21일 13시,일요일,경기도 안산시 상록구 성포동,경상사고,0,0,1,0,차대사람 - 보도통행중,보행자보호의무위반,포장 - 건조,맑음,교차로 - 교차로횡단보도내,승용,여,62세,상해없음,보행자,남,54세,경상
8016,2018102100100227,2018년 10월 21일 13시,일요일,경기도 부천시 원종동,중상사고,0,1,0,0,차대사람 - 차도통행중,안전운전불이행,포장 - 건조,맑음,단일로 - 기타,승용,여,32세,상해없음,보행자,여,21세,중상
8017,2018102100100277,2018년 10월 21일 14시,일요일,경기도 양주시 삼숭동,중상사고,0,1,0,0,차대사람 - 차도통행중,안전운전불이행,포장 - 건조,맑음,단일로 - 기타,승용,남,54세,상해없음,보행자,여,78세,중상
8018,2018102100100290,2018년 10월 21일 15시,일요일,경기도 군포시 당동,중상사고,0,1,0,0,차대사람 - 보도통행중,안전운전불이행,포장 - 건조,맑음,기타 - 기타,자전거,남,8세,상해없음,보행자,여,69세,중상
8019,2018102100100322,2018년 10월 21일 16시,일요일,경기도 안산시 단원구 대부북동,사망사고,1,0,0,0,차대사람 - 기타,안전운전불이행,포장 - 건조,맑음,교차로 - 교차로안,화물,남,72세,상해없음,보행자,남,65세,사망
8020,2018102100100325,2018년 10월 21일 16시,일요일,경기도 수원시 팔달구 고등동,경상사고,0,0,1,0,차대사람 - 횡단중,안전운전불이행,포장 - 건조,맑음,교차로 - 교차로부근,승용,남,55세,상해없음,보행자,남,45세,경상
8021,2018102100100353,2018년 10월 21일 16시,일요일,경기도 파주시 문산읍,경상사고,0,0,1,0,차대사람 - 기타,안전운전불이행,포장 - 건조,맑음,단일로 - 기타,승용,남,48세,상해없음,보행자,여,58세,경상
8022,2018102100100382,2018년 10월 21일 17시,일요일,경기도 남양주시 호평동,중상사고,0,1,0,0,차대사람 - 횡단중,안전운전불이행,포장 - 건조,맑음,단일로 - 기타,승용,여,37세,상해없음,보행자,여,17세,중상
8023,2018102100100436,2018년 10월 21일 18시,일요일,경기도 남양주시 평내동,경상사고,0,0,1,0,차대사람 - 기타,안전운전불이행,포장 - 건조,맑음,교차로 - 교차로안,화물,남,57세,상해없음,보행자,남,57세,경상
8024,2018102100100440,2018년 10월 21일 18시,일요일,경기도 고양시 일산서구 주엽동,중상사고,0,1,0,0,차대사람 - 횡단중,안전운전불이행,포장 - 건조,맑음,단일로 - 기타,승용,여,35세,상해없음,보행자,남,9세,중상
8025,2018102100100451,2018년 10월 21일 19시,일요일,경기도 군포시 대야미동,경상사고,0,0,1,0,차대사람 - 횡단중,안전운전불이행,포장 - 건조,맑음,교차로 - 교차로부근,승용,남,64세,상해없음,보행자,남,29세,경상
8026,2018102100100452,2018년 10월 21일 19시,일요일,경기도 성남시 중원구 중앙동,경상사고,0,0,1,0,차대사람 - 기타,안전운전불이행,포장 - 건조,맑음,단일로 - 기타,승용,남,44세,상해없음,보행자,남,60세,경상
8027,2018102100100474,2018년 10월 21일 19시,일요일,경기도 남양주시 진건읍,경상사고,0,0,1,0,차대사람 - 기타,안전운전불이행,포장 - 건조,맑음,단일로 - 기타,승용,여,33세,상해없음,보행자,여,50세,경상
8028,2018102100100508,2018년 10월 21일 20시,일요일,경기도 고양시 일산서구 대화동,중상사고,0,1,0,0,차대사람 - 횡단중,안전운전불이행,포장 - 건조,맑음,교차로 - 교차로횡단보도내,승합,남,57세,상해없음,보행자,여,31세,중상
8029,2018102100100533,2018년 10월 21일 21시,일요일,경기도 고양시 덕양구 용두동,경상사고,0,0,1,0,차대사람 - 횡단중,안전운전불이행,포장 - 건조,맑음,단일로 - 기타,승합,남,44세,상해없음,보행자,여,69세,경상
8030,2018102100100543,2018년 10월 21일 22시,일요일,경기도 용인시 처인구 김량장동,경상사고,0,0,1,0,차대사람 - 보도통행중,기타,포장 - 건조,맑음,기타 - 기타,승용,남,58세,상해없음,보행자,남,36세,경상
8031,2018102100100560,2018년 10월 21일 23시,일요일,경기도 수원시 영통구 원천동,경상사고,0,0,1,0,차대사람 - 기타,안전운전불이행,포장 - 건조,맑음,단일로 - 기타,승용,남,59세,상해없음,보행자,남,33세,경상
8032,2018102100100561,2018년 10월 21일 23시,일요일,경기도 성남시 중원구 상대원동,부상신고사고,0,0,0,1,차대사람 - 기타,안전운전불이행,포장 - 건조,맑음,단일로 - 기타,기타불명,기타불명,미분류,기타불명,보행자,남,47세,부상신고
8033,2018102200100032,2018년 10월 22일 05시,월요일,경기도 화성시 안녕동,부상신고사고,0,0,0,1,차대사람 - 기타,안전운전불이행,포장 - 건조,맑음,단일로 - 기타,승합,남,26세,상해없음,보행자,남,63세,부상신고
8034,2018102200100040,2018년 10월 22일 06시,월요일,경기도 화성시 산척동,중상사고,0,1,0,0,차대사람 - 횡단중,중앙선침범,포장 - 건조,맑음,단일로 - 기타,승합,남,35세,상해없음,보행자,남,54세,중상
8035,2018102200100052,2018년 10월 22일 07시,월요일,경기도 성남시 수정구 수진동,중상사고,0,1,0,0,차대사람 - 횡단중,신호위반,포장 - 건조,맑음,교차로 - 교차로횡단보도내,승용,남,74세,상해없음,보행자,남,26세,중상
8036,2018102200100071,2018년 10월 22일 07시,월요일,경기도 남양주시 화도읍,경상사고,0,0,1,0,차대사람 - 기타,안전운전불이행,포장 - 건조,맑음,기타 - 기타,기타불명,기타불명,미분류,기타불명,보행자,여,33세,경상
8037,2018102200100138,2018년 10월 22일 09시,월요일,경기도 포천시 이동면,사망사고,1,0,0,0,차대사람 - 횡단중,안전운전불이행,포장 - 건조,맑음,단일로 - 기타,승합,남,60세,상해없음,보행자,여,82세,사망
8038,2018102200100214,2018년 10월 22일 11시,월요일,경기도 구리시 인창동,중상사고,0,1,0,0,차대사람 - 차도통행중,안전운전불이행,포장 - 건조,맑음,단일로 - 기타,건설기계,남,59세,상해없음,보행자,남,77세,중상
8039,2018102200100227,2018년 10월 22일 12시,월요일,경기도 성남시 중원구 도촌동,중상사고,0,1,0,0,차대사람 - 보도통행중,기타,포장 - 건조,맑음,단일로 - 기타,승합,남,65세,상해없음,보행자,남,40세,중상
8040,2018102200100228,2018년 10월 22일 12시,월요일,경기도 용인시 기흥구 신갈동,중상사고,0,1,0,0,차대사람 - 기타,안전운전불이행,포장 - 건조,맑음,기타 - 기타,기타불명,기타불명,미분류,기타불명,보행자,남,44세,중상
8041,2018102200100274,2018년 10월 22일 14시,월요일,경기도 수원시 영통구 망포동,경상사고,0,0,1,0,차대사람 - 횡단중,보행자보호의무위반,포장 - 건조,맑음,교차로 - 교차로횡단보도내,화물,남,61세,상해없음,보행자,남,16세,경상
8042,2018102200100338,2018년 10월 22일 16시,월요일,경기도 부천시 범박동,경상사고,0,0,1,0,차대사람 - 횡단중,보행자보호의무위반,포장 - 건조,맑음,교차로 - 교차로횡단보도내,승용,남,57세,상해없음,보행자,여,12세,경상
8043,2018102200100360,2018년 10월 22일 16시,월요일,경기도 남양주시 퇴계원면,경상사고,0,0,1,1,차대사람 - 기타,안전운전불이행,포장 - 건조,맑음,교차로 - 교차로부근,승용,여,62세,상해없음,보행자,여,37세,경상
8044,2018102200100361,2018년 10월 22일 16시,월요일,경기도 동두천시 생연동,경상사고,0,0,1,0,차대사람 - 횡단중,안전운전불이행,포장 - 건조,맑음,단일로 - 기타,이륜,남,76세,상해없음,보행자,여,63세,경상
8045,2018102200100374,2018년 10월 22일 17시,월요일,경기도 안성시 당왕동,중상사고,0,1,0,0,차대사람 - 횡단중,보행자보호의무위반,포장 - 건조,맑음,교차로 - 교차로횡단보도내,승용,남,50세,상해없음,보행자,여,58세,중상
8046,2018102200100405,2018년 10월 22일 17시,월요일,경기도 고양시 일산동구 마두동,중상사고,0,1,0,0,차대사람 - 횡단중,안전운전불이행,포장 - 건조,맑음,단일로 - 기타,승합,남,58세,상해없음,보행자,남,55세,중상
8047,2018102200100421,2018년 10월 22일 18시,월요일,경기도 수원시 장안구 조원동,경상사고,0,0,1,0,차대사람 - 횡단중,보행자보호의무위반,포장 - 건조,맑음,교차로 - 교차로횡단보도내,승용,여,44세,기타불명,보행자,남,11세,경상
8048,2018102200100422,2018년 10월 22일 18시,월요일,경기도 수원시 팔달구 팔달로3가,중상사고,0,1,0,0,차대사람 - 기타,안전운전불이행,포장 - 건조,맑음,단일로 - 기타,승용,여,51세,상해없음,보행자,여,60세,중상
8049,2018102200100423,2018년 10월 22일 18시,월요일,경기도 안성시 공도읍,경상사고,0,0,1,0,차대사람 - 보도통행중,안전운전불이행,포장 - 건조,맑음,기타 - 기타,승용,여,40세,상해없음,보행자,남,20세,경상
8050,2018102200100427,2018년 10월 22일 18시,월요일,경기도 부천시 춘의동,중상사고,0,1,0,0,차대사람 - 기타,보행자보호의무위반,포장 - 건조,맑음,단일로 - 기타,승합,남,58세,상해없음,보행자,여,52세,중상
8051,2018102200100492,2018년 10월 22일 19시,월요일,경기도 수원시 장안구 영화동,중상사고,0,1,0,0,차대사람 - 기타,안전운전불이행,포장 - 건조,맑음,단일로 - 기타,화물,남,76세,상해없음,보행자,남,63세,중상
8052,2018102200100493,2018년 10월 22일 19시,월요일,경기도 평택시 청룡동,중상사고,0,1,0,0,차대사람 - 기타,안전운전불이행,포장 - 건조,맑음,교차로 - 교차로안,승용,남,40세,상해없음,보행자,남,67세,중상
8053,2018102200100540,2018년 10월 22일 20시,월요일,경기도 고양시 덕양구 삼송동,중상사고,0,1,0,0,차대사람 - 길가장자리구역통행중,안전운전불이행,포장 - 건조,맑음,단일로 - 기타,승용,여,50세,상해없음,보행자,여,81세,중상
8054,2018102200100549,2018년 10월 22일 21시,월요일,경기도 평택시 팽성읍,중상사고,0,1,0,0,차대사람 - 기타,안전운전불이행,포장 - 건조,맑음,단일로 - 기타,승용,남,25세,상해없음,보행자,남,78세,중상
8055,2018102200100550,2018년 10월 22일 21시,월요일,경기도 용인시 처인구 역북동,경상사고,0,0,1,0,차대사람 - 횡단중,신호위반,포장 - 건조,맑음,교차로 - 교차로횡단보도내,이륜,남,20세,상해없음,보행자,여,25세,경상
8056,2018102200100563,2018년 10월 22일 21시,월요일,경기도 의정부시 낙양동,중상사고,0,1,0,0,차대사람 - 기타,안전운전불이행,포장 - 건조,맑음,단일로 - 기타,자전거,남,17세,상해없음,보행자,여,59세,중상
8057,2018102200100566,2018년 10월 22일 21시,월요일,경기도 포천시 일동면,중상사고,0,1,0,0,차대사람 - 차도통행중,안전운전불이행,포장 - 건조,맑음,단일로 - 기타,승용,남,47세,상해없음,보행자,남,46세,중상
8058,2018102300100005,2018년 10월 23일 00시,화요일,경기도 부천시 중동,경상사고,0,0,1,0,차대사람 - 길가장자리구역통행중,안전운전불이행,포장 - 건조,맑음,단일로 - 기타,승용,남,49세,상해없음,보행자,여,40세,경상
8059,2018102300100006,2018년 10월 23일 00시,화요일,경기도 의왕시 오전동,중상사고,0,1,0,0,차대사람 - 차도통행중,안전운전불이행,포장 - 건조,흐림,단일로 - 기타,승용,남,29세,상해없음,보행자,남,25세,중상
8060,2018102300100038,2018년 10월 23일 05시,화요일,경기도 수원시 장안구 정자동,중상사고,0,1,0,0,차대사람 - 횡단중,신호위반,포장 - 건조,맑음,단일로 - 기타,화물,남,51세,상해없음,보행자,남,87세,중상