,사고번호,사고일시,요일,시군구,사고내용,사망자수,중상자수,경상자수,부상신고자수,사고유형,법규위반,노면상태,기상상태,도로형태,가해운전자 차종,가해운전자 성별,가해운전자 연령,가해운전자 상해정도,피해운전자 차종,피해운전자 성별,피해운전자 연령,피해운전자 상해정도
8061,2018102300100102,2018년 10월 23일 08시,화요일,경기도 부천시 원미동,중상사고,0,1,0,0,차대사람 - 기타,안전운전불이행,포장 - 건조,맑음,교차로 - 교차로부근,승용,남,44세,상해없음,보행자,여,48세,중상
8062,2018102300100106,2018년 10월 23일 08시,화요일,경기도 부천시 여월동,사망사고,1,0,0,0,차대사람 - 횡단중,안전운전불이행,포장 - 젖음/습기,흐림,교차로 - 교차로안,화물,남,56세,상해없음,보행자,여,78세,사망
8063,2018102300100272,2018년 10월 23일 13시,화요일,경기도 시흥시 신천동,경상사고,0,0,1,0,차대사람 - 기타,안전운전불이행,포장 - 건조,맑음,기타 - 기타,승용,남,56세,상해없음,보행자,여,60세,경상
8064,2018102300100285,2018년 10월 23일 13시,화요일,경기도 파주시 목동동,중상사고,0,1,0,0,차대사람 - 횡단중,안전운전불이행,포장 - 건조,맑음,교차로 - 교차로횡단보도내,승용,남,74세,상해없음,보행자,여,77세,중상
8065,2018102300100292,2018년 10월 23일 14시,화요일,경기도 평택시 진위면,중상사고,0,1,0,0,차대사람 - 기타,교차로운행방법위반,포장 - 건조,맑음,교차로 - 교차로안,화물,남,39세,상해없음,보행자,남,47세,중상
8066,2018102300100321,2018년 10월 23일 15시,화요일,경기도 용인시 처인구 김량장동,중상사고,0,1,0,0,차대사람 - 횡단중,안전운전불이행,포장 - 건조,맑음,기타 - 기타,승용,남,69세,상해없음,보행자,남,23세,중상
8067,2018102300100323,2018년 10월 23일 15시,화요일,경기도 부천시 역곡동,경상사고,0,0,1,0,차대사람 - 보도통행중,안전운전불이행,포장 - 건조,맑음,단일로 - 기타,승용,여,30세,기타불명,보행자,남,28세,경상
8068,2018102300100357,2018년 10월 23일 16시,화요일,경기도 부천시 오정동,중상사고,0,1,0,0,차대사람 - 기타,교차로운행방법위반,포장 - 건조,맑음,교차로 - 교차로부근,승용,남,28세,상해없음,보행자,여,40세,중상
8069,2018102300100371,2018년 10월 23일 16시,화요일,경기도 파주시 문산읍,경상사고,0,0,1,0,차대사람 - 횡단중,신호위반,포장 - 건조,맑음,단일로 - 기타,이륜,남,22세,상해없음,보행자,여,22세,경상
8070,2018102300100385,2018년 10월 23일 17시,화요일,경기도 부천시 심곡동,중상사고,0,1,0,0,차대사람 - 횡단중,보행자보호의무위반,포장 - 건조,맑음,단일로 - 기타,승용,남,52세,상해없음,보행자,남,65세,중상
8071,2018102300100386,2018년 10월 23일 17시,화요일,경기도 수원시 권선구 세류동,경상사고,0,0,1,0,차대사람 - 횡단중,안전운전불이행,포장 - 건조,맑음,교차로 - 교차로횡단보도내,승용,남,61세,기타불명,보행자,남,8세,경상
8072,2018102300100390,2018년 10월 23일 17시,화요일,경기도 시흥시 거모동,경상사고,0,0,1,0,차대사람 - 기타,안전운전불이행,포장 - 건조,맑음,단일로 - 기타,승용,남,59세,상해없음,보행자,여,20세,경상
8073,2018102300100439,2018년 10월 23일 18시,화요일,경기도 안양시 동안구 관양동,경상사고,0,0,1,0,차대사람 - 차도통행중,교차로운행방법위반,포장 - 건조,맑음,교차로 - 교차로안,승용,여,28세,상해없음,보행자,남,58세,경상
8074,2018102300100441,2018년 10월 23일 18시,화요일,경기도 양평군 양평읍,중상사고,0,1,0,0,차대사람 - 횡단중,보행자보호의무위반,포장 - 건조,흐림,단일로 - 기타,승용,여,49세,상해없음,보행자,여,64세,중상
8075,2018102300100442,2018년 10월 23일 18시,화요일,경기도 화성시 진안동,중상사고,0,1,0,0,차대사람 - 횡단중,안전운전불이행,포장 - 건조,맑음,교차로 - 교차로부근,승용,남,30세,상해없음,보행자,남,52세,중상
8076,2018102300100444,2018년 10월 23일 18시,화요일,경기도 광명시 광명동,중상사고,0,1,0,0,차대사람 - 횡단중,신호위반,포장 - 건조,흐림,단일로 - 기타,승용,남,35세,상해없음,보행자,남,66세,중상
8077,2018102300100448,2018년 10월 23일 18시,화요일,경기도 성남시 분당구 야탑동,경상사고,0,0,1,0,차대사람 - 차도통행중,안전운전불이행,포장 - 건조,맑음,단일로 - 기타,승용,남,70세,상해없음,보행자,남,43세,경상
8078,2018102300100531,2018년 10월 23일 19시,화요일,경기도 남양주시 화도읍,중상사고,0,1,0,0,차대사람 - 기타,안전운전불이행,포장 - 건조,맑음,교차로 - 교차로안,특수,남,42세,상해없음,보행자,여,74세,중상
8079,2018102300100532,2018년 10월 23일 19시,화요일,경기도 남양주시 진접읍,중상사고,0,1,0,0,차대사람 - 기타,안전운전불이행,포장 - 건조,맑음,교차로 - 교차로부근,승용,남,51세,상해없음,보행자,여,72세,중상
8080,2018102300100533,2018년 10월 23일 19시,화요일,경기도 동두천시 지행동,경상사고,0,0,1,0,차대사람 - 횡단중,보행자보호의무위반,포장 - 건조,맑음,단일로 - 기타,승용,남,59세,상해없음,보행자,남,24세,경상
8081,2018102300100541,2018년 10월 23일 20시,화요일,경기도 평택시 포승읍,중상사고,0,1,0,0,차대사람 - 횡단중,안전운전불이행,포장 - 건조,맑음,교차로 - 교차로횡단보도내,승합,남,40세,상해없음,보행자,남,37세,중상
8082,2018102300100570,2018년 10월 23일 21시,화요일,경기도 안산시 단원구 와동,중상사고,0,1,0,0,차대사람 - 횡단중,신호위반,포장 - 건조,맑음,교차로 - 교차로횡단보도내,이륜,남,30세,상해없음,보행자,여,7세,중상
8083,2018102300100571,2018년 10월 23일 21시,화요일,경기도 수원시 영통구 매탄동,경상사고,0,0,1,0,차대사람 - 횡단중,신호위반,포장 - 건조,맑음,교차로 - 교차로횡단보도내,이륜,남,48세,상해없음,보행자,여,56세,경상
8084,2018102400100019,2018년 10월 24일 02시,수요일,경기도 부천시 상동,경상사고,0,0,1,0,차대사람 - 횡단중,보행자보호의무위반,포장 - 건조,맑음,교차로 - 교차로안,승용,남,65세,상해없음,보행자,남,35세,경상
8085,2018102400100035,2018년 10월 24일 05시,수요일,경기도 수원시 팔달구 남수동,중상사고,0,1,0,0,차대사람 - 횡단중,신호위반,포장 - 건조,맑음,교차로 - 교차로횡단보도내,승용,남,63세,상해없음,보행자,남,76세,중상
8086,2018102400100036,2018년 10월 24일 05시,수요일,경기도 화성시 능동,경상사고,0,0,1,0,차대사람 - 보도통행중,신호위반,포장 - 건조,맑음,교차로 - 교차로안,승용,남,64세,상해없음,보행자,남,60세,경상
8087,2018102400100045,2018년 10월 24일 06시,수요일,경기도 여주시 산북면,중상사고,0,1,0,0,차대사람 - 기타,안전운전불이행,포장 - 젖음/습기,안개,단일로 - 기타,승용,남,70세,상해없음,보행자,여,85세,중상
8088,2018102400100065,2018년 10월 24일 07시,수요일,경기도 광명시 광명동,중상사고,0,1,0,0,차대사람 - 횡단중,신호위반,포장 - 건조,맑음,단일로 - 기타,승용,여,45세,상해없음,보행자,남,36세,중상
8089,2018102400100092,2018년 10월 24일 07시,수요일,경기도 고양시 일산서구 탄현동,부상신고사고,0,0,0,1,차대사람 - 횡단중,안전운전불이행,포장 - 건조,맑음,단일로 - 기타,승용,남,58세,상해없음,보행자,남,68세,부상신고
8090,2018102400100106,2018년 10월 24일 08시,수요일,경기도 수원시 장안구 영화동,중상사고,0,1,0,0,차대사람 - 보도통행중,보행자보호의무위반,포장 - 건조,맑음,교차로 - 교차로부근,승용,남,40세,기타불명,보행자,여,59세,중상
8091,2018102400100115,2018년 10월 24일 08시,수요일,경기도 화성시 송산면,중상사고,0,1,0,0,차대사람 - 기타,안전운전불이행,포장 - 건조,맑음,단일로 - 기타,화물,남,77세,상해없음,보행자,남,18세,중상
8092,2018102400100160,2018년 10월 24일 09시,수요일,경기도 수원시 팔달구 우만동,중상사고,0,1,0,0,차대사람 - 기타,안전운전불이행,포장 - 건조,맑음,교차로 - 교차로안,승용,남,24세,기타불명,보행자,여,65세,중상
8093,2018102400100168,2018년 10월 24일 09시,수요일,경기도 부천시 여월동,중상사고,0,1,0,0,차대사람 - 횡단중,안전운전불이행,포장 - 건조,맑음,교차로 - 교차로부근,승용,남,45세,상해없음,보행자,여,59세,중상
8094,2018102400100194,2018년 10월 24일 09시,수요일,경기도 파주시 금촌동,중상사고,0,1,0,0,차대사람 - 기타,안전운전불이행,포장 - 건조,맑음,단일로 - 기타,승합,남,52세,상해없음,보행자,여,85세,중상
8095,2018102400100252,2018년 10월 24일 11시,수요일,경기도 남양주시 오남읍,경상사고,0,0,1,0,차대사람 - 기타,안전운전불이행,포장 - 건조,맑음,기타 - 기타,승용,여,56세,상해없음,보행자,여,66세,경상
8096,2018102400100260,2018년 10월 24일 12시,수요일,경기도 광명시 광명동,경상사고,0,0,1,0,차대사람 - 기타,안전운전불이행,포장 - 건조,맑음,교차로 - 교차로안,승용,남,73세,상해없음,보행자,여,15세,경상
8097,2018102400100277,2018년 10월 24일 12시,수요일,경기도 의정부시 의정부동,중상사고,0,1,0,0,차대사람 - 횡단중,안전운전불이행,포장 - 건조,맑음,단일로 - 기타,승용,남,48세,상해없음,보행자,여,78세,중상
8098,2018102400100299,2018년 10월 24일 13시,수요일,경기도 부천시 괴안동,중상사고,0,1,0,0,차대사람 - 기타,보행자보호의무위반,포장 - 건조,맑음,교차로 - 교차로안,승용,남,46세,상해없음,보행자,여,65세,중상
8099,2018102400100302,2018년 10월 24일 13시,수요일,경기도 안양시 만안구 안양동,경상사고,0,0,1,0,차대사람 - 기타,신호위반,포장 - 건조,맑음,단일로 - 기타,승용,남,29세,상해없음,보행자,남,65세,경상
8100,2018102400100416,2018년 10월 24일 15시,수요일,경기도 파주시 목동동,경상사고,0,0,1,0,차대사람 - 기타,안전운전불이행,포장 - 건조,맑음,단일로 - 기타,자전거,남,15세,상해없음,보행자,남,17세,경상
8101,2018102400100418,2018년 10월 24일 15시,수요일,경기도 연천군 전곡읍,중상사고,0,1,0,0,차대사람 - 보도통행중,교차로운행방법위반,포장 - 건조,맑음,교차로 - 교차로안,승용,남,79세,상해없음,보행자,남,84세,중상
8102,2018102400100429,2018년 10월 24일 16시,수요일,경기도 평택시 안중읍,사망사고,1,0,0,0,차대사람 - 차도통행중,안전운전불이행,포장 - 건조,맑음,교차로 - 교차로부근,건설기계,남,43세,상해없음,보행자,남,72세,사망
8103,2018102400100430,2018년 10월 24일 16시,수요일,경기도 평택시 평택동,경상사고,0,0,1,0,차대사람 - 길가장자리구역통행중,신호위반,포장 - 건조,맑음,단일로 - 기타,승용,여,49세,상해없음,보행자,남,22세,경상
8104,2018102400100434,2018년 10월 24일 16시,수요일,경기도 광명시 철산동,경상사고,0,0,1,0,차대사람 - 횡단중,보행자보호의무위반,포장 - 건조,맑음,교차로 - 교차로횡단보도내,화물,남,48세,상해없음,보행자,남,57세,경상
8105,2018102400100462,2018년 10월 24일 16시,수요일,경기도 의정부시 의정부동,경상사고,0,0,1,0,차대사람 - 기타,안전운전불이행,포장 - 건조,맑음,교차로 - 교차로부근,승용,남,22세,상해없음,보행자,남,22세,경상
8106,2018102400100482,2018년 10월 24일 17시,수요일,경기도 화성시 팔탄면,부상신고사고,0,0,0,1,차대사람 - 기타,안전운전불이행,포장 - 건조,맑음,단일로 - 기타,기타불명,기타불명,미분류,기타불명,보행자,여,24세,부상신고
8107,2018102400100510,2018년 10월 24일 17시,수요일,경기도 파주시 광탄면,경상사고,0,0,1,0,차대사람 - 횡단중,보행자보호의무위반,포장 - 건조,맑음,교차로 - 교차로횡단보도내,화물,남,55세,상해없음,보행자,남,70세,경상
8108,2018102400100527,2018년 10월 24일 18시,수요일,경기도 수원시 장안구 영화동,중상사고,0,1,0,0,차대사람 - 기타,안전운전불이행,포장 - 건조,맑음,단일로 - 기타,이륜,남,27세,상해없음,보행자,남,52세,중상
8109,2018102400100530,2018년 10월 24일 18시,수요일,경기도 광주시 오포읍,부상신고사고,0,0,0,1,차대사람 - 횡단중,안전운전불이행,포장 - 건조,맑음,교차로 - 교차로안,승합,남,54세,상해없음,보행자,여,74세,부상신고
8110,2018102400100596,2018년 10월 24일 19시,수요일,경기도 평택시 평택동,중상사고,0,1,0,0,차대사람 - 횡단중,보행자보호의무위반,포장 - 건조,맑음,교차로 - 교차로횡단보도내,이륜,남,21세,상해없음,보행자,여,57세,중상
8111,2018102400100631,2018년 10월 24일 19시,수요일,경기도 고양시 일산동구 마두동,중상사고,0,1,0,0,차대사람 - 횡단중,신호위반,포장 - 건조,맑음,교차로 - 교차로횡단보도내,승용,여,59세,상해없음,보행자,남,14세,중상
8112,2018102400100649,2018년 10월 24일 20시,수요일,경기도 안양시 만안구 안양동,중상사고,0,1,1,0,차대사람 - 횡단중,신호위반,포장 - 건조,맑음,교차로 - 교차로부근,이륜,남,17세,경상,보행자,여,23세,중상
8113,2018102400100678,2018년 10월 24일 21시,수요일,경기도 안산시 단원구 신길동,경상사고,0,0,1,0,차대사람 - 기타,안전운전불이행,포장 - 건조,맑음,단일로 - 기타,승용,여,33세,상해없음,보행자,남,54세,경상
8114,2018102400100703,2018년 10월 24일 22시,수요일,경기도 수원시 장안구 연무동,경상사고,0,0,1,0,차대사람 - 기타,안전운전불이행,포장 - 건조,맑음,기타 - 기타,승용,남,69세,상해없음,보행자,남,22세,경상
8115,2018102400100709,2018년 10월 24일 22시,수요일,경기도 성남시 중원구 성남동,부상신고사고,0,0,0,1,차대사람 - 기타,안전운전불이행,포장 - 건조,맑음,단일로 - 기타,승용,남,32세,상해없음,보행자,여,18세,부상신고
8116,2018102400100731,2018년 10월 24일 22시,수요일,경기도 고양시 덕양구 내유동,사망사고,1,0,0,0,차대사람 - 횡단중,안전운전불이행,포장 - 건조,흐림,단일로 - 기타,승용,남,58세,상해없음,보행자,여,73세,사망
8117,2018102400100737,2018년 10월 24일 23시,수요일,경기도 수원시 영통구 이의동,경상사고,0,0,1,0,차대사람 - 횡단중,신호위반,포장 - 건조,맑음,교차로 - 교차로부근,이륜,남,25세,상해없음,보행자,남,51세,경상
8118,2018102500100022,2018년 10월 25일 02시,목요일,경기도 성남시 수정구 산성동,경상사고,0,0,1,0,차대사람 - 기타,안전운전불이행,포장 - 건조,기타,단일로 - 기타,승용,남,50세,상해없음,보행자,남,21세,경상
8119,2018102500100031,2018년 10월 25일 03시,목요일,경기도 수원시 장안구 조원동,경상사고,0,0,1,0,차대사람 - 기타,보행자보호의무위반,포장 - 건조,맑음,교차로 - 교차로안,기타불명,기타불명,미분류,기타불명,보행자,여,23세,경상
8120,2018102500100052,2018년 10월 25일 06시,목요일,경기도 광주시 오포읍,중상사고,0,1,0,0,차대사람 - 기타,안전운전불이행,포장 - 건조,맑음,교차로 - 교차로안,건설기계,남,62세,상해없음,보행자,여,64세,중상
8121,2018102500100055,2018년 10월 25일 06시,목요일,경기도 안산시 단원구 초지동,경상사고,0,0,1,0,차대사람 - 기타,중앙선침범,포장 - 건조,맑음,단일로 - 기타,자전거,남,53세,상해없음,보행자,여,37세,경상
8122,2018102500100101,2018년 10월 25일 07시,목요일,경기도 파주시 법원읍,경상사고,0,0,1,0,차대사람 - 기타,안전운전불이행,포장 - 건조,맑음,기타 - 기타,기타불명,기타불명,미분류,기타불명,보행자,여,43세,경상
8123,2018102500100116,2018년 10월 25일 08시,목요일,경기도 성남시 수정구 신흥동,경상사고,0,0,1,0,차대사람 - 기타,안전운전불이행,포장 - 건조,맑음,교차로 - 교차로부근,승용,남,49세,상해없음,보행자,남,12세,경상
8124,2018102500100119,2018년 10월 25일 08시,목요일,경기도 안성시 공도읍,중상사고,0,1,0,0,차대사람 - 횡단중,신호위반,포장 - 건조,맑음,교차로 - 교차로횡단보도내,건설기계,남,34세,상해없음,보행자,여,12세,중상
8125,2018102500100120,2018년 10월 25일 08시,목요일,경기도 이천시 마장면,경상사고,0,0,1,0,차대사람 - 기타,안전운전불이행,포장 - 건조,맑음,단일로 - 기타,승용,남,25세,상해없음,보행자,남,28세,경상
8126,2018102500100123,2018년 10월 25일 08시,목요일,경기도 화성시 동탄면,경상사고,0,0,1,0,차대사람 - 횡단중,보행자보호의무위반,포장 - 건조,맑음,단일로 - 기타,승용,여,52세,상해없음,보행자,여,8세,경상
8127,2018102500100162,2018년 10월 25일 09시,목요일,경기도 평택시 팽성읍,경상사고,0,0,1,0,차대사람 - 횡단중,안전운전불이행,포장 - 건조,맑음,교차로 - 교차로안,승용,여,36세,상해없음,보행자,여,62세,경상
8128,2018102500100164,2018년 10월 25일 09시,목요일,경기도 안양시 동안구 호계동,중상사고,0,1,0,0,차대사람 - 기타,안전운전불이행,포장 - 건조,맑음,교차로 - 교차로부근,승용,여,33세,상해없음,보행자,남,73세,중상
8129,2018102500100172,2018년 10월 25일 09시,목요일,경기도 안산시 상록구 사동,경상사고,0,0,1,0,차대사람 - 기타,안전운전불이행,포장 - 건조,맑음,교차로 - 교차로횡단보도내,승용,남,52세,상해없음,보행자,여,25세,경상
8130,2018102500100196,2018년 10월 25일 09시,목요일,경기도 고양시 덕양구 고양동,경상사고,0,0,1,0,차대사람 - 횡단중,안전운전불이행,포장 - 건조,맑음,단일로 - 기타,승용,남,45세,상해없음,보행자,여,16세,경상
8131,2018102500100197,2018년 10월 25일 09시,목요일,경기도 남양주시 금곡동,경상사고,0,0,1,0,차대사람 - 길가장자리구역통행중,안전운전불이행,포장 - 건조,맑음,단일로 - 기타,승용,여,50세,상해없음,보행자,여,18세,경상
8132,2018102500100243,2018년 10월 25일 11시,목요일,경기도 여주시 점동면,중상사고,0,1,0,0,차대사람 - 길가장자리구역통행중,안전운전불이행,포장 - 건조,맑음,단일로 - 기타,농기계,남,58세,상해없음,보행자,여,83세,중상
8133,2018102500100246,2018년 10월 25일 11시,목요일,경기도 성남시 분당구 수내동,부상신고사고,0,0,0,1,차대사람 - 기타,안전운전불이행,포장 - 기타,맑음,기타 - 기타,승용,남,27세,상해없음,보행자,여,83세,부상신고
8134,2018102500100247,2018년 10월 25일 11시,목요일,경기도 수원시 팔달구 매교동,경상사고,0,0,1,0,차대사람 - 기타,안전운전불이행,포장 - 건조,맑음,교차로 - 교차로부근,승용,남,48세,상해없음,보행자,남,49세,경상
8135,2018102500100268,2018년 10월 25일 11시,목요일,경기도 동두천시 생연동,경상사고,0,0,1,0,차대사람 - 횡단중,안전운전불이행,포장 - 건조,맑음,단일로 - 기타,승용,남,81세,상해없음,보행자,여,59세,경상
8136,2018102500100312,2018년 10월 25일 13시,목요일,경기도 용인시 기흥구 구갈동,중상사고,0,1,0,0,차대사람 - 기타,안전운전불이행,포장 - 건조,맑음,단일로 - 기타,승합,남,46세,상해없음,보행자,여,67세,중상
8137,2018102500100342,2018년 10월 25일 14시,목요일,경기도 안산시 단원구 고잔동,중상사고,0,1,0,0,차대사람 - 횡단중,안전운전불이행,포장 - 건조,맑음,단일로 - 기타,승용,여,44세,상해없음,보행자,여,57세,중상
8138,2018102500100343,2018년 10월 25일 14시,목요일,경기도 안산시 단원구 초지동,중상사고,0,1,0,0,차대사람 - 횡단중,안전운전불이행,포장 - 건조,맑음,교차로 - 교차로부근,화물,남,47세,상해없음,보행자,여,68세,중상
8139,2018102500100385,2018년 10월 25일 15시,목요일,경기도 하남시 미사동,부상신고사고,0,0,0,1,차대사람 - 기타,안전운전불이행,포장 - 건조,맑음,단일로 - 기타,자전거,남,42세,상해없음,보행자,여,77세,부상신고
8140,2018102500100435,2018년 10월 25일 16시,목요일,경기도 수원시 영통구 매탄동,경상사고,0,0,1,0,차대사람 - 기타,안전운전불이행,포장 - 건조,맑음,단일로 - 기타,이륜,남,19세,상해없음,보행자,남,77세,경상
8141,2018102500100473,2018년 10월 25일 17시,목요일,경기도 김포시 사우동,중상사고,0,1,0,0,차대사람 - 횡단중,안전운전불이행,포장 - 건조,맑음,기타 - 기타,승용,남,45세,상해없음,보행자,남,53세,중상
8142,2018102500100474,2018년 10월 25일 17시,목요일,경기도 광명시 광명동,경상사고,0,0,1,0,차대사람 - 길가장자리구역통행중,안전운전불이행,포장 - 건조,맑음,단일로 - 기타,승용,여,55세,상해없음,보행자,여,86세,경상
8143,2018102500100506,2018년 10월 25일 17시,목요일,경기도 포천시 영북면,중상사고,0,1,0,0,차대사람 - 기타,안전운전불이행,포장 - 건조,맑음,교차로 - 교차로안,승합,남,74세,상해없음,보행자,여,51세,중상
8144,2018102500100521,2018년 10월 25일 18시,목요일,경기도 평택시 신장동,경상사고,0,0,1,0,차대사람 - 기타,안전운전불이행,포장 - 건조,흐림,단일로 - 기타,화물,남,47세,상해없음,보행자,여,75세,경상
8145,2018102500100531,2018년 10월 25일 18시,목요일,경기도 수원시 팔달구 매산로2가,경상사고,0,0,1,0,차대사람 - 기타,안전운전불이행,포장 - 건조,맑음,단일로 - 기타,승용,남,26세,상해없음,보행자,남,25세,경상
8146,2018102500100577,2018년 10월 25일 18시,목요일,경기도 남양주시 평내동,중상사고,0,1,0,0,차대사람 - 횡단중,신호위반,포장 - 건조,맑음,단일로 - 기타,화물,여,68세,상해없음,보행자,여,35세,중상
8147,2018102500100585,2018년 10월 25일 19시,목요일,경기도 수원시 팔달구 지동,경상사고,0,0,1,0,차대사람 - 기타,기타,포장 - 건조,맑음,단일로 - 기타,승용,남,26세,상해없음,보행자,남,46세,경상
8148,2018102500100588,2018년 10월 25일 19시,목요일,경기도 용인시 처인구 모현읍,중상사고,0,1,0,0,차대사람 - 기타,안전운전불이행,포장 - 건조,맑음,단일로 - 기타,승용,남,31세,상해없음,보행자,여,14세,중상
8149,2018102500100591,2018년 10월 25일 19시,목요일,경기도 오산시 오산동,부상신고사고,0,0,0,1,차대사람 - 보도통행중,안전운전불이행,포장 - 건조,맑음,단일로 - 기타,기타불명,기타불명,미분류,기타불명,보행자,여,26세,부상신고
8150,2018102500100616,2018년 10월 25일 19시,목요일,경기도 의정부시 호원동,중상사고,0,1,0,0,차대사람 - 횡단중,안전운전불이행,포장 - 건조,맑음,단일로 - 기타,승용,남,26세,상해없음,보행자,여,73세,중상
8151,2018102500100619,2018년 10월 25일 19시,목요일,경기도 파주시 광탄면,중상사고,0,1,0,0,차대사람 - 길가장자리구역통행중,안전운전불이행,포장 - 건조,맑음,단일로 - 기타,기타불명,기타불명,미분류,기타불명,보행자,남,50세,중상
8152,2018102500100630,2018년 10월 25일 20시,목요일,경기도 부천시 괴안동,경상사고,0,0,1,0,차대사람 - 기타,안전운전불이행,포장 - 건조,맑음,단일로 - 기타,승용,남,42세,상해없음,보행자,여,25세,경상
8153,2018102500100678,2018년 10월 25일 22시,목요일,경기도 시흥시 정왕동,중상사고,0,1,0,0,차대사람 - 차도통행중,안전운전불이행,포장 - 건조,맑음,단일로 - 기타,승용,남,54세,상해없음,보행자,여,18세,중상
8154,2018102600100006,2018년 10월 26일 00시,금요일,경기도 성남시 수정구 태평동,중상사고,0,1,0,0,차대사람 - 기타,안전운전불이행,포장 - 건조,맑음,단일로 - 기타,이륜,남,18세,기타불명,보행자,여,51세,중상
8155,2018102600100007,2018년 10월 26일 00시,금요일,경기도 용인시 처인구 김량장동,중상사고,0,1,0,0,차대사람 - 횡단중,안전운전불이행,포장 - 건조,맑음,단일로 - 기타,승용,남,57세,상해없음,보행자,남,59세,중상
8156,2018102600100149,2018년 10월 26일 09시,금요일,경기도 시흥시 대야동,중상사고,0,1,0,0,차대사람 - 횡단중,보행자보호의무위반,포장 - 젖음/습기,비,교차로 - 교차로안,승용,남,74세,상해없음,보행자,여,40세,중상
8157,2018102600100174,2018년 10월 26일 10시,금요일,경기도 화성시 장안면,중상사고,0,1,0,0,차대사람 - 횡단중,안전운전불이행,포장 - 건조,맑음,교차로 - 교차로안,승용,남,37세,상해없음,보행자,여,80세,중상
8158,2018102600100192,2018년 10월 26일 10시,금요일,경기도 고양시 덕양구 주교동,중상사고,0,1,0,0,차대사람 - 횡단중,안전운전불이행,포장 - 젖음/습기,비,교차로 - 교차로안,승용,여,63세,상해없음,보행자,여,80세,중상
8159,2018102600100263,2018년 10월 26일 13시,금요일,경기도 군포시 당동,경상사고,0,0,1,0,차대사람 - 기타,안전운전불이행,포장 - 젖음/습기,비,교차로 - 교차로안,화물,남,52세,상해없음,보행자,남,81세,경상
8160,2018102600100369,2018년 10월 26일 16시,금요일,경기도 평택시 안중읍,경상사고,0,0,1,0,차대사람 - 기타,안전운전불이행,포장 - 건조,맑음,교차로 - 교차로안,승용,남,52세,상해없음,보행자,남,51세,경상
8161,2018102600100378,2018년 10월 26일 16시,금요일,경기도 성남시 분당구 구미동,중상사고,0,1,0,0,차대사람 - 차도통행중,안전운전불이행,포장 - 건조,맑음,교차로 - 교차로안,승용,여,53세,상해없음,보행자,남,59세,중상
8162,2018102600100412,2018년 10월 26일 17시,금요일,경기도 용인시 기흥구 마북동,중상사고,0,1,0,0,차대사람 - 횡단중,보행자보호의무위반,포장 - 건조,맑음,교차로 - 교차로안,화물,남,42세,상해없음,보행자,남,11세,중상
8163,2018102600100463,2018년 10월 26일 18시,금요일,경기도 화성시 향남읍,경상사고,0,0,1,0,차대사람 - 횡단중,보행자보호의무위반,포장 - 젖음/습기,비,교차로 - 교차로안,이륜,남,67세,상해없음,보행자,남,31세,경상
8164,2018102600100543,2018년 10월 26일 19시,금요일,경기도 안산시 단원구 신길동,중상사고,0,1,0,0,차대사람 - 횡단중,신호위반,포장 - 건조,맑음,교차로 - 교차로안,승용,남,34세,상해없음,보행자,여,11세,중상
8165,2018102600100548,2018년 10월 26일 19시,금요일,경기도 시흥시 정왕동,경상사고,0,0,1,0,차대사람 - 보도통행중,안전운전불이행,포장 - 건조,맑음,교차로 - 교차로안,기타불명,기타불명,미분류,기타불명,보행자,남,32세,경상
8166,2018102600100592,2018년 10월 26일 20시,금요일,경기도 여주시 연양동,중상사고,0,1,0,0,차대사람 - 기타,안전운전불이행,포장 - 젖음/습기,비,단일로 - 기타,승용,남,82세,상해없음,보행자,여,75세,중상
8167,2018102600100593,2018년 10월 26일 20시,금요일,경기도 부천시 도당동,중상사고,0,1,0,0,차대사람 - 횡단중,신호위반,포장 - 젖음/습기,비,교차로 - 교차로횡단보도내,이륜,남,20세,상해없음,보행자,여,47세,중상
8168,2018102600100616,2018년 10월 26일 20시,금요일,경기도 고양시 덕양구 토당동,중상사고,0,1,0,0,차대사람 - 차도통행중,안전운전불이행,포장 - 젖음/습기,흐림,교차로 - 교차로부근,승용,남,60세,상해없음,보행자,여,26세,중상
8169,2018102600100618,2018년 10월 26일 20시,금요일,경기도 포천시 소흘읍,경상사고,0,0,1,0,차대사람 - 횡단중,보행자보호의무위반,포장 - 젖음/습기,비,단일로 - 기타,승용,남,58세,상해없음,보행자,여,52세,경상
8170,2018102600100635,2018년 10월 26일 21시,금요일,경기도 화성시 능동,경상사고,0,0,1,0,차대사람 - 기타,기타,포장 - 건조,맑음,단일로 - 기타,승합,남,51세,기타불명,보행자,여,35세,경상
8171,2018102600100636,2018년 10월 26일 21시,금요일,경기도 부천시 중동,경상사고,0,0,1,0,차대사람 - 기타,안전운전불이행,포장 - 건조,맑음,단일로 - 기타,승용,남,50세,상해없음,보행자,여,23세,경상
8172,2018102600100656,2018년 10월 26일 21시,금요일,경기도 포천시 소흘읍,중상사고,0,1,0,0,차대사람 - 횡단중,신호위반,포장 - 젖음/습기,흐림,교차로 - 교차로횡단보도내,이륜,남,17세,상해없음,보행자,남,46세,중상