,사고번호,사고일시,요일,시군구,사고내용,사망자수,중상자수,경상자수,부상신고자수,사고유형,법규위반,노면상태,기상상태,도로형태,가해운전자 차종,가해운전자 성별,가해운전자 연령,가해운전자 상해정도,피해운전자 차종,피해운전자 성별,피해운전자 연령,피해운전자 상해정도
8173,2018102600100665,2018년 10월 26일 22시,금요일,경기도 평택시 통복동,경상사고,0,0,1,0,차대사람 - 횡단중,기타,포장 - 젖음/습기,비,교차로 - 교차로부근,승합,남,54세,상해없음,보행자,남,18세,경상
8174,2018102600100669,2018년 10월 26일 22시,금요일,경기도 성남시 분당구 구미동,경상사고,0,0,1,0,차대사람 - 기타,안전운전불이행,포장 - 건조,맑음,기타 - 기타,승합,여,47세,상해없음,보행자,여,28세,경상
8175,2018102600100695,2018년 10월 26일 23시,금요일,경기도 평택시 지산동,경상사고,0,0,1,0,차대사람 - 횡단중,보행자보호의무위반,포장 - 건조,맑음,교차로 - 교차로안,승용,남,58세,상해없음,보행자,남,20세,경상
8176,2018102600100709,2018년 10월 26일 23시,금요일,경기도 고양시 일산서구 탄현동,경상사고,0,0,1,0,차대사람 - 기타,기타,포장 - 건조,맑음,교차로 - 교차로부근,승용,남,60세,상해없음,보행자,남,60세,경상
8177,2018102700100010,2018년 10월 27일 00시,토요일,경기도 화성시 남양읍,중상사고,0,1,0,0,차대사람 - 기타,안전운전불이행,포장 - 건조,맑음,단일로 - 기타,승용,남,40세,기타불명,보행자,남,54세,중상
8178,2018102700100043,2018년 10월 27일 02시,토요일,경기도 수원시 팔달구 인계동,경상사고,0,0,1,0,차대사람 - 기타,안전운전불이행,포장 - 건조,맑음,단일로 - 기타,승용,남,58세,상해없음,보행자,여,20세,경상
8179,2018102700100141,2018년 10월 27일 08시,토요일,경기도 부천시 역곡동,경상사고,0,0,1,0,차대사람 - 차도통행중,안전운전불이행,포장 - 건조,맑음,단일로 - 기타,자전거,여,25세,상해없음,보행자,여,28세,경상
8180,2018102700100162,2018년 10월 27일 08시,토요일,경기도 고양시 일산서구 주엽동,중상사고,0,1,0,0,차대사람 - 횡단중,신호위반,포장 - 건조,맑음,단일로 - 기타,승용,남,55세,기타불명,보행자,남,58세,중상
8181,2018102700100173,2018년 10월 27일 09시,토요일,경기도 광명시 하안동,부상신고사고,0,0,0,1,차대사람 - 보도통행중,기타,포장 - 건조,맑음,기타 - 기타,기타불명,기타불명,미분류,기타불명,보행자,여,9세,부상신고
8182,2018102700100174,2018년 10월 27일 09시,토요일,경기도 수원시 영통구 영통동,경상사고,0,0,1,1,차대사람 - 횡단중,보행자보호의무위반,포장 - 건조,맑음,교차로 - 교차로횡단보도내,화물,남,39세,상해없음,보행자,여,40세,경상
8183,2018102700100206,2018년 10월 27일 10시,토요일,경기도 안성시 죽산면,중상사고,0,1,0,0,차대사람 - 기타,안전운전불이행,포장 - 건조,맑음,기타 - 기타,화물,남,61세,상해없음,보행자,남,75세,중상
8184,2018102700100235,2018년 10월 27일 11시,토요일,경기도 이천시 부발읍,경상사고,0,0,1,0,차대사람 - 기타,안전운전불이행,포장 - 건조,맑음,단일로 - 기타,승용,남,38세,상해없음,보행자,여,54세,경상
8185,2018102700100238,2018년 10월 27일 11시,토요일,경기도 용인시 처인구 역북동,중상사고,0,1,0,0,차대사람 - 차도통행중,안전운전불이행,포장 - 건조,맑음,교차로 - 교차로안,승용,여,45세,상해없음,보행자,여,89세,중상
8186,2018102700100271,2018년 10월 27일 12시,토요일,경기도 수원시 팔달구 지동,중상사고,0,1,0,0,차대사람 - 기타,안전운전불이행,포장 - 건조,맑음,단일로 - 기타,화물,남,49세,기타불명,보행자,여,68세,중상
8187,2018102700100274,2018년 10월 27일 12시,토요일,경기도 김포시 통진읍,경상사고,0,0,1,0,차대사람 - 기타,안전운전불이행,포장 - 건조,맑음,주차장 - 주차장,승용,남,36세,상해없음,보행자,여,40세,경상
8188,2018102700100275,2018년 10월 27일 12시,토요일,경기도 오산시 오산동,중상사고,0,1,0,0,차대사람 - 횡단중,안전운전불이행,포장 - 건조,맑음,단일로 - 기타,승용,남,44세,상해없음,보행자,여,44세,중상
8189,2018102700100496,2018년 10월 27일 17시,토요일,경기도 고양시 덕양구 성사동,중상사고,0,1,0,0,차대사람 - 횡단중,안전운전불이행,포장 - 건조,맑음,교차로 - 교차로안,승용,남,79세,상해없음,보행자,여,67세,중상
8190,2018102700100497,2018년 10월 27일 17시,토요일,경기도 고양시 일산동구 풍동,중상사고,0,1,0,0,차대사람 - 기타,안전운전불이행,포장 - 건조,맑음,단일로 - 기타,자전거,남,50세,상해없음,보행자,여,73세,중상
8191,2018102700100513,2018년 10월 27일 18시,토요일,경기도 부천시 소사본동,경상사고,0,0,1,0,차대사람 - 기타,기타,포장 - 건조,맑음,단일로 - 기타,승용,남,61세,상해없음,보행자,여,24세,경상
8192,2018102700100561,2018년 10월 27일 18시,토요일,경기도 의정부시 금오동,부상신고사고,0,0,0,2,차대사람 - 기타,안전운전불이행,포장 - 건조,맑음,기타 - 기타,승용,남,53세,상해없음,보행자,남,42세,부상신고
8193,2018102700100562,2018년 10월 27일 18시,토요일,경기도 고양시 덕양구 행신동,중상사고,0,1,0,0,차대사람 - 횡단중,안전운전불이행,포장 - 건조,맑음,단일로 - 기타,승용,남,53세,상해없음,보행자,남,62세,중상
8194,2018102700100579,2018년 10월 27일 19시,토요일,경기도 오산시 오산동,중상사고,0,1,0,0,차대사람 - 기타,안전운전불이행,포장 - 건조,맑음,교차로 - 교차로부근,승용,남,62세,상해없음,보행자,남,52세,중상
8195,2018102700100608,2018년 10월 27일 19시,토요일,경기도 의정부시 신곡동,중상사고,0,1,0,0,차대사람 - 차도통행중,안전운전불이행,포장 - 건조,맑음,단일로 - 기타,승용,남,58세,상해없음,보행자,남,57세,중상
8196,2018102700100609,2018년 10월 27일 19시,토요일,경기도 고양시 일산동구 장항동,중상사고,0,1,0,0,차대사람 - 횡단중,안전운전불이행,포장 - 건조,맑음,단일로 - 기타,승용,남,38세,상해없음,보행자,남,20세,중상
8197,2018102700100622,2018년 10월 27일 20시,토요일,경기도 부천시 소사동,중상사고,0,1,0,0,차대사람 - 횡단중,보행자보호의무위반,포장 - 건조,맑음,교차로 - 교차로안,승용,여,39세,상해없음,보행자,여,70세,중상
8198,2018102700100656,2018년 10월 27일 21시,토요일,경기도 안산시 상록구 본오동,중상사고,0,1,0,0,차대사람 - 횡단중,안전운전불이행,포장 - 건조,맑음,단일로 - 기타,승용,남,25세,상해없음,보행자,남,47세,중상
8199,2018102800100008,2018년 10월 28일 00시,일요일,경기도 김포시 통진읍,중상사고,0,1,1,0,차대사람 - 기타,안전운전불이행,포장 - 건조,맑음,교차로 - 교차로안,화물,남,41세,상해없음,보행자,남,23세,중상
8200,2018102800100011,2018년 10월 28일 00시,일요일,경기도 군포시 산본동,경상사고,0,0,1,0,차대사람 - 기타,안전운전불이행,포장 - 건조,맑음,단일로 - 기타,승용,남,51세,상해없음,보행자,남,31세,경상
8201,2018102800100076,2018년 10월 28일 05시,일요일,경기도 성남시 중원구 성남동,부상신고사고,0,0,0,1,차대사람 - 기타,안전운전불이행,포장 - 건조,맑음,교차로 - 교차로부근,승용,남,40세,상해없음,보행자,남,31세,부상신고
8202,2018102800100099,2018년 10월 28일 07시,일요일,경기도 성남시 분당구 정자동,중상사고,0,1,0,0,차대사람 - 기타,기타,포장 - 젖음/습기,비,단일로 - 기타,승합,남,59세,상해없음,보행자,여,83세,중상
8203,2018102800100116,2018년 10월 28일 08시,일요일,경기도 화성시 양감면,경상사고,0,0,1,0,차대사람 - 기타,안전운전불이행,비포장 - 젖음/습기,비,단일로 - 기타,승용,남,64세,상해없음,보행자,여,62세,경상
8204,2018102800100130,2018년 10월 28일 08시,일요일,경기도 남양주시 도농동,경상사고,0,0,1,0,차대사람 - 횡단중,신호위반,포장 - 젖음/습기,비,교차로 - 교차로횡단보도내,승합,남,66세,상해없음,보행자,남,51세,경상
8205,2018102800100157,2018년 10월 28일 10시,일요일,경기도 안성시 당왕동,중상사고,0,1,0,0,차대사람 - 기타,안전운전불이행,포장 - 건조,맑음,주차장 - 주차장,승용,남,37세,상해없음,보행자,여,63세,중상
8206,2018102800100190,2018년 10월 28일 11시,일요일,경기도 수원시 영통구 영통동,경상사고,0,0,2,0,차대사람 - 횡단중,안전운전불이행,포장 - 젖음/습기,비,교차로 - 교차로부근,승용,남,37세,상해없음,보행자,여,23세,경상
8207,2018102800100290,2018년 10월 28일 15시,일요일,경기도 성남시 수정구 신흥동,경상사고,0,0,1,0,차대사람 - 기타,안전운전불이행,포장 - 젖음/습기,흐림,단일로 - 기타,이륜,남,16세,상해없음,보행자,남,47세,경상
8208,2018102800100324,2018년 10월 28일 16시,일요일,경기도 김포시 대곶면,경상사고,0,0,1,0,차대사람 - 횡단중,안전운전불이행,포장 - 젖음/습기,흐림,단일로 - 기타,승용,남,55세,상해없음,보행자,남,56세,경상
8209,2018102800100356,2018년 10월 28일 17시,일요일,경기도 성남시 분당구 서현동,경상사고,0,0,1,0,차대사람 - 기타,안전운전불이행,포장 - 건조,맑음,단일로 - 기타,승용,여,45세,상해없음,보행자,남,69세,경상
8210,2018102800100389,2018년 10월 28일 18시,일요일,경기도 부천시 상동,중상사고,0,1,0,0,차대사람 - 기타,안전운전불이행,포장 - 건조,맑음,교차로 - 교차로안,승합,남,68세,상해없음,보행자,남,78세,중상
8211,2018102800100392,2018년 10월 28일 18시,일요일,경기도 군포시 당동,부상신고사고,0,0,0,1,차대사람 - 기타,안전운전불이행,포장 - 건조,맑음,단일로 - 기타,승용,남,59세,상해없음,보행자,남,76세,부상신고
8212,2018102800100427,2018년 10월 28일 18시,일요일,경기도 의정부시 호원동,중상사고,0,1,0,0,차대사람 - 횡단중,안전운전불이행,포장 - 젖음/습기,비,단일로 - 기타,승용,남,55세,상해없음,보행자,여,62세,중상
8213,2018102800100428,2018년 10월 28일 18시,일요일,경기도 파주시 와동,중상사고,0,1,0,0,차대사람 - 기타,보행자보호의무위반,포장 - 건조,맑음,단일로 - 기타,승용,여,59세,상해없음,보행자,남,48세,중상
8214,2018102800100438,2018년 10월 28일 19시,일요일,경기도 김포시 장기동,중상사고,0,1,0,0,차대사람 - 횡단중,안전운전불이행,포장 - 건조,맑음,교차로 - 교차로안,승용,남,23세,상해없음,보행자,남,61세,중상
8215,2018102800100473,2018년 10월 28일 20시,일요일,경기도 용인시 기흥구 언남동,중상사고,0,1,0,0,차대사람 - 횡단중,보행자보호의무위반,포장 - 젖음/습기,흐림,교차로 - 교차로횡단보도내,승용,여,63세,상해없음,보행자,남,57세,중상
8216,2018102800100492,2018년 10월 28일 20시,일요일,경기도 고양시 일산동구 백석동,부상신고사고,0,0,0,1,차대사람 - 횡단중,안전운전불이행,포장 - 건조,맑음,교차로 - 교차로부근,승용,여,58세,상해없음,보행자,여,77세,부상신고
8217,2018102800100499,2018년 10월 28일 21시,일요일,경기도 부천시 중동,중상사고,0,1,0,0,차대사람 - 횡단중,안전운전불이행,포장 - 젖음/습기,맑음,단일로 - 기타,이륜,남,22세,상해없음,보행자,여,58세,중상
8218,2018102800100501,2018년 10월 28일 21시,일요일,경기도 오산시 지곶동,중상사고,0,1,0,0,차대사람 - 횡단중,안전운전불이행,포장 - 젖음/습기,흐림,단일로 - 기타,승용,남,30세,상해없음,보행자,남,28세,중상
8219,2018102800100521,2018년 10월 28일 22시,일요일,경기도 화성시 송산면,경상사고,0,0,1,0,차대사람 - 길가장자리구역통행중,안전운전불이행,포장 - 건조,맑음,단일로 - 기타,승용,남,44세,상해없음,보행자,남,26세,경상
8220,2018102900100032,2018년 10월 29일 05시,월요일,경기도 여주시 천송동,사망사고,1,0,0,0,차대사람 - 횡단중,안전운전불이행,포장 - 젖음/습기,안개,단일로 - 기타,승용,여,55세,상해없음,보행자,여,85세,사망
8221,2018102900100050,2018년 10월 29일 06시,월요일,경기도 평택시 신장동,중상사고,0,1,0,0,차대사람 - 보도통행중,보행자보호의무위반,포장 - 건조,맑음,교차로 - 교차로안,승용,남,26세,상해없음,보행자,남,26세,중상
8222,2018102900100107,2018년 10월 29일 08시,월요일,경기도 수원시 장안구 파장동,경상사고,0,0,1,0,차대사람 - 기타,안전운전불이행,포장 - 건조,맑음,교차로 - 교차로부근,기타불명,기타불명,미분류,기타불명,보행자,여,25세,경상
8223,2018102900100148,2018년 10월 29일 09시,월요일,경기도 수원시 팔달구 우만동,부상신고사고,0,0,0,1,차대사람 - 횡단중,안전운전불이행,포장 - 건조,맑음,단일로 - 기타,승용,여,46세,상해없음,보행자,남,66세,부상신고
8224,2018102900100154,2018년 10월 29일 09시,월요일,경기도 김포시 마산동,경상사고,0,0,1,0,차대사람 - 횡단중,보행자보호의무위반,포장 - 건조,맑음,교차로 - 교차로횡단보도내,승용,남,78세,상해없음,보행자,여,35세,경상
8225,2018102900100195,2018년 10월 29일 10시,월요일,경기도 용인시 기흥구 동백동,중상사고,0,1,0,0,차대사람 - 횡단중,보행자보호의무위반,포장 - 건조,맑음,교차로 - 교차로횡단보도내,승용,여,50세,상해없음,보행자,여,80세,중상
8226,2018102900100249,2018년 10월 29일 11시,월요일,경기도 동두천시 보산동,경상사고,0,0,1,0,차대사람 - 기타,안전운전불이행,포장 - 건조,맑음,단일로 - 기타,승용,남,56세,상해없음,보행자,남,71세,경상
8227,2018102900100292,2018년 10월 29일 13시,월요일,경기도 성남시 분당구 야탑동,경상사고,0,0,1,0,차대사람 - 기타,안전운전불이행,포장 - 건조,맑음,단일로 - 기타,승용,남,57세,상해없음,보행자,남,41세,경상
8228,2018102900100367,2018년 10월 29일 15시,월요일,경기도 광주시 도척면,중상사고,0,1,0,0,차대사람 - 횡단중,안전운전불이행,포장 - 건조,맑음,단일로 - 기타,승용,여,51세,상해없음,보행자,여,48세,중상
8229,2018102900100368,2018년 10월 29일 15시,월요일,경기도 광주시 오포읍,중상사고,0,1,0,0,차대사람 - 차도통행중,안전운전불이행,포장 - 건조,맑음,단일로 - 기타,승용,여,31세,상해없음,보행자,여,84세,중상
8230,2018102900100369,2018년 10월 29일 15시,월요일,경기도 광주시 곤지암읍,경상사고,0,0,1,0,차대사람 - 횡단중,안전운전불이행,포장 - 건조,맑음,단일로 - 기타,승용,여,33세,상해없음,보행자,남,9세,경상
8231,2018102900100399,2018년 10월 29일 15시,월요일,경기도 파주시 문산읍,경상사고,0,0,1,0,차대사람 - 횡단중,안전운전불이행,포장 - 건조,맑음,단일로 - 기타,승용,남,39세,상해없음,보행자,여,9세,경상
8232,2018102900100412,2018년 10월 29일 16시,월요일,경기도 광주시 경안동,경상사고,0,0,1,0,차대사람 - 횡단중,안전운전불이행,포장 - 건조,맑음,교차로 - 교차로안,승용,남,59세,상해없음,보행자,남,12세,경상
8233,2018102900100415,2018년 10월 29일 16시,월요일,경기도 화성시 병점동,중상사고,0,1,0,0,차대사람 - 기타,신호위반,포장 - 건조,맑음,교차로 - 교차로횡단보도내,승용,남,55세,상해없음,보행자,여,12세,중상
8234,2018102900100455,2018년 10월 29일 17시,월요일,경기도 성남시 중원구 성남동,중상사고,0,1,0,0,차대사람 - 기타,안전운전불이행,포장 - 건조,맑음,교차로 - 교차로안,승용,남,23세,상해없음,보행자,여,67세,중상
8235,2018102900100456,2018년 10월 29일 17시,월요일,경기도 성남시 중원구 성남동,부상신고사고,0,0,0,1,차대사람 - 기타,보행자보호의무위반,포장 - 건조,맑음,교차로 - 교차로횡단보도내,기타불명,기타불명,미분류,기타불명,보행자,여,62세,부상신고
8236,2018102900100458,2018년 10월 29일 17시,월요일,경기도 하남시 신장동,중상사고,0,1,0,0,차대사람 - 기타,안전거리미확보,포장 - 건조,맑음,교차로 - 교차로부근,승합,남,66세,상해없음,보행자,여,59세,중상
8237,2018102900100481,2018년 10월 29일 17시,월요일,경기도 남양주시 평내동,중상사고,0,1,0,0,차대사람 - 횡단중,보행자보호의무위반,포장 - 건조,맑음,교차로 - 교차로횡단보도내,승용,남,23세,상해없음,보행자,여,81세,중상
8238,2018102900100498,2018년 10월 29일 18시,월요일,경기도 수원시 장안구 파장동,경상사고,0,0,1,0,차대사람 - 기타,불법유턴,포장 - 건조,맑음,단일로 - 기타,화물,남,50세,상해없음,보행자,남,53세,경상
8239,2018102900100509,2018년 10월 29일 18시,월요일,경기도 안산시 상록구 본오동,경상사고,0,0,1,0,차대사람 - 기타,안전운전불이행,포장 - 젖음/습기,비,단일로 - 기타,화물,남,36세,상해없음,보행자,여,41세,경상
8240,2018102900100578,2018년 10월 29일 19시,월요일,경기도 안산시 단원구 고잔동,중상사고,0,3,0,0,차대사람 - 보도통행중,신호위반,포장 - 건조,맑음,단일로 - 기타,승합,남,43세,상해없음,보행자,여,52세,중상
8241,2018102900100606,2018년 10월 29일 20시,월요일,경기도 김포시 고촌읍,경상사고,0,0,1,0,차대사람 - 기타,안전운전불이행,포장 - 건조,맑음,단일로 - 기타,승합,남,53세,상해없음,보행자,여,62세,경상
8242,2018102900100608,2018년 10월 29일 20시,월요일,경기도 광명시 하안동,경상사고,0,0,1,0,차대사람 - 차도통행중,안전운전불이행,포장 - 건조,맑음,기타 - 기타,승용,남,56세,상해없음,보행자,남,61세,경상
8243,2018102900100636,2018년 10월 29일 21시,월요일,경기도 안양시 동안구 평촌동,중상사고,0,1,2,0,차대사람 - 횡단중,보행자보호의무위반,포장 - 건조,맑음,교차로 - 교차로횡단보도내,승용,남,34세,상해없음,보행자,여,42세,경상
8244,2018102900100677,2018년 10월 29일 23시,월요일,경기도 성남시 중원구 은행동,부상신고사고,0,0,0,1,차대사람 - 기타,안전운전불이행,포장 - 건조,맑음,기타 - 기타,승용,남,55세,상해없음,보행자,남,37세,부상신고
8245,2018103000100037,2018년 10월 30일 03시,화요일,경기도 구리시 수택동,중상사고,0,1,0,0,차대사람 - 기타,안전운전불이행,포장 - 건조,맑음,교차로 - 교차로안,승용,남,68세,상해없음,보행자,남,73세,중상
8246,2018103000100080,2018년 10월 30일 07시,화요일,경기도 화성시 영천동,중상사고,0,1,0,0,차대사람 - 횡단중,보행자보호의무위반,포장 - 건조,맑음,단일로 - 기타,승용,여,26세,상해없음,보행자,남,31세,중상
8247,2018103000100149,2018년 10월 30일 08시,화요일,경기도 의정부시 호원동,중상사고,0,1,0,0,차대사람 - 횡단중,안전운전불이행,포장 - 건조,맑음,교차로 - 교차로횡단보도내,승용,여,55세,상해없음,보행자,여,76세,중상
8248,2018103000100151,2018년 10월 30일 08시,화요일,경기도 파주시 신촌동,중상사고,0,1,0,0,차대사람 - 기타,안전운전불이행,포장 - 건조,맑음,주차장 - 주차장,승합,남,48세,상해없음,보행자,남,61세,중상
8249,2018103000100161,2018년 10월 30일 09시,화요일,경기도 평택시 통복동,중상사고,0,1,0,0,차대사람 - 차도통행중,중앙선침범,포장 - 건조,맑음,교차로 - 교차로안,승용,여,58세,상해없음,보행자,여,70세,중상
8250,2018103000100169,2018년 10월 30일 09시,화요일,경기도 화성시 봉담읍,중상사고,0,1,0,0,차대사람 - 횡단중,보행자보호의무위반,포장 - 건조,맑음,교차로 - 교차로부근,승합,남,58세,상해없음,보행자,여,48세,중상
8251,2018103000100238,2018년 10월 30일 11시,화요일,경기도 용인시 처인구 김량장동,중상사고,0,1,0,0,차대사람 - 기타,안전운전불이행,포장 - 건조,맑음,단일로 - 기타,승용,남,36세,상해없음,보행자,여,20세,중상
8252,2018103000100257,2018년 10월 30일 11시,화요일,경기도 고양시 덕양구 용두동,중상사고,0,1,0,0,차대사람 - 길가장자리구역통행중,안전운전불이행,포장 - 건조,맑음,교차로 - 교차로부근,승용,남,69세,상해없음,보행자,여,55세,중상
8253,2018103000100258,2018년 10월 30일 11시,화요일,경기도 고양시 일산동구 중산동,중상사고,0,1,0,0,차대사람 - 보도통행중,보행자보호의무위반,포장 - 건조,맑음,교차로 - 교차로횡단보도내,승용,남,65세,상해없음,보행자,여,58세,중상
8254,2018103000100270,2018년 10월 30일 12시,화요일,경기도 여주시 상거동,중상사고,0,1,0,0,차대사람 - 기타,안전운전불이행,포장 - 건조,맑음,단일로 - 기타,승용,남,29세,상해없음,보행자,남,38세,중상
8255,2018103000100300,2018년 10월 30일 13시,화요일,경기도 부천시 중동,경상사고,0,0,1,0,차대사람 - 차도통행중,안전운전불이행,포장 - 건조,맑음,단일로 - 기타,승용,여,60세,상해없음,보행자,여,47세,경상
8256,2018103000100442,2018년 10월 30일 16시,화요일,경기도 남양주시 화도읍,경상사고,0,0,1,0,차대사람 - 기타,신호위반,포장 - 건조,맑음,단일로 - 기타,이륜,남,26세,상해없음,보행자,여,16세,경상
8257,2018103000100461,2018년 10월 30일 17시,화요일,경기도 부천시 심곡동,부상신고사고,0,0,0,1,차대사람 - 차도통행중,안전운전불이행,포장 - 건조,맑음,단일로 - 기타,승용,남,41세,상해없음,보행자,남,52세,부상신고
8258,2018103000100464,2018년 10월 30일 17시,화요일,경기도 안산시 상록구 본오동,경상사고,0,0,1,0,차대사람 - 차도통행중,교차로운행방법위반,포장 - 건조,맑음,교차로 - 교차로안,승용,남,52세,상해없음,보행자,여,23세,경상
8259,2018103000100504,2018년 10월 30일 18시,화요일,경기도 부천시 중동,부상신고사고,0,0,0,1,차대사람 - 횡단중,안전운전불이행,포장 - 건조,맑음,기타 - 기타,기타불명,기타불명,미분류,기타불명,보행자,여,9세,부상신고
8260,2018103000100505,2018년 10월 30일 18시,화요일,경기도 안산시 단원구 신길동,사망사고,1,0,0,0,차대사람 - 횡단중,보행자보호의무위반,포장 - 건조,맑음,교차로 - 교차로안,승용,남,54세,상해없음,보행자,남,62세,사망
8261,2018103000100506,2018년 10월 30일 18시,화요일,경기도 군포시 산본동,경상사고,0,0,1,0,차대사람 - 횡단중,보행자보호의무위반,포장 - 건조,맑음,교차로 - 교차로안,승용,여,37세,상해없음,보행자,여,8세,경상
8262,2018103000100552,2018년 10월 30일 18시,화요일,경기도 포천시 소흘읍,중상사고,0,1,0,0,차대사람 - 횡단중,안전운전불이행,포장 - 건조,맑음,단일로 - 기타,승합,남,59세,상해없음,보행자,남,65세,중상
8263,2018103000100565,2018년 10월 30일 19시,화요일,경기도 성남시 수정구 태평동,중상사고,0,1,0,0,차대사람 - 기타,안전운전불이행,포장 - 건조,맑음,단일로 - 기타,승용,여,30세,상해없음,보행자,남,35세,중상
8264,2018103000100566,2018년 10월 30일 19시,화요일,경기도 안양시 동안구 관양동,중상사고,0,1,0,0,차대사람 - 기타,신호위반,포장 - 건조,맑음,교차로 - 교차로횡단보도내,자전거,여,46세,상해없음,보행자,여,68세,중상
8265,2018103000100574,2018년 10월 30일 19시,화요일,경기도 용인시 기흥구 보정동,부상신고사고,0,0,0,1,차대사람 - 횡단중,보행자보호의무위반,포장 - 건조,맑음,교차로 - 교차로횡단보도내,기타불명,기타불명,미분류,기타불명,보행자,남,9세,부상신고
8266,2018103000100598,2018년 10월 30일 19시,화요일,경기도 구리시 갈매동,중상사고,0,1,0,0,차대사람 - 횡단중,안전운전불이행,포장 - 건조,맑음,교차로 - 교차로횡단보도내,승용,남,52세,상해없음,보행자,여,45세,중상
8267,2018103000100616,2018년 10월 30일 20시,화요일,경기도 안산시 상록구 성포동,중상사고,0,1,0,0,차대사람 - 횡단중,보행자보호의무위반,포장 - 건조,맑음,교차로 - 교차로횡단보도내,승용,여,28세,상해없음,보행자,남,26세,중상
8268,2018103000100649,2018년 10월 30일 21시,화요일,경기도 하남시 덕풍동,중상사고,0,1,0,0,차대사람 - 횡단중,안전운전불이행,포장 - 건조,맑음,단일로 - 기타,승용,남,46세,상해없음,보행자,남,53세,중상
8269,2018103000100686,2018년 10월 30일 22시,화요일,경기도 고양시 일산동구 풍동,경상사고,0,0,1,0,차대사람 - 길가장자리구역통행중,안전운전불이행,포장 - 건조,맑음,단일로 - 기타,기타불명,기타불명,미분류,기타불명,보행자,남,39세,경상
8270,2018103100100035,2018년 10월 31일 02시,수요일,경기도 부천시 상동,경상사고,0,0,1,0,차대사람 - 기타,안전운전불이행,포장 - 건조,맑음,단일로 - 기타,기타불명,기타불명,미분류,기타불명,보행자,남,46세,경상
8271,2018103100100059,2018년 10월 31일 06시,수요일,경기도 수원시 팔달구 팔달로3가,사망사고,1,0,0,0,차대사람 - 횡단중,안전운전불이행,포장 - 건조,맑음,교차로 - 교차로안,승용,남,51세,상해없음,보행자,여,78세,사망
8272,2018103100100060,2018년 10월 31일 06시,수요일,경기도 용인시 기흥구 구갈동,경상사고,0,0,1,0,차대사람 - 기타,안전운전불이행,포장 - 건조,맑음,단일로 - 기타,승합,남,58세,상해없음,보행자,여,26세,경상
8273,2018103100100062,2018년 10월 31일 06시,수요일,경기도 광명시 소하동,중상사고,0,1,0,0,차대사람 - 횡단중,신호위반,포장 - 건조,맑음,교차로 - 교차로횡단보도내,승용,남,60세,상해없음,보행자,여,51세,중상
8274,2018103100100065,2018년 10월 31일 06시,수요일,경기도 수원시 팔달구 매산로1가,경상사고,0,0,1,0,차대사람 - 기타,기타,포장 - 건조,맑음,교차로 - 교차로부근,승용,남,49세,상해없음,보행자,여,65세,경상
8275,2018103100100072,2018년 10월 31일 06시,수요일,경기도 의정부시 금오동,중상사고,0,1,0,0,차대사람 - 횡단중,안전운전불이행,포장 - 건조,맑음,교차로 - 교차로횡단보도내,승용,남,66세,상해없음,보행자,여,80세,중상
8276,2018103100100078,2018년 10월 31일 07시,수요일,경기도 화성시 진안동,중상사고,0,1,0,0,차대사람 - 횡단중,안전운전불이행,포장 - 건조,맑음,교차로 - 교차로안,승용,남,38세,상해없음,보행자,여,74세,중상
8277,2018103100100082,2018년 10월 31일 07시,수요일,경기도 수원시 권선구 고색동,경상사고,0,0,1,0,차대사람 - 기타,기타,포장 - 건조,맑음,단일로 - 기타,승용,여,37세,상해없음,보행자,여,69세,경상
8278,2018103100100106,2018년 10월 31일 08시,수요일,경기도 광주시 오포읍,경상사고,0,0,1,0,차대사람 - 횡단중,보행자보호의무위반,포장 - 건조,맑음,교차로 - 교차로안,승용,여,37세,상해없음,보행자,여,62세,경상
8279,2018103100100110,2018년 10월 31일 08시,수요일,경기도 오산시 세교동,중상사고,0,1,0,0,차대사람 - 횡단중,보행자보호의무위반,포장 - 건조,맑음,교차로 - 교차로안,기타불명,기타불명,미분류,기타불명,보행자,여,14세,중상
8280,2018103100100155,2018년 10월 31일 09시,수요일,경기도 안양시 만안구 안양동,중상사고,0,1,0,0,차대사람 - 차도통행중,안전운전불이행,포장 - 건조,맑음,단일로 - 기타,승용,남,36세,상해없음,보행자,남,67세,중상
8281,2018103100100182,2018년 10월 31일 10시,수요일,경기도 평택시 평택동,경상사고,0,0,1,0,차대사람 - 횡단중,안전운전불이행,포장 - 건조,맑음,교차로 - 교차로안,승용,여,47세,상해없음,보행자,여,65세,경상
8282,2018103100100184,2018년 10월 31일 10시,수요일,경기도 부천시 상동,부상신고사고,0,0,0,1,차대사람 - 기타,교차로운행방법위반,포장 - 건조,맑음,교차로 - 교차로안,승용,여,44세,상해없음,보행자,남,71세,부상신고
8283,2018103100100186,2018년 10월 31일 10시,수요일,경기도 수원시 권선구 탑동,경상사고,0,0,1,0,차대사람 - 횡단중,보행자보호의무위반,포장 - 건조,맑음,교차로 - 교차로횡단보도내,승합,남,51세,상해없음,보행자,여,44세,경상
8284,2018103100100288,2018년 10월 31일 13시,수요일,경기도 부천시 원미동,경상사고,0,0,1,0,차대사람 - 길가장자리구역통행중,안전운전불이행,포장 - 건조,맑음,단일로 - 기타,승용,남,34세,상해없음,보행자,여,70세,경상