,사고번호,사고일시,요일,시군구,사고내용,사망자수,중상자수,경상자수,부상신고자수,사고유형,법규위반,노면상태,기상상태,도로형태,가해운전자 차종,가해운전자 성별,가해운전자 연령,가해운전자 상해정도,피해운전자 차종,피해운전자 성별,피해운전자 연령,피해운전자 상해정도
8399,2018110300100502,2018년 11월 3일 18시,토요일,경기도 부천시 중동,중상사고,0,1,0,0,차대사람 - 기타,안전운전불이행,포장 - 건조,맑음,교차로 - 교차로부근,승용,여,49세,상해없음,보행자,남,32세,중상
8400,2018110300100503,2018년 11월 3일 18시,토요일,경기도 성남시 분당구 정자동,경상사고,0,0,1,0,차대사람 - 횡단중,안전운전불이행,포장 - 건조,맑음,교차로 - 교차로안,승용,여,48세,상해없음,보행자,남,25세,경상
8401,2018110300100508,2018년 11월 3일 18시,토요일,경기도 하남시 신장동,부상신고사고,0,0,0,1,차대사람 - 기타,안전운전불이행,포장 - 건조,맑음,단일로 - 기타,승합,남,44세,상해없음,보행자,남,18세,부상신고
8402,2018110300100534,2018년 11월 3일 18시,토요일,경기도 고양시 덕양구 동산동,중상사고,0,1,0,0,차대사람 - 횡단중,보행자보호의무위반,포장 - 건조,맑음,교차로 - 교차로안,승합,남,62세,상해없음,보행자,여,49세,중상
8403,2018110300100548,2018년 11월 3일 19시,토요일,경기도 수원시 팔달구 화서동,경상사고,0,0,1,0,차대사람 - 횡단중,안전운전불이행,포장 - 건조,맑음,단일로 - 기타,승용,남,46세,상해없음,보행자,여,67세,경상
8404,2018110300100551,2018년 11월 3일 19시,토요일,경기도 광주시 경안동,경상사고,0,0,1,0,차대사람 - 횡단중,신호위반,포장 - 건조,맑음,교차로 - 교차로횡단보도내,승용,남,30세,상해없음,보행자,남,38세,경상
8405,2018110300100555,2018년 11월 3일 19시,토요일,경기도 수원시 권선구 권선동,중상사고,0,1,0,0,차대사람 - 횡단중,신호위반,포장 - 건조,맑음,단일로 - 기타,승용,남,26세,상해없음,보행자,남,58세,중상
8406,2018110300100556,2018년 11월 3일 19시,토요일,경기도 안산시 상록구 일동,경상사고,0,0,1,0,차대사람 - 횡단중,안전운전불이행,포장 - 건조,맑음,단일로 - 기타,이륜,남,18세,상해없음,보행자,여,69세,경상
8407,2018110300100558,2018년 11월 3일 19시,토요일,경기도 부천시 도당동,경상사고,0,0,1,0,차대사람 - 기타,안전운전불이행,포장 - 건조,맑음,단일로 - 기타,승용,여,56세,상해없음,보행자,남,64세,경상
8408,2018110300100574,2018년 11월 3일 19시,토요일,경기도 고양시 덕양구 내유동,경상사고,0,0,1,0,차대사람 - 차도통행중,안전운전불이행,포장 - 건조,흐림,단일로 - 기타,화물,남,53세,상해없음,보행자,여,58세,경상
8409,2018110300100615,2018년 11월 3일 21시,토요일,경기도 파주시 파주읍,경상사고,0,0,1,0,차대사람 - 횡단중,안전운전불이행,포장 - 건조,맑음,교차로 - 교차로안,승용,남,60세,상해없음,보행자,남,52세,경상
8410,2018110400100020,2018년 11월 4일 01시,일요일,경기도 성남시 중원구 하대원동,중상사고,0,1,0,0,차대사람 - 횡단중,안전운전불이행,포장 - 건조,맑음,단일로 - 기타,승용,남,54세,상해없음,보행자,남,27세,중상
8411,2018110400100093,2018년 11월 4일 08시,일요일,경기도 수원시 권선구 권선동,경상사고,0,0,1,0,차대사람 - 횡단중,안전운전불이행,포장 - 건조,맑음,교차로 - 교차로부근,승용,여,52세,상해없음,보행자,여,20세,경상
8412,2018110400100094,2018년 11월 4일 08시,일요일,경기도 시흥시 정왕동,중상사고,0,1,0,0,차대사람 - 기타,안전운전불이행,포장 - 건조,맑음,단일로 - 기타,승용,여,54세,상해없음,보행자,남,42세,중상
8413,2018110400100132,2018년 11월 4일 10시,일요일,경기도 수원시 장안구 영화동,경상사고,0,0,2,0,차대사람 - 횡단중,보행자보호의무위반,포장 - 건조,맑음,교차로 - 교차로횡단보도내,화물,남,39세,상해없음,보행자,여,53세,경상
8414,2018110400100160,2018년 11월 4일 11시,일요일,경기도 안산시 상록구 사동,경상사고,0,0,1,0,차대사람 - 기타,안전운전불이행,포장 - 건조,맑음,주차장 - 주차장,승용,남,39세,상해없음,보행자,남,38세,경상
8415,2018110400100193,2018년 11월 4일 12시,일요일,경기도 광명시 철산동,중상사고,0,1,0,0,차대사람 - 횡단중,안전운전불이행,포장 - 건조,맑음,단일로 - 기타,기타불명,기타불명,미분류,기타불명,보행자,여,9세,중상
8416,2018110400100221,2018년 11월 4일 13시,일요일,경기도 김포시 대곶면,중상사고,0,1,0,0,차대사람 - 기타,안전운전불이행,포장 - 건조,맑음,단일로 - 기타,승용,남,22세,상해없음,보행자,여,88세,중상
8417,2018110400100332,2018년 11월 4일 16시,일요일,경기도 부천시 중동,경상사고,0,0,1,0,차대사람 - 차도통행중,안전운전불이행,포장 - 건조,맑음,단일로 - 기타,승용,남,32세,상해없음,보행자,남,51세,경상
8418,2018110400100394,2018년 11월 4일 18시,일요일,경기도 용인시 처인구 포곡읍,경상사고,0,0,1,0,차대사람 - 보도통행중,안전운전불이행,포장 - 건조,맑음,기타 - 기타,기타불명,기타불명,미분류,기타불명,보행자,남,26세,경상
8419,2018110400100424,2018년 11월 4일 18시,일요일,경기도 고양시 덕양구 고양동,경상사고,0,0,1,0,차대사람 - 기타,안전운전불이행,포장 - 건조,맑음,단일로 - 기타,승용,남,58세,상해없음,보행자,남,64세,경상
8420,2018110400100429,2018년 11월 4일 18시,일요일,경기도 고양시 덕양구 대자동,부상신고사고,0,0,0,1,차대사람 - 횡단중,신호위반,포장 - 건조,맑음,교차로 - 교차로안,기타불명,기타불명,미분류,기타불명,보행자,여,57세,부상신고
8421,2018110400100442,2018년 11월 4일 19시,일요일,경기도 성남시 중원구 중앙동,중상사고,0,1,0,0,차대사람 - 차도통행중,중앙선침범,포장 - 건조,맑음,단일로 - 기타,이륜,남,67세,상해없음,보행자,여,65세,중상
8422,2018110400100464,2018년 11월 4일 19시,일요일,경기도 파주시 금촌동,경상사고,0,0,1,0,차대사람 - 기타,안전운전불이행,포장 - 건조,맑음,단일로 - 기타,승용,남,48세,상해없음,보행자,남,6세,경상
8423,2018110400100471,2018년 11월 4일 20시,일요일,경기도 수원시 장안구 정자동,중상사고,0,1,0,0,차대사람 - 횡단중,보행자보호의무위반,포장 - 건조,맑음,교차로 - 교차로횡단보도내,승용,남,66세,상해없음,보행자,여,78세,중상
8424,2018110400100521,2018년 11월 4일 22시,일요일,경기도 부천시 중동,중상사고,0,1,1,0,차대사람 - 횡단중,안전운전불이행,포장 - 건조,맑음,교차로 - 교차로안,승용,남,58세,상해없음,보행자,남,55세,중상
8425,2018110400100538,2018년 11월 4일 23시,일요일,경기도 안산시 단원구 고잔동,경상사고,0,0,2,0,차대사람 - 기타,안전운전불이행,포장 - 건조,맑음,단일로 - 기타,기타불명,기타불명,미분류,기타불명,보행자,남,53세,경상
8426,2018110500100035,2018년 11월 5일 05시,월요일,경기도 평택시 팽성읍,경상사고,0,0,1,0,차대사람 - 횡단중,보행자보호의무위반,포장 - 건조,맑음,교차로 - 교차로횡단보도내,기타불명,기타불명,미분류,기타불명,보행자,남,60세,경상
8427,2018110500100044,2018년 11월 5일 06시,월요일,경기도 안양시 동안구 관양동,사망사고,1,0,0,0,차대사람 - 횡단중,안전운전불이행,포장 - 건조,맑음,교차로 - 교차로횡단보도내,승용,남,71세,상해없음,보행자,남,70세,사망
8428,2018110500100048,2018년 11월 5일 06시,월요일,경기도 성남시 분당구 구미동,경상사고,0,0,1,0,차대사람 - 횡단중,안전운전불이행,포장 - 건조,맑음,교차로 - 교차로부근,화물,남,22세,상해없음,보행자,여,57세,경상
8429,2018110500100075,2018년 11월 5일 07시,월요일,경기도 광명시 일직동,경상사고,0,0,1,0,차대사람 - 횡단중,보행자보호의무위반,포장 - 건조,맑음,교차로 - 교차로횡단보도내,승용,남,30세,상해없음,보행자,여,38세,경상
8430,2018110500100077,2018년 11월 5일 07시,월요일,경기도 안산시 상록구 본오동,경상사고,0,0,1,0,차대사람 - 기타,안전운전불이행,포장 - 건조,맑음,교차로 - 교차로안,기타불명,기타불명,미분류,기타불명,보행자,여,17세,경상
8431,2018110500100079,2018년 11월 5일 07시,월요일,경기도 용인시 수지구 성복동,중상사고,0,1,0,0,차대사람 - 기타,안전운전불이행,포장 - 건조,맑음,단일로 - 기타,승합,남,54세,상해없음,보행자,여,51세,중상
8432,2018110500100173,2018년 11월 5일 09시,월요일,경기도 파주시 광탄면,중상사고,0,1,0,0,차대사람 - 기타,안전운전불이행,포장 - 건조,맑음,단일로 - 기타,승용,남,75세,상해없음,보행자,여,55세,중상
8433,2018110500100186,2018년 11월 5일 10시,월요일,경기도 평택시 이충동,경상사고,0,0,1,0,차대사람 - 기타,보행자보호의무위반,포장 - 건조,맑음,단일로 - 기타,기타불명,기타불명,미분류,기타불명,보행자,여,48세,경상
8434,2018110500100214,2018년 11월 5일 10시,월요일,경기도 남양주시 진접읍,중상사고,0,1,0,0,차대사람 - 기타,안전운전불이행,포장 - 건조,맑음,단일로 - 기타,화물,남,59세,상해없음,보행자,남,61세,중상
8435,2018110500100262,2018년 11월 5일 11시,월요일,경기도 가평군 가평읍,부상신고사고,0,0,0,1,차대사람 - 차도통행중,안전운전불이행,포장 - 건조,맑음,단일로 - 기타,개인형이동수단(PM),여,82세,상해없음,보행자,남,79세,부상신고
8436,2018110500100271,2018년 11월 5일 12시,월요일,경기도 광주시 오포읍,경상사고,0,0,1,0,차대사람 - 기타,안전운전불이행,포장 - 건조,맑음,단일로 - 기타,승용,여,31세,상해없음,보행자,여,48세,경상
8437,2018110500100273,2018년 11월 5일 12시,월요일,경기도 수원시 권선구 탑동,중상사고,0,1,0,0,차대사람 - 기타,안전운전불이행,포장 - 건조,맑음,단일로 - 기타,화물,남,49세,상해없음,보행자,남,77세,중상
8438,2018110500100303,2018년 11월 5일 13시,월요일,경기도 수원시 팔달구 우만동,경상사고,0,0,1,0,차대사람 - 기타,안전운전불이행,포장 - 건조,맑음,단일로 - 기타,승용,여,53세,기타불명,보행자,여,33세,경상
8439,2018110500100305,2018년 11월 5일 13시,월요일,경기도 광주시 경안동,경상사고,0,0,1,0,차대사람 - 기타,교차로운행방법위반,포장 - 건조,맑음,교차로 - 교차로부근,화물,남,49세,상해없음,보행자,여,71세,경상
8440,2018110500100332,2018년 11월 5일 14시,월요일,경기도 김포시 풍무동,경상사고,0,0,1,0,차대사람 - 횡단중,안전운전불이행,포장 - 건조,맑음,단일로 - 기타,화물,남,47세,상해없음,보행자,남,41세,경상
8441,2018110500100356,2018년 11월 5일 14시,월요일,경기도 의정부시 신곡동,경상사고,0,0,1,0,차대사람 - 횡단중,안전운전불이행,포장 - 건조,맑음,단일로 - 기타,승용,남,53세,상해없음,보행자,여,9세,경상
8442,2018110500100358,2018년 11월 5일 14시,월요일,경기도 구리시 교문동,중상사고,0,1,0,0,차대사람 - 횡단중,보행자보호의무위반,포장 - 건조,맑음,교차로 - 교차로안,승합,여,56세,상해없음,보행자,남,86세,중상
8443,2018110500100370,2018년 11월 5일 15시,월요일,경기도 안양시 동안구 관양동,중상사고,0,1,0,0,차대사람 - 횡단중,신호위반,포장 - 건조,맑음,교차로 - 교차로부근,승용,여,37세,상해없음,보행자,여,14세,중상
8444,2018110500100374,2018년 11월 5일 15시,월요일,경기도 시흥시 대야동,경상사고,0,0,1,0,차대사람 - 차도통행중,안전운전불이행,포장 - 건조,맑음,단일로 - 기타,승용,여,36세,상해없음,보행자,남,39세,경상
8445,2018110500100414,2018년 11월 5일 16시,월요일,경기도 김포시 사우동,경상사고,0,0,1,0,차대사람 - 횡단중,안전운전불이행,포장 - 건조,맑음,단일로 - 기타,승용,여,59세,상해없음,보행자,남,7세,경상
8446,2018110500100455,2018년 11월 5일 17시,월요일,경기도 수원시 팔달구 화서동,경상사고,0,0,1,0,차대사람 - 기타,기타,포장 - 건조,맑음,단일로 - 기타,승합,남,31세,상해없음,보행자,여,67세,경상
8447,2018110500100459,2018년 11월 5일 17시,월요일,경기도 부천시 소사본동,부상신고사고,0,0,0,1,차대사람 - 기타,안전운전불이행,포장 - 건조,맑음,교차로 - 교차로안,화물,남,45세,상해없음,보행자,남,19세,부상신고
8448,2018110500100462,2018년 11월 5일 17시,월요일,경기도 군포시 당동,중상사고,0,1,0,0,차대사람 - 횡단중,안전운전불이행,포장 - 건조,맑음,교차로 - 교차로횡단보도내,승용,남,51세,상해없음,보행자,여,70세,중상
8449,2018110500100496,2018년 11월 5일 17시,월요일,경기도 남양주시 진건읍,경상사고,0,0,1,0,차대사람 - 횡단중,안전운전불이행,포장 - 건조,맑음,교차로 - 교차로안,승용,남,44세,상해없음,보행자,남,21세,경상
8450,2018110500100497,2018년 11월 5일 17시,월요일,경기도 파주시 파주읍,부상신고사고,0,0,0,1,차대사람 - 기타,안전운전불이행,포장 - 건조,맑음,단일로 - 기타,승용,남,18세,상해없음,보행자,남,18세,부상신고
8451,2018110500100512,2018년 11월 5일 18시,월요일,경기도 안성시 옥산동,경상사고,0,0,1,0,차대사람 - 횡단중,안전운전불이행,포장 - 건조,맑음,교차로 - 교차로부근,승용,여,28세,상해없음,보행자,남,26세,경상
8452,2018110500100516,2018년 11월 5일 18시,월요일,경기도 안산시 단원구 고잔동,경상사고,0,0,1,0,차대사람 - 기타,안전운전불이행,포장 - 건조,맑음,단일로 - 기타,기타불명,기타불명,미분류,기타불명,보행자,남,11세,경상
8453,2018110500100518,2018년 11월 5일 18시,월요일,경기도 안산시 상록구 월피동,경상사고,0,0,2,0,차대사람 - 횡단중,안전운전불이행,포장 - 건조,맑음,교차로 - 교차로안,이륜,남,18세,상해없음,보행자,남,47세,경상
8454,2018110500100572,2018년 11월 5일 19시,월요일,경기도 광주시 초월읍,중상사고,0,1,0,0,차대사람 - 횡단중,보행자보호의무위반,포장 - 건조,맑음,교차로 - 교차로횡단보도내,화물,남,62세,상해없음,보행자,여,84세,중상
8455,2018110500100573,2018년 11월 5일 19시,월요일,경기도 김포시 사우동,중상사고,0,1,0,0,차대사람 - 횡단중,신호위반,포장 - 건조,맑음,교차로 - 교차로부근,이륜,남,39세,상해없음,보행자,여,57세,중상
8456,2018110500100578,2018년 11월 5일 19시,월요일,경기도 시흥시 거모동,경상사고,0,0,1,0,차대사람 - 횡단중,안전운전불이행,포장 - 건조,맑음,단일로 - 기타,승용,남,33세,상해없음,보행자,남,10세,경상
8457,2018110500100608,2018년 11월 5일 20시,월요일,경기도 이천시 진리동,중상사고,0,1,0,0,차대사람 - 횡단중,보행자보호의무위반,포장 - 건조,맑음,교차로 - 교차로안,승용,남,28세,상해없음,보행자,남,33세,중상
8458,2018110500100632,2018년 11월 5일 21시,월요일,경기도 수원시 권선구 금곡동,경상사고,0,0,1,0,차대사람 - 기타,안전운전불이행,포장 - 건조,맑음,교차로 - 교차로부근,승용,남,41세,기타불명,보행자,남,56세,경상
8459,2018110500100654,2018년 11월 5일 22시,월요일,경기도 의왕시 삼동,중상사고,0,1,0,0,차대사람 - 횡단중,보행자보호의무위반,포장 - 건조,맑음,교차로 - 교차로안,화물,남,50세,상해없음,보행자,남,56세,중상
8460,2018110600100002,2018년 11월 6일 00시,화요일,경기도 안산시 단원구 고잔동,경상사고,0,0,1,0,차대사람 - 횡단중,보행자보호의무위반,포장 - 건조,맑음,교차로 - 교차로횡단보도내,승용,남,36세,상해없음,보행자,남,40세,경상
8461,2018110600100033,2018년 11월 6일 05시,화요일,경기도 부천시 소사본동,경상사고,0,0,1,0,차대사람 - 횡단중,보행자보호의무위반,포장 - 건조,맑음,기타 - 기타,승용,남,61세,상해없음,보행자,여,60세,경상
8462,2018110600100044,2018년 11월 6일 06시,화요일,경기도 광명시 소하동,경상사고,0,0,1,0,차대사람 - 차도통행중,안전운전불이행,포장 - 건조,맑음,교차로 - 교차로안,승용,여,49세,상해없음,보행자,여,22세,경상
8463,2018110600100045,2018년 11월 6일 06시,화요일,경기도 안산시 단원구 고잔동,경상사고,0,0,1,0,차대사람 - 횡단중,안전운전불이행,포장 - 건조,맑음,단일로 - 기타,승용,남,47세,상해없음,보행자,남,51세,경상
8464,2018110600100057,2018년 11월 6일 07시,화요일,경기도 부천시 심곡동,중상사고,0,1,0,0,차대사람 - 기타,안전운전불이행,포장 - 건조,맑음,단일로 - 기타,승용,남,46세,상해없음,보행자,여,32세,중상
8465,2018110600100088,2018년 11월 6일 08시,화요일,경기도 양평군 청운면,중상사고,0,1,0,0,차대사람 - 기타,안전운전불이행,포장 - 건조,맑음,단일로 - 기타,승용,여,55세,상해없음,보행자,여,79세,중상
8466,2018110600100092,2018년 11월 6일 08시,화요일,경기도 용인시 수지구 상현동,경상사고,0,0,1,0,차대사람 - 횡단중,신호위반,포장 - 건조,맑음,단일로 - 기타,승용,여,24세,상해없음,보행자,남,6세,경상
8467,2018110600100196,2018년 11월 6일 11시,화요일,경기도 평택시 지산동,경상사고,0,0,1,0,차대사람 - 차도통행중,안전운전불이행,포장 - 건조,맑음,단일로 - 기타,승용,여,61세,상해없음,보행자,남,59세,경상
8468,2018110600100197,2018년 11월 6일 11시,화요일,경기도 안양시 동안구 호계동,중상사고,0,1,0,0,차대사람 - 기타,기타,포장 - 건조,맑음,기타 - 기타,승합,남,58세,상해없음,보행자,여,60세,중상
8469,2018110600100198,2018년 11월 6일 11시,화요일,경기도 광주시 오포읍,경상사고,0,0,1,0,차대사람 - 횡단중,안전운전불이행,포장 - 건조,맑음,단일로 - 기타,승용,여,59세,상해없음,보행자,남,22세,경상
8470,2018110600100237,2018년 11월 6일 12시,화요일,경기도 이천시 중리동,중상사고,0,1,0,0,차대사람 - 차도통행중,안전운전불이행,포장 - 건조,맑음,교차로 - 교차로안,승용,여,29세,상해없음,보행자,남,83세,중상
8471,2018110600100266,2018년 11월 6일 13시,화요일,경기도 오산시 외삼미동,중상사고,0,1,0,0,차대사람 - 횡단중,신호위반,포장 - 건조,맑음,단일로 - 기타,기타불명,기타불명,미분류,기타불명,보행자,남,78세,중상
8472,2018110600100283,2018년 11월 6일 13시,화요일,경기도 파주시 목동동,경상사고,0,0,1,0,차대사람 - 횡단중,보행자보호의무위반,포장 - 건조,맑음,교차로 - 교차로횡단보도내,승용,여,40세,상해없음,보행자,여,69세,경상
8473,2018110600100293,2018년 11월 6일 14시,화요일,경기도 성남시 분당구 이매동,중상사고,0,1,0,0,차대사람 - 횡단중,보행자보호의무위반,포장 - 건조,맑음,교차로 - 교차로횡단보도내,승용,여,55세,상해없음,보행자,여,74세,중상
8474,2018110600100352,2018년 11월 6일 16시,화요일,경기도 수원시 장안구 영화동,경상사고,0,0,1,0,차대사람 - 기타,안전운전불이행,포장 - 건조,맑음,단일로 - 기타,승용,여,57세,상해없음,보행자,여,50세,경상
8475,2018110600100353,2018년 11월 6일 16시,화요일,경기도 용인시 처인구 포곡읍,경상사고,0,0,1,0,차대사람 - 기타,안전운전불이행,포장 - 건조,맑음,기타 - 기타,승용,남,66세,상해없음,보행자,남,52세,경상
8476,2018110600100394,2018년 11월 6일 17시,화요일,경기도 부천시 중동,중상사고,0,1,0,0,차대사람 - 기타,안전운전불이행,포장 - 건조,맑음,교차로 - 교차로부근,승합,남,52세,상해없음,보행자,여,16세,중상
8477,2018110600100432,2018년 11월 6일 17시,화요일,경기도 의정부시 의정부동,경상사고,0,0,1,1,차대사람 - 보도통행중,기타,포장 - 건조,맑음,기타 - 기타,승용,여,30세,상해없음,보행자,여,33세,경상
8478,2018110600100433,2018년 11월 6일 17시,화요일,경기도 포천시 선단동,중상사고,0,1,0,0,차대사람 - 기타,안전운전불이행,포장 - 건조,맑음,기타 - 기타,승용,남,73세,상해없음,보행자,여,9세,중상
8479,2018110600100448,2018년 11월 6일 18시,화요일,경기도 부천시 고강동,경상사고,0,0,1,0,차대사람 - 기타,안전운전불이행,포장 - 건조,맑음,단일로 - 기타,승용,남,76세,상해없음,보행자,남,51세,경상
8480,2018110600100490,2018년 11월 6일 18시,화요일,경기도 동두천시 상패동,중상사고,0,1,0,0,차대사람 - 횡단중,안전운전불이행,포장 - 건조,맑음,교차로 - 교차로안,승용,남,46세,상해없음,보행자,남,61세,중상
8481,2018110600100508,2018년 11월 6일 19시,화요일,경기도 안양시 동안구 관양동,중상사고,0,1,0,0,차대사람 - 기타,안전운전불이행,포장 - 건조,맑음,기타 - 기타,자전거,남,34세,상해없음,보행자,여,65세,중상
8482,2018110600100509,2018년 11월 6일 19시,화요일,경기도 이천시 창전동,경상사고,0,0,1,0,차대사람 - 횡단중,보행자보호의무위반,포장 - 건조,맑음,교차로 - 교차로안,승용,남,28세,상해없음,보행자,남,63세,경상
8483,2018110600100511,2018년 11월 6일 19시,화요일,경기도 양평군 강상면,중상사고,0,2,0,0,차대사람 - 기타,안전운전불이행,포장 - 건조,맑음,기타 - 기타,승용,남,58세,상해없음,보행자,남,37세,중상
8484,2018110600100516,2018년 11월 6일 19시,화요일,경기도 용인시 수지구 죽전동,경상사고,0,0,1,0,차대사람 - 기타,안전운전불이행,포장 - 건조,맑음,단일로 - 기타,이륜,남,16세,상해없음,보행자,남,25세,경상
8485,2018110600100575,2018년 11월 6일 21시,화요일,경기도 평택시 비전동,경상사고,0,0,2,0,차대사람 - 차도통행중,중앙선침범,포장 - 건조,맑음,기타 - 기타,승용,남,20세,상해없음,보행자,남,51세,경상
8486,2018110600100592,2018년 11월 6일 22시,화요일,경기도 평택시 평택동,경상사고,0,0,1,0,차대사람 - 횡단중,안전운전불이행,포장 - 건조,맑음,교차로 - 교차로부근,승용,여,45세,상해없음,보행자,남,52세,경상
8487,2018110600100614,2018년 11월 6일 23시,화요일,경기도 안양시 동안구 관양동,경상사고,0,0,1,0,차대사람 - 기타,안전운전불이행,포장 - 건조,맑음,교차로 - 교차로안,승용,남,55세,상해없음,보행자,여,22세,경상
8488,2018110600100617,2018년 11월 6일 23시,화요일,경기도 수원시 영통구 영통동,경상사고,0,0,1,0,차대사람 - 길가장자리구역통행중,안전운전불이행,포장 - 건조,맑음,단일로 - 기타,승용,남,49세,상해없음,보행자,남,47세,경상
8489,2018110600100631,2018년 11월 6일 23시,화요일,경기도 남양주시 별내동,중상사고,0,1,0,0,차대사람 - 기타,안전운전불이행,포장 - 건조,맑음,교차로 - 교차로안,승용,남,31세,상해없음,보행자,남,48세,중상
8490,2018110700100002,2018년 11월 7일 00시,수요일,경기도 광명시 광명동,경상사고,0,0,1,0,차대사람 - 차도통행중,안전운전불이행,포장 - 건조,맑음,단일로 - 기타,화물,남,59세,상해없음,보행자,남,56세,경상
8491,2018110700100003,2018년 11월 7일 00시,수요일,경기도 안산시 상록구 부곡동,경상사고,0,0,2,0,차대사람 - 기타,안전운전불이행,포장 - 건조,맑음,교차로 - 교차로부근,승합,남,53세,상해없음,보행자,여,56세,경상
8492,2018110700100023,2018년 11월 7일 01시,수요일,경기도 광명시 일직동,중상사고,0,1,0,0,차대사람 - 횡단중,보행자보호의무위반,포장 - 젖음/습기,비,단일로 - 기타,승용,남,53세,상해없음,보행자,남,48세,중상
8493,2018110700100028,2018년 11월 7일 01시,수요일,경기도 고양시 일산동구 백석동,경상사고,0,0,1,0,차대사람 - 횡단중,보행자보호의무위반,포장 - 건조,맑음,교차로 - 교차로안,승용,남,59세,상해없음,보행자,남,50세,경상
8494,2018110700100033,2018년 11월 7일 02시,수요일,경기도 안성시 죽산면,경상사고,0,0,1,0,차대사람 - 기타,안전운전불이행,포장 - 건조,맑음,단일로 - 교량,화물,남,40세,상해없음,보행자,남,42세,경상
8495,2018110700100088,2018년 11월 7일 07시,수요일,경기도 광주시 태전동,중상사고,0,1,0,0,차대사람 - 기타,신호위반,포장 - 젖음/습기,비,교차로 - 교차로횡단보도내,화물,남,52세,상해없음,보행자,여,11세,중상
8496,2018110700100122,2018년 11월 7일 08시,수요일,경기도 성남시 수정구 수진동,경상사고,0,0,1,0,차대사람 - 기타,안전운전불이행,포장 - 건조,맑음,단일로 - 기타,승합,남,61세,상해없음,보행자,여,71세,경상
8497,2018110700100129,2018년 11월 7일 08시,수요일,경기도 안산시 단원구 신길동,중상사고,0,1,0,0,차대사람 - 횡단중,보행자보호의무위반,포장 - 젖음/습기,흐림,교차로 - 교차로부근,승용,남,29세,상해없음,보행자,남,49세,중상
8498,2018110700100228,2018년 11월 7일 11시,수요일,경기도 하남시 덕풍동,경상사고,0,0,1,0,차대사람 - 기타,안전운전불이행,포장 - 건조,맑음,기타 - 기타,기타불명,기타불명,미분류,기타불명,보행자,여,70세,경상
8499,2018110700100248,2018년 11월 7일 12시,수요일,경기도 성남시 수정구 복정동,경상사고,0,0,1,0,차대사람 - 차도통행중,안전운전불이행,포장 - 건조,맑음,단일로 - 기타,승용,여,29세,상해없음,보행자,여,20세,경상
8500,2018110700100286,2018년 11월 7일 13시,수요일,경기도 안성시 죽산면,중상사고,0,1,0,0,차대사람 - 기타,안전운전불이행,포장 - 건조,맑음,교차로 - 교차로부근,화물,남,59세,상해없음,보행자,여,83세,중상
8501,2018110700100287,2018년 11월 7일 13시,수요일,경기도 부천시 심곡동,중상사고,0,1,0,0,차대사람 - 기타,안전운전불이행,포장 - 건조,맑음,단일로 - 기타,승용,여,43세,상해없음,보행자,여,50세,중상
8502,2018110700100292,2018년 11월 7일 13시,수요일,경기도 수원시 팔달구 매산로1가,부상신고사고,0,0,0,1,차대사람 - 횡단중,안전운전불이행,포장 - 건조,맑음,단일로 - 기타,기타불명,기타불명,미분류,기타불명,보행자,남,75세,부상신고
8503,2018110700100317,2018년 11월 7일 14시,수요일,경기도 평택시 평택동,경상사고,0,0,1,0,차대사람 - 기타,안전운전불이행,포장 - 건조,맑음,기타 - 기타,승용,여,46세,상해없음,보행자,여,49세,경상
8504,2018110700100318,2018년 11월 7일 14시,수요일,경기도 성남시 중원구 성남동,경상사고,0,0,1,0,차대사람 - 기타,안전운전불이행,비포장 - 건조,맑음,단일로 - 기타,승용,여,55세,상해없음,보행자,여,57세,경상
8505,2018110700100374,2018년 11월 7일 15시,수요일,경기도 남양주시 화도읍,부상신고사고,0,0,0,1,차대사람 - 기타,안전운전불이행,포장 - 건조,맑음,단일로 - 기타,승용,여,45세,상해없음,보행자,남,46세,부상신고
8506,2018110700100386,2018년 11월 7일 16시,수요일,경기도 용인시 기흥구 구갈동,경상사고,0,0,1,0,차대사람 - 기타,안전운전불이행,포장 - 건조,맑음,단일로 - 기타,화물,남,44세,상해없음,보행자,여,7세,경상
8507,2018110700100424,2018년 11월 7일 17시,수요일,경기도 광주시 송정동,경상사고,0,0,1,0,차대사람 - 기타,안전운전불이행,포장 - 건조,맑음,교차로 - 교차로부근,승용,여,61세,상해없음,보행자,여,13세,경상
8508,2018110700100429,2018년 11월 7일 17시,수요일,경기도 광명시 소하동,중상사고,0,1,0,0,차대사람 - 횡단중,보행자보호의무위반,포장 - 건조,맑음,교차로 - 교차로안,승용,여,30세,상해없음,보행자,여,25세,중상
8509,2018110700100492,2018년 11월 7일 18시,수요일,경기도 부천시 옥길동,중상사고,0,1,0,0,차대사람 - 보도통행중,보행자보호의무위반,포장 - 건조,맑음,교차로 - 교차로횡단보도내,승합,남,61세,상해없음,보행자,여,12세,중상
8510,2018110700100498,2018년 11월 7일 18시,수요일,경기도 군포시 산본동,경상사고,0,0,1,0,차대사람 - 기타,기타,포장 - 건조,맑음,단일로 - 기타,승합,남,63세,상해없음,보행자,여,22세,경상
8511,2018110700100553,2018년 11월 7일 18시,수요일,경기도 남양주시 와부읍,부상신고사고,0,0,0,1,차대사람 - 기타,안전운전불이행,포장 - 건조,맑음,주차장 - 주차장,기타불명,기타불명,미분류,기타불명,보행자,남,18세,부상신고