,사고번호,사고일시,요일,시군구,사고내용,사망자수,중상자수,경상자수,부상신고자수,사고유형,법규위반,노면상태,기상상태,도로형태,가해운전자 차종,가해운전자 성별,가해운전자 연령,가해운전자 상해정도,피해운전자 차종,피해운전자 성별,피해운전자 연령,피해운전자 상해정도
8625,2018111000100436,2018년 11월 10일 16시,토요일,경기도 용인시 수지구 상현동,중상사고,0,1,0,0,차대사람 - 기타,안전운전불이행,포장 - 건조,맑음,기타 - 기타,승용,남,69세,상해없음,보행자,여,49세,중상
8626,2018111000100473,2018년 11월 10일 17시,토요일,경기도 수원시 팔달구 화서동,경상사고,0,0,1,0,차대사람 - 차도통행중,안전운전불이행,포장 - 건조,맑음,단일로 - 기타,승용,남,45세,상해없음,보행자,여,47세,경상
8627,2018111000100480,2018년 11월 10일 17시,토요일,경기도 수원시 권선구 권선동,경상사고,0,0,1,0,차대사람 - 차도통행중,안전운전불이행,포장 - 건조,맑음,교차로 - 교차로부근,기타불명,기타불명,미분류,기타불명,보행자,여,57세,경상
8628,2018111000100483,2018년 11월 10일 17시,토요일,경기도 하남시 덕풍동,경상사고,0,0,1,0,차대사람 - 기타,안전운전불이행,포장 - 건조,맑음,단일로 - 기타,승용,남,41세,상해없음,보행자,남,57세,경상
8629,2018111000100524,2018년 11월 10일 18시,토요일,경기도 김포시 하성면,중상사고,0,1,0,0,차대사람 - 기타,안전운전불이행,포장 - 건조,맑음,기타 - 기타,승용,남,44세,상해없음,보행자,남,75세,중상
8630,2018111000100527,2018년 11월 10일 18시,토요일,경기도 오산시 궐동,중상사고,0,1,0,0,차대사람 - 횡단중,안전운전불이행,포장 - 건조,맑음,단일로 - 기타,이륜,남,33세,상해없음,보행자,여,10세,중상
8631,2018111000100528,2018년 11월 10일 18시,토요일,경기도 광명시 광명동,부상신고사고,0,0,0,1,차대사람 - 차도통행중,안전운전불이행,포장 - 건조,맑음,교차로 - 교차로안,승용,남,61세,상해없음,보행자,여,33세,부상신고
8632,2018111000100529,2018년 11월 10일 18시,토요일,경기도 시흥시 정왕동,경상사고,0,0,1,0,차대사람 - 횡단중,안전운전불이행,포장 - 건조,맑음,교차로 - 교차로안,승용,남,49세,상해없음,보행자,여,65세,경상
8633,2018111000100530,2018년 11월 10일 18시,토요일,경기도 수원시 권선구 금곡동,중상사고,0,1,0,0,차대사람 - 횡단중,안전운전불이행,포장 - 건조,맑음,단일로 - 기타,승용,남,52세,상해없음,보행자,남,62세,중상
8634,2018111000100531,2018년 11월 10일 18시,토요일,경기도 안양시 만안구 안양동,사망사고,1,0,0,0,차대사람 - 횡단중,안전운전불이행,포장 - 건조,맑음,단일로 - 기타,승용,남,61세,상해없음,보행자,여,85세,사망
8635,2018111000100576,2018년 11월 10일 19시,토요일,경기도 시흥시 정왕동,경상사고,0,0,1,0,차대사람 - 기타,중앙선침범,포장 - 건조,맑음,단일로 - 기타,승용,남,36세,상해없음,보행자,여,25세,경상
8636,2018111000100623,2018년 11월 10일 20시,토요일,경기도 고양시 덕양구 주교동,경상사고,0,0,1,0,차대사람 - 기타,안전운전불이행,포장 - 건조,맑음,단일로 - 기타,승용,여,36세,상해없음,보행자,여,22세,경상
8637,2018111000100632,2018년 11월 10일 21시,토요일,경기도 광명시 광명동,경상사고,0,0,1,0,차대사람 - 차도통행중,안전운전불이행,포장 - 건조,맑음,단일로 - 기타,승용,여,30세,상해없음,보행자,여,45세,경상
8638,2018111000100633,2018년 11월 10일 21시,토요일,경기도 안산시 단원구 고잔동,부상신고사고,0,0,0,1,차대사람 - 횡단중,보행자보호의무위반,포장 - 건조,맑음,교차로 - 교차로횡단보도내,기타불명,기타불명,미분류,기타불명,보행자,여,30세,부상신고
8639,2018111000100658,2018년 11월 10일 22시,토요일,경기도 수원시 팔달구 인계동,경상사고,0,0,1,0,차대사람 - 기타,안전운전불이행,포장 - 건조,맑음,단일로 - 기타,이륜,남,42세,상해없음,보행자,남,18세,경상
8640,2018111000100660,2018년 11월 10일 22시,토요일,경기도 하남시 망월동,경상사고,0,0,1,0,차대사람 - 횡단중,신호위반,포장 - 건조,맑음,교차로 - 교차로안,이륜,남,18세,상해없음,보행자,여,39세,경상
8641,2018111100100015,2018년 11월 11일 00시,일요일,경기도 의정부시 장암동,경상사고,0,0,1,0,차대사람 - 기타,안전운전불이행,포장 - 건조,맑음,교차로 - 교차로부근,승용,남,52세,기타불명,보행자,여,31세,경상
8642,2018111100100022,2018년 11월 11일 01시,일요일,경기도 하남시 신장동,중상사고,0,1,0,0,차대사람 - 기타,교차로운행방법위반,포장 - 건조,맑음,교차로 - 교차로안,승용,남,56세,상해없음,보행자,남,35세,중상
8643,2018111100100053,2018년 11월 11일 04시,일요일,경기도 의왕시 내손동,경상사고,0,0,1,0,차대사람 - 횡단중,안전운전불이행,포장 - 건조,흐림,교차로 - 교차로부근,승용,남,36세,상해없음,보행자,여,60세,경상
8644,2018111100100176,2018년 11월 11일 13시,일요일,경기도 성남시 수정구 태평동,중상사고,0,1,0,0,차대사람 - 기타,안전운전불이행,포장 - 건조,맑음,단일로 - 기타,승합,남,67세,상해없음,보행자,여,79세,중상
8645,2018111100100217,2018년 11월 11일 14시,일요일,경기도 고양시 덕양구 고양동,중상사고,0,1,0,0,차대사람 - 횡단중,보행자보호의무위반,포장 - 건조,맑음,교차로 - 교차로횡단보도내,승용,남,69세,상해없음,보행자,여,74세,중상
8646,2018111100100257,2018년 11월 11일 15시,일요일,경기도 의정부시 의정부동,경상사고,0,0,1,0,차대사람 - 길가장자리구역통행중,안전운전불이행,포장 - 건조,맑음,단일로 - 기타,승용,남,21세,상해없음,보행자,남,12세,경상
8647,2018111100100299,2018년 11월 11일 17시,일요일,경기도 오산시 오산동,경상사고,0,0,1,0,차대사람 - 길가장자리구역통행중,안전운전불이행,포장 - 건조,맑음,단일로 - 기타,승용,남,48세,상해없음,보행자,여,33세,경상
8648,2018111100100340,2018년 11월 11일 18시,일요일,경기도 여주시 강천면,중상사고,0,1,0,0,차대사람 - 길가장자리구역통행중,중앙선침범,포장 - 젖음/습기,비,단일로 - 기타,승용,남,61세,상해없음,보행자,여,53세,중상
8649,2018111100100348,2018년 11월 11일 18시,일요일,경기도 화성시 향남읍,경상사고,0,0,1,0,차대사람 - 기타,안전운전불이행,포장 - 건조,맑음,단일로 - 기타,기타불명,기타불명,미분류,기타불명,보행자,남,12세,경상
8650,2018111100100371,2018년 11월 11일 18시,일요일,경기도 남양주시 화도읍,경상사고,0,0,1,0,차대사람 - 횡단중,보행자보호의무위반,포장 - 건조,맑음,교차로 - 교차로횡단보도내,기타불명,기타불명,미분류,기타불명,보행자,남,40세,경상
8651,2018111100100379,2018년 11월 11일 19시,일요일,경기도 이천시 창전동,경상사고,0,0,1,0,차대사람 - 기타,안전운전불이행,포장 - 건조,맑음,주차장 - 주차장,승용,남,54세,상해없음,보행자,남,33세,경상
8652,2018111100100384,2018년 11월 11일 19시,일요일,경기도 안산시 단원구 선부동,경상사고,0,0,1,0,차대사람 - 횡단중,안전운전불이행,포장 - 건조,맑음,교차로 - 교차로안,승용,남,34세,상해없음,보행자,남,54세,경상
8653,2018111100100441,2018년 11월 11일 21시,일요일,경기도 화성시 진안동,경상사고,0,0,1,0,차대사람 - 기타,안전운전불이행,포장 - 건조,맑음,교차로 - 교차로안,승용,남,32세,상해없음,보행자,남,55세,경상
8654,2018111100100445,2018년 11월 11일 21시,일요일,경기도 시흥시 정왕동,중상사고,0,1,0,0,차대사람 - 기타,안전운전불이행,포장 - 건조,맑음,단일로 - 기타,화물,남,35세,상해없음,보행자,여,39세,중상
8655,2018111100100488,2018년 11월 11일 23시,일요일,경기도 파주시 와동,경상사고,0,0,1,0,차대사람 - 기타,안전운전불이행,포장 - 기타,맑음,단일로 - 기타,승용,여,50세,상해없음,보행자,남,20세,경상
8656,2018111200100010,2018년 11월 12일 01시,월요일,경기도 부천시 중동,경상사고,0,0,1,0,차대사람 - 기타,기타,포장 - 건조,맑음,단일로 - 기타,이륜,남,32세,상해없음,보행자,남,38세,경상
8657,2018111200100022,2018년 11월 12일 04시,월요일,경기도 부천시 심곡동,중상사고,0,1,0,0,차대사람 - 기타,안전운전불이행,포장 - 건조,맑음,기타 - 기타,승용,남,27세,상해없음,보행자,남,26세,중상
8658,2018111200100072,2018년 11월 12일 07시,월요일,경기도 수원시 팔달구 매산로3가,경상사고,0,0,1,0,차대사람 - 기타,안전운전불이행,포장 - 건조,맑음,단일로 - 기타,승용,남,36세,상해없음,보행자,여,71세,경상
8659,2018111200100095,2018년 11월 12일 08시,월요일,경기도 수원시 장안구 정자동,경상사고,0,0,1,0,차대사람 - 기타,안전운전불이행,포장 - 건조,맑음,단일로 - 기타,승합,여,48세,상해없음,보행자,남,10세,경상
8660,2018111200100099,2018년 11월 12일 08시,월요일,경기도 광주시 오포읍,경상사고,0,0,1,0,차대사람 - 횡단중,신호위반,포장 - 건조,맑음,교차로 - 교차로횡단보도내,승용,남,72세,상해없음,보행자,여,12세,경상
8661,2018111200100100,2018년 11월 12일 08시,월요일,경기도 부천시 송내동,경상사고,0,0,1,0,차대사람 - 횡단중,보행자보호의무위반,포장 - 건조,맑음,교차로 - 교차로안,승용,남,45세,상해없음,보행자,남,10세,경상
8662,2018111200100102,2018년 11월 12일 08시,월요일,경기도 안산시 상록구 수암동,경상사고,0,0,1,0,차대사람 - 기타,안전운전불이행,포장 - 건조,맑음,교차로 - 교차로부근,승용,여,47세,상해없음,보행자,여,13세,경상
8663,2018111200100137,2018년 11월 12일 08시,월요일,경기도 구리시 수택동,경상사고,0,0,1,0,차대사람 - 기타,안전운전불이행,포장 - 건조,맑음,단일로 - 기타,승합,남,66세,상해없음,보행자,여,19세,경상
8664,2018111200100170,2018년 11월 12일 10시,월요일,경기도 평택시 서정동,경상사고,0,0,1,0,차대사람 - 횡단중,안전운전불이행,포장 - 건조,맑음,교차로 - 교차로안,승용,남,24세,상해없음,보행자,여,66세,경상
8665,2018111200100172,2018년 11월 12일 10시,월요일,경기도 성남시 중원구 상대원동,경상사고,0,0,1,0,차대사람 - 기타,안전운전불이행,포장 - 건조,맑음,교차로 - 교차로부근,승용,여,54세,상해없음,보행자,남,58세,경상
8666,2018111200100198,2018년 11월 12일 11시,월요일,경기도 수원시 팔달구 우만동,경상사고,0,0,1,0,차대사람 - 기타,신호위반,포장 - 건조,맑음,단일로 - 기타,승용,여,51세,상해없음,보행자,여,72세,경상
8667,2018111200100199,2018년 11월 12일 11시,월요일,경기도 광주시 곤지암읍,중상사고,0,1,0,0,차대사람 - 횡단중,보행자보호의무위반,포장 - 건조,맑음,단일로 - 기타,승용,남,41세,상해없음,보행자,남,86세,중상
8668,2018111200100233,2018년 11월 12일 12시,월요일,경기도 수원시 권선구 세류동,경상사고,0,0,1,0,차대사람 - 기타,안전운전불이행,포장 - 건조,맑음,단일로 - 기타,승용,남,76세,상해없음,보행자,여,23세,경상
8669,2018111200100297,2018년 11월 12일 14시,월요일,경기도 부천시 도당동,중상사고,0,1,0,0,차대사람 - 횡단중,안전운전불이행,포장 - 건조,맑음,교차로 - 교차로부근,화물,남,62세,상해없음,보행자,여,57세,중상
8670,2018111200100342,2018년 11월 12일 15시,월요일,경기도 하남시 학암동,중상사고,0,1,0,0,차대사람 - 횡단중,안전운전불이행,포장 - 건조,맑음,교차로 - 교차로횡단보도내,승합,남,61세,상해없음,보행자,여,63세,중상
8671,2018111200100357,2018년 11월 12일 15시,월요일,경기도 의정부시 의정부동,경상사고,0,0,1,0,차대사람 - 기타,안전운전불이행,포장 - 건조,맑음,단일로 - 기타,승용,여,47세,상해없음,보행자,남,51세,경상
8672,2018111200100358,2018년 11월 12일 15시,월요일,경기도 고양시 일산서구 일산동,부상신고사고,0,0,0,1,차대사람 - 보도통행중,기타,포장 - 건조,맑음,단일로 - 기타,기타불명,기타불명,미분류,기타불명,보행자,여,59세,부상신고
8673,2018111200100372,2018년 11월 12일 16시,월요일,경기도 수원시 권선구 권선동,경상사고,0,0,1,0,차대사람 - 기타,기타,포장 - 건조,맑음,단일로 - 기타,승합,남,51세,상해없음,보행자,여,57세,경상
8674,2018111200100407,2018년 11월 12일 17시,월요일,경기도 용인시 처인구 역북동,중상사고,0,1,0,0,차대사람 - 횡단중,보행자보호의무위반,포장 - 건조,맑음,기타 - 기타,승용,여,52세,기타불명,보행자,여,8세,중상
8675,2018111200100408,2018년 11월 12일 17시,월요일,경기도 안산시 상록구 성포동,경상사고,0,0,1,0,차대사람 - 보도통행중,안전운전불이행,포장 - 건조,맑음,단일로 - 기타,화물,남,50세,상해없음,보행자,여,61세,경상
8676,2018111200100457,2018년 11월 12일 18시,월요일,경기도 화성시 병점동,경상사고,0,0,1,0,차대사람 - 보도통행중,신호위반,포장 - 건조,맑음,단일로 - 기타,이륜,남,30세,상해없음,보행자,여,46세,경상
8677,2018111200100459,2018년 11월 12일 18시,월요일,경기도 성남시 중원구 성남동,경상사고,0,0,1,0,차대사람 - 기타,안전운전불이행,포장 - 건조,맑음,교차로 - 교차로안,승용,남,44세,상해없음,보행자,남,25세,경상
8678,2018111200100492,2018년 11월 12일 18시,월요일,경기도 파주시 문산읍,경상사고,0,0,1,0,차대사람 - 횡단중,안전운전불이행,포장 - 건조,맑음,교차로 - 교차로횡단보도내,승용,남,41세,상해없음,보행자,남,14세,경상
8679,2018111200100589,2018년 11월 12일 21시,월요일,경기도 파주시 월롱면,경상사고,0,0,1,0,차대사람 - 횡단중,안전운전불이행,포장 - 건조,맑음,교차로 - 교차로횡단보도내,승합,남,60세,상해없음,보행자,남,37세,경상
8680,2018111200100596,2018년 11월 12일 22시,월요일,경기도 화성시 석우동,경상사고,0,0,1,0,차대사람 - 기타,안전운전불이행,포장 - 건조,맑음,단일로 - 기타,승용,남,33세,상해없음,보행자,남,25세,경상
8681,2018111300100054,2018년 11월 13일 06시,화요일,경기도 성남시 수정구 고등동,중상사고,0,1,0,0,차대사람 - 기타,안전운전불이행,포장 - 건조,맑음,단일로 - 기타,승용,여,53세,상해없음,보행자,남,67세,중상
8682,2018111300100078,2018년 11월 13일 07시,화요일,경기도 이천시 부발읍,경상사고,0,0,1,0,차대사람 - 횡단중,안전운전불이행,포장 - 건조,맑음,교차로 - 교차로안,승용,남,37세,상해없음,보행자,여,49세,경상
8683,2018111300100088,2018년 11월 13일 07시,화요일,경기도 부천시 작동,경상사고,0,0,1,0,차대사람 - 횡단중,보행자보호의무위반,포장 - 건조,맑음,교차로 - 교차로부근,승용,남,46세,상해없음,보행자,여,44세,경상
8684,2018111300100117,2018년 11월 13일 08시,화요일,경기도 안산시 단원구 원곡동,경상사고,0,0,1,0,차대사람 - 횡단중,보행자보호의무위반,포장 - 건조,맑음,교차로 - 교차로횡단보도내,승용,남,51세,상해없음,보행자,남,18세,경상
8685,2018111300100191,2018년 11월 13일 10시,화요일,경기도 용인시 처인구 포곡읍,경상사고,0,0,1,0,차대사람 - 길가장자리구역통행중,중앙선침범,포장 - 건조,맑음,기타 - 기타,승용,여,58세,상해없음,보행자,여,36세,경상
8686,2018111300100193,2018년 11월 13일 10시,화요일,경기도 김포시 마산동,사망사고,1,0,0,0,차대사람 - 차도통행중,과속,포장 - 건조,맑음,단일로 - 교량,화물,남,34세,상해없음,보행자,여,65세,사망
8687,2018111300100209,2018년 11월 13일 10시,화요일,경기도 고양시 덕양구 성사동,경상사고,0,0,1,0,차대사람 - 길가장자리구역통행중,안전운전불이행,포장 - 건조,맑음,단일로 - 기타,승용,여,26세,상해없음,보행자,남,84세,경상
8688,2018111300100230,2018년 11월 13일 11시,화요일,경기도 안산시 단원구 원곡동,경상사고,0,0,1,0,차대사람 - 횡단중,안전운전불이행,포장 - 건조,맑음,교차로 - 교차로안,승용,남,37세,상해없음,보행자,남,36세,경상
8689,2018111300100276,2018년 11월 13일 12시,화요일,경기도 양주시 덕정동,경상사고,0,0,1,0,차대사람 - 기타,기타,포장 - 건조,맑음,단일로 - 기타,승합,남,66세,기타불명,보행자,여,65세,경상
8690,2018111300100287,2018년 11월 13일 13시,화요일,경기도 수원시 팔달구 화서동,부상신고사고,0,0,0,1,차대사람 - 기타,안전운전불이행,포장 - 건조,맑음,단일로 - 기타,화물,남,29세,상해없음,보행자,남,60세,부상신고
8691,2018111300100289,2018년 11월 13일 13시,화요일,경기도 부천시 괴안동,중상사고,0,1,0,0,차대사람 - 기타,기타,포장 - 건조,맑음,단일로 - 기타,승용,여,52세,상해없음,보행자,여,78세,중상
8692,2018111300100290,2018년 11월 13일 13시,화요일,경기도 화성시 능동,중상사고,0,1,0,1,차대사람 - 기타,안전운전불이행,포장 - 건조,맑음,기타 - 기타,승용,여,68세,상해없음,보행자,남,59세,부상신고
8693,2018111300100336,2018년 11월 13일 14시,화요일,경기도 고양시 덕양구 화정동,경상사고,0,0,1,0,차대사람 - 차도통행중,안전운전불이행,포장 - 건조,맑음,단일로 - 기타,승용,남,49세,상해없음,보행자,남,76세,경상
8694,2018111300100338,2018년 11월 13일 14시,화요일,경기도 양주시 은현면,경상사고,0,0,1,0,차대사람 - 기타,기타,포장 - 건조,맑음,단일로 - 기타,승용,남,38세,상해없음,보행자,여,42세,경상
8695,2018111300100347,2018년 11월 13일 15시,화요일,경기도 성남시 분당구 서현동,경상사고,0,0,1,0,차대사람 - 횡단중,보행자보호의무위반,포장 - 건조,맑음,교차로 - 교차로횡단보도내,승용,여,43세,상해없음,보행자,남,62세,경상
8696,2018111300100371,2018년 11월 13일 15시,화요일,경기도 파주시 동패동,중상사고,0,1,0,0,차대사람 - 횡단중,안전운전불이행,포장 - 건조,맑음,교차로 - 교차로안,승용,여,61세,상해없음,보행자,여,54세,중상
8697,2018111300100387,2018년 11월 13일 16시,화요일,경기도 부천시 상동,경상사고,0,0,1,0,차대사람 - 횡단중,보행자보호의무위반,포장 - 건조,맑음,교차로 - 교차로부근,화물,남,36세,상해없음,보행자,여,13세,경상
8698,2018111300100388,2018년 11월 13일 16시,화요일,경기도 군포시 산본동,중상사고,0,1,0,0,차대사람 - 보도통행중,보행자보호의무위반,포장 - 건조,맑음,교차로 - 교차로횡단보도내,승용,남,49세,상해없음,보행자,남,34세,중상
8699,2018111300100426,2018년 11월 13일 17시,화요일,경기도 화성시 봉담읍,경상사고,0,0,1,0,차대사람 - 횡단중,안전운전불이행,포장 - 건조,맑음,교차로 - 교차로부근,화물,남,63세,상해없음,보행자,남,37세,경상
8700,2018111300100447,2018년 11월 13일 17시,화요일,경기도 의정부시 신곡동,경상사고,0,0,1,0,차대사람 - 기타,안전운전불이행,포장 - 건조,맑음,단일로 - 기타,승용,여,42세,상해없음,보행자,여,47세,경상
8701,2018111300100460,2018년 11월 13일 18시,화요일,경기도 평택시 팽성읍,경상사고,0,0,1,0,차대사람 - 길가장자리구역통행중,안전운전불이행,포장 - 건조,맑음,단일로 - 기타,승용,여,58세,상해없음,보행자,남,52세,경상
8702,2018111300100462,2018년 11월 13일 18시,화요일,경기도 용인시 기흥구 동백동,경상사고,0,0,1,0,차대사람 - 횡단중,신호위반,포장 - 건조,맑음,교차로 - 교차로횡단보도내,승합,남,50세,상해없음,보행자,여,41세,경상
8703,2018111300100463,2018년 11월 13일 18시,화요일,경기도 김포시 양촌읍,중상사고,0,1,0,0,차대사람 - 차도통행중,안전운전불이행,포장 - 건조,맑음,단일로 - 기타,승용,여,59세,상해없음,보행자,남,58세,중상
8704,2018111300100470,2018년 11월 13일 18시,화요일,경기도 용인시 수지구 죽전동,부상신고사고,0,0,0,1,차대사람 - 기타,안전운전불이행,포장 - 기타,맑음,교차로 - 교차로부근,기타불명,기타불명,미분류,기타불명,보행자,남,80세,부상신고
8705,2018111300100518,2018년 11월 13일 19시,화요일,경기도 부천시 중동,경상사고,0,0,1,0,차대사람 - 기타,안전운전불이행,포장 - 건조,맑음,단일로 - 기타,이륜,남,37세,상해없음,보행자,여,79세,경상
8706,2018111300100524,2018년 11월 13일 19시,화요일,경기도 하남시 하산곡동,중상사고,0,1,0,0,차대사람 - 기타,안전운전불이행,포장 - 건조,맑음,교차로 - 교차로부근,승용,남,48세,상해없음,보행자,여,60세,중상
8707,2018111300100541,2018년 11월 13일 19시,화요일,경기도 의정부시 가능동,경상사고,0,0,1,0,차대사람 - 기타,기타,포장 - 기타,맑음,단일로 - 기타,승합,여,49세,상해없음,보행자,여,53세,경상
8708,2018111300100549,2018년 11월 13일 20시,화요일,경기도 용인시 기흥구 중동,중상사고,0,1,0,0,차대사람 - 횡단중,신호위반,포장 - 건조,맑음,교차로 - 교차로횡단보도내,승용,남,58세,상해없음,보행자,남,12세,중상
8709,2018111300100579,2018년 11월 13일 21시,화요일,경기도 평택시 서정동,경상사고,0,0,1,0,차대사람 - 기타,안전운전불이행,포장 - 건조,맑음,기타 - 기타,승용,남,42세,상해없음,보행자,남,34세,경상
8710,2018111300100580,2018년 11월 13일 21시,화요일,경기도 여주시 현암동,부상신고사고,0,0,0,1,차대사람 - 기타,안전운전불이행,포장 - 건조,맑음,단일로 - 기타,승용,여,43세,상해없음,보행자,남,58세,부상신고
8711,2018111400100013,2018년 11월 14일 01시,수요일,경기도 시흥시 정왕동,경상사고,0,0,1,0,차대사람 - 기타,불법유턴,포장 - 건조,맑음,단일로 - 기타,승용,남,33세,상해없음,보행자,남,36세,경상
8712,2018111400100014,2018년 11월 14일 01시,수요일,경기도 안산시 상록구 팔곡일동,경상사고,0,0,1,0,차대사람 - 기타,안전운전불이행,포장 - 건조,맑음,기타 - 기타,승용,남,49세,상해없음,보행자,여,30세,경상
8713,2018111400100029,2018년 11월 14일 03시,수요일,경기도 광명시 하안동,경상사고,0,0,1,0,차대사람 - 횡단중,과속,포장 - 건조,맑음,단일로 - 기타,승용,남,20세,상해없음,보행자,남,45세,경상
8714,2018111400100037,2018년 11월 14일 04시,수요일,경기도 평택시 포승읍,경상사고,0,0,1,0,차대사람 - 횡단중,신호위반,포장 - 건조,맑음,교차로 - 교차로횡단보도내,승용,남,25세,상해없음,보행자,남,48세,경상
8715,2018111400100052,2018년 11월 14일 06시,수요일,경기도 안산시 상록구 사동,중상사고,0,1,0,0,차대사람 - 횡단중,신호위반,포장 - 건조,맑음,교차로 - 교차로안,승용,남,44세,상해없음,보행자,여,57세,중상
8716,2018111400100056,2018년 11월 14일 06시,수요일,경기도 파주시 조리읍,경상사고,0,0,1,0,차대사람 - 횡단중,안전운전불이행,포장 - 건조,흐림,교차로 - 교차로부근,승용,남,64세,상해없음,보행자,남,65세,경상
8717,2018111400100057,2018년 11월 14일 06시,수요일,경기도 파주시 월롱면,중상사고,0,1,0,0,차대사람 - 횡단중,안전운전불이행,포장 - 건조,맑음,단일로 - 기타,승용,남,32세,상해없음,보행자,남,30세,중상
8718,2018111400100067,2018년 11월 14일 07시,수요일,경기도 시흥시 정왕동,부상신고사고,0,0,0,1,차대사람 - 기타,안전운전불이행,포장 - 건조,맑음,교차로 - 교차로부근,승용,남,39세,상해없음,보행자,여,50세,부상신고
8719,2018111400100092,2018년 11월 14일 08시,수요일,경기도 용인시 처인구 김량장동,경상사고,0,0,1,0,차대사람 - 횡단중,보행자보호의무위반,포장 - 건조,맑음,기타 - 기타,승용,남,53세,상해없음,보행자,남,9세,경상
8720,2018111400100099,2018년 11월 14일 08시,수요일,경기도 성남시 분당구 분당동,경상사고,0,0,1,0,차대사람 - 횡단중,보행자보호의무위반,포장 - 건조,맑음,교차로 - 교차로부근,승용,여,37세,상해없음,보행자,여,16세,경상
8721,2018111400100100,2018년 11월 14일 08시,수요일,경기도 안산시 상록구 건건동,중상사고,0,1,0,0,차대사람 - 횡단중,신호위반,포장 - 건조,맑음,교차로 - 교차로부근,기타불명,기타불명,미분류,기타불명,보행자,여,84세,중상
8722,2018111400100102,2018년 11월 14일 08시,수요일,경기도 화성시 팔탄면,경상사고,0,0,1,0,차대사람 - 기타,안전운전불이행,포장 - 건조,맑음,교차로 - 교차로부근,승용,남,38세,상해없음,보행자,여,53세,경상
8723,2018111400100212,2018년 11월 14일 10시,수요일,경기도 동두천시 생연동,경상사고,0,0,1,0,차대사람 - 횡단중,안전운전불이행,포장 - 건조,맑음,단일로 - 기타,승용,남,67세,상해없음,보행자,여,66세,경상
8724,2018111400100227,2018년 11월 14일 11시,수요일,경기도 의왕시 내손동,중상사고,0,1,0,0,차대사람 - 보도통행중,안전운전불이행,포장 - 건조,맑음,교차로 - 교차로횡단보도내,승용,남,55세,상해없음,보행자,여,70세,중상
8725,2018111400100228,2018년 11월 14일 11시,수요일,경기도 용인시 기흥구 보정동,경상사고,0,0,1,0,차대사람 - 기타,보행자보호의무위반,포장 - 건조,맑음,교차로 - 교차로횡단보도내,승용,여,56세,상해없음,보행자,남,17세,경상
8726,2018111400100247,2018년 11월 14일 11시,수요일,경기도 남양주시 와부읍,경상사고,0,0,1,0,차대사람 - 횡단중,보행자보호의무위반,포장 - 건조,맑음,교차로 - 교차로횡단보도내,승용,남,51세,상해없음,보행자,여,24세,경상
8727,2018111400100248,2018년 11월 14일 11시,수요일,경기도 남양주시 평내동,경상사고,0,0,1,0,차대사람 - 횡단중,안전운전불이행,포장 - 건조,맑음,교차로 - 교차로안,승용,여,44세,상해없음,보행자,여,82세,경상
8728,2018111400100250,2018년 11월 14일 11시,수요일,경기도 양주시 옥정동,중상사고,0,1,0,0,차대사람 - 차도통행중,안전운전불이행,포장 - 건조,맑음,단일로 - 기타,승합,남,47세,상해없음,보행자,남,64세,중상
8729,2018111400100261,2018년 11월 14일 12시,수요일,경기도 용인시 기흥구 구갈동,경상사고,0,0,1,0,차대사람 - 횡단중,보행자보호의무위반,포장 - 건조,맑음,교차로 - 교차로안,승용,여,48세,상해없음,보행자,여,16세,경상
8730,2018111400100263,2018년 11월 14일 12시,수요일,경기도 평택시 포승읍,중상사고,0,1,0,0,차대사람 - 기타,기타,포장 - 건조,맑음,단일로 - 기타,특수,남,26세,상해없음,보행자,남,39세,중상
8731,2018111400100283,2018년 11월 14일 12시,수요일,경기도 고양시 일산동구 장항동,중상사고,0,1,0,0,차대사람 - 횡단중,보행자보호의무위반,포장 - 건조,맑음,교차로 - 교차로안,승용,여,38세,상해없음,보행자,남,68세,중상
8732,2018111400100295,2018년 11월 14일 13시,수요일,경기도 광주시 오포읍,경상사고,0,0,1,0,차대사람 - 횡단중,신호위반,포장 - 건조,맑음,교차로 - 교차로안,화물,남,51세,상해없음,보행자,남,7세,경상
8733,2018111400100296,2018년 11월 14일 13시,수요일,경기도 수원시 영통구 매탄동,부상신고사고,0,0,0,1,차대사람 - 기타,보행자보호의무위반,포장 - 건조,맑음,교차로 - 교차로횡단보도내,기타불명,기타불명,미분류,기타불명,보행자,여,75세,부상신고
8734,2018111400100419,2018년 11월 14일 16시,수요일,경기도 남양주시 화도읍,경상사고,0,0,1,0,차대사람 - 기타,안전운전불이행,포장 - 건조,맑음,교차로 - 교차로부근,화물,남,57세,상해없음,보행자,여,8세,경상
8735,2018111400100433,2018년 11월 14일 17시,수요일,경기도 안산시 단원구 원시동,경상사고,0,0,1,0,차대사람 - 보도통행중,안전운전불이행,포장 - 건조,맑음,교차로 - 교차로부근,승용,남,43세,상해없음,보행자,여,46세,경상
8736,2018111400100436,2018년 11월 14일 17시,수요일,경기도 성남시 중원구 성남동,중상사고,0,1,0,0,차대사람 - 횡단중,신호위반,포장 - 건조,맑음,단일로 - 기타,자전거,남,45세,상해없음,보행자,여,75세,중상