,사고번호,사고일시,요일,시군구,사고내용,사망자수,중상자수,경상자수,부상신고자수,사고유형,법규위반,노면상태,기상상태,도로형태,가해운전자 차종,가해운전자 성별,가해운전자 연령,가해운전자 상해정도,피해운전자 차종,피해운전자 성별,피해운전자 연령,피해운전자 상해정도
8963,2018112300100043,2018년 11월 23일 05시,금요일,경기도 안양시 만안구 박달동,중상사고,0,1,0,0,차대사람 - 횡단중,안전운전불이행,포장 - 건조,맑음,교차로 - 교차로안,승용,남,62세,기타불명,보행자,여,72세,중상
8964,2018112300100044,2018년 11월 23일 05시,금요일,경기도 용인시 수지구 풍덕천동,경상사고,0,0,1,0,차대사람 - 횡단중,안전운전불이행,포장 - 건조,맑음,교차로 - 교차로안,승용,남,52세,상해없음,보행자,남,75세,경상
8965,2018112300100065,2018년 11월 23일 06시,금요일,경기도 하남시 덕풍동,중상사고,0,1,0,0,차대사람 - 횡단중,보행자보호의무위반,포장 - 건조,맑음,교차로 - 교차로안,승용,남,49세,상해없음,보행자,남,43세,중상
8966,2018112300100081,2018년 11월 23일 07시,금요일,경기도 안양시 동안구 비산동,중상사고,0,1,0,0,차대사람 - 횡단중,신호위반,포장 - 건조,맑음,교차로 - 교차로횡단보도내,승용,남,34세,상해없음,보행자,여,73세,중상
8967,2018112300100083,2018년 11월 23일 07시,금요일,경기도 여주시 점동면,경상사고,0,0,1,0,차대사람 - 기타,안전운전불이행,포장 - 젖음/습기,안개,단일로 - 기타,화물,남,51세,상해없음,보행자,여,32세,경상
8968,2018112300100086,2018년 11월 23일 07시,금요일,경기도 부천시 범박동,경상사고,0,0,1,0,차대사람 - 기타,안전운전불이행,포장 - 기타,맑음,기타 - 기타,승용,남,53세,상해없음,보행자,여,56세,경상
8969,2018112300100087,2018년 11월 23일 07시,금요일,경기도 성남시 분당구 야탑동,경상사고,0,0,1,0,차대사람 - 보도통행중,신호위반,포장 - 건조,맑음,교차로 - 교차로안,승용,남,62세,상해없음,보행자,여,30세,경상
8970,2018112300100116,2018년 11월 23일 08시,금요일,경기도 광주시 쌍령동,경상사고,0,0,1,0,차대사람 - 횡단중,안전운전불이행,포장 - 건조,맑음,교차로 - 교차로안,승용,남,38세,상해없음,보행자,남,7세,경상
8971,2018112300100119,2018년 11월 23일 08시,금요일,경기도 화성시 능동,경상사고,0,0,1,0,차대사람 - 기타,기타,포장 - 건조,맑음,기타 - 기타,이륜,남,75세,상해없음,보행자,여,50세,경상
8972,2018112300100157,2018년 11월 23일 08시,금요일,경기도 남양주시 퇴계원면,경상사고,0,0,1,0,차대사람 - 기타,신호위반,포장 - 건조,맑음,교차로 - 교차로횡단보도내,승합,여,48세,상해없음,보행자,여,17세,경상
8973,2018112300100172,2018년 11월 23일 09시,금요일,경기도 용인시 수지구 성복동,부상신고사고,0,0,0,1,차대사람 - 차도통행중,안전운전불이행,포장 - 건조,맑음,단일로 - 기타,승용,남,47세,상해없음,보행자,남,72세,부상신고
8974,2018112300100203,2018년 11월 23일 10시,금요일,경기도 안산시 단원구 고잔동,중상사고,0,1,0,0,차대사람 - 횡단중,신호위반,포장 - 건조,맑음,단일로 - 기타,승용,여,45세,상해없음,보행자,여,73세,중상
8975,2018112300100206,2018년 11월 23일 10시,금요일,경기도 수원시 팔달구 교동,중상사고,0,1,0,0,차대사람 - 횡단중,신호위반,포장 - 건조,맑음,교차로 - 교차로부근,승용,여,38세,상해없음,보행자,여,66세,중상
8976,2018112300100334,2018년 11월 23일 14시,금요일,경기도 수원시 영통구 망포동,경상사고,0,0,1,0,차대사람 - 기타,안전운전불이행,포장 - 건조,맑음,기타 - 기타,화물,남,26세,상해없음,보행자,여,66세,경상
8977,2018112300100362,2018년 11월 23일 15시,금요일,경기도 이천시 부발읍,경상사고,0,0,1,0,차대사람 - 기타,안전운전불이행,포장 - 건조,맑음,주차장 - 주차장,승용,여,46세,상해없음,보행자,남,34세,경상
8978,2018112300100363,2018년 11월 23일 15시,금요일,경기도 광주시 태전동,중상사고,0,1,1,0,차대사람 - 횡단중,신호위반,포장 - 건조,맑음,교차로 - 교차로횡단보도내,승용,여,41세,상해없음,보행자,남,35세,중상
8979,2018112300100367,2018년 11월 23일 15시,금요일,경기도 안산시 단원구 원곡동,경상사고,0,0,1,0,차대사람 - 차도통행중,안전운전불이행,포장 - 건조,맑음,단일로 - 기타,승용,남,58세,상해없음,보행자,여,13세,경상
8980,2018112300100401,2018년 11월 23일 16시,금요일,경기도 평택시 안중읍,경상사고,0,0,1,0,차대사람 - 기타,안전운전불이행,포장 - 건조,맑음,단일로 - 기타,승합,남,57세,상해없음,보행자,여,82세,경상
8981,2018112300100402,2018년 11월 23일 16시,금요일,경기도 광주시 퇴촌면,경상사고,0,0,1,0,차대사람 - 기타,안전운전불이행,포장 - 건조,맑음,단일로 - 기타,승용,남,42세,상해없음,보행자,여,12세,경상
8982,2018112300100448,2018년 11월 23일 17시,금요일,경기도 광주시 장지동,경상사고,0,0,2,0,차대사람 - 기타,안전운전불이행,포장 - 건조,맑음,교차로 - 교차로안,승용,남,57세,상해없음,보행자,여,24세,경상
8983,2018112300100449,2018년 11월 23일 17시,금요일,경기도 김포시 걸포동,중상사고,0,1,0,0,차대사람 - 기타,교차로운행방법위반,포장 - 기타,맑음,교차로 - 교차로횡단보도내,승용,여,42세,상해없음,보행자,남,84세,중상
8984,2018112300100450,2018년 11월 23일 17시,금요일,경기도 부천시 상동,경상사고,0,0,1,0,차대사람 - 기타,기타,포장 - 건조,맑음,단일로 - 기타,기타불명,기타불명,미분류,기타불명,보행자,여,28세,경상
8985,2018112300100455,2018년 11월 23일 17시,금요일,경기도 화성시 남양읍,경상사고,0,0,1,0,차대사람 - 기타,보행자보호의무위반,포장 - 건조,맑음,교차로 - 교차로안,승용,남,54세,상해없음,보행자,여,27세,경상
8986,2018112300100500,2018년 11월 23일 17시,금요일,경기도 남양주시 화도읍,부상신고사고,0,0,0,1,차대사람 - 기타,안전운전불이행,포장 - 건조,맑음,단일로 - 기타,승용,여,36세,상해없음,보행자,남,44세,부상신고
8987,2018112300100501,2018년 11월 23일 17시,금요일,경기도 고양시 일산서구 일산동,경상사고,0,0,1,0,차대사람 - 횡단중,안전운전불이행,포장 - 건조,맑음,단일로 - 기타,이륜,남,16세,상해없음,보행자,여,74세,경상
8988,2018112300100513,2018년 11월 23일 18시,금요일,경기도 수원시 팔달구 우만동,중상사고,0,1,0,0,차대사람 - 횡단중,보행자보호의무위반,포장 - 건조,맑음,교차로 - 교차로횡단보도내,승용,여,39세,상해없음,보행자,여,36세,중상
8989,2018112300100520,2018년 11월 23일 18시,금요일,경기도 부천시 원미동,중상사고,0,1,0,0,차대사람 - 차도통행중,안전운전불이행,포장 - 건조,맑음,단일로 - 기타,승용,남,38세,상해없음,보행자,여,42세,중상
8990,2018112300100522,2018년 11월 23일 18시,금요일,경기도 광명시 하안동,경상사고,0,0,1,0,차대사람 - 횡단중,안전운전불이행,포장 - 건조,맑음,교차로 - 교차로안,승용,남,57세,상해없음,보행자,남,64세,경상
8991,2018112300100523,2018년 11월 23일 18시,금요일,경기도 수원시 영통구 매탄동,부상신고사고,0,0,0,1,차대사람 - 보도통행중,기타,포장 - 건조,맑음,단일로 - 기타,승합,남,62세,상해없음,보행자,여,61세,부상신고
8992,2018112300100570,2018년 11월 23일 18시,금요일,경기도 고양시 일산동구 장항동,부상신고사고,0,0,0,1,차대사람 - 차도통행중,안전운전불이행,포장 - 건조,맑음,단일로 - 기타,승용,남,80세,상해없음,보행자,남,70세,부상신고
8993,2018112300100576,2018년 11월 23일 18시,금요일,경기도 고양시 일산서구 주엽동,부상신고사고,0,0,0,1,차대사람 - 보도통행중,안전운전불이행,포장 - 건조,맑음,기타 - 기타,기타불명,기타불명,미분류,기타불명,보행자,여,16세,부상신고
8994,2018112300100638,2018년 11월 23일 20시,금요일,경기도 광주시 경안동,경상사고,0,0,1,0,차대사람 - 기타,안전운전불이행,포장 - 건조,맑음,교차로 - 교차로부근,기타불명,기타불명,미분류,기타불명,보행자,남,44세,경상
8995,2018112300100645,2018년 11월 23일 20시,금요일,경기도 화성시 봉담읍,사망사고,1,0,0,0,차대사람 - 기타,안전운전불이행,포장 - 건조,맑음,기타 - 기타,승용,남,32세,상해없음,보행자,남,68세,사망
8996,2018112300100673,2018년 11월 23일 21시,금요일,경기도 수원시 권선구 탑동,중상사고,0,1,0,0,차대사람 - 기타,보행자보호의무위반,포장 - 건조,맑음,교차로 - 교차로부근,승합,남,56세,상해없음,보행자,여,87세,중상
8997,2018112400100012,2018년 11월 24일 00시,토요일,경기도 부천시 심곡동,경상사고,0,0,1,0,차대사람 - 차도통행중,안전운전불이행,포장 - 건조,맑음,교차로 - 교차로부근,승용,남,59세,상해없음,보행자,여,53세,경상
8998,2018112400100061,2018년 11월 24일 02시,토요일,경기도 고양시 덕양구 삼송동,경상사고,0,0,1,0,차대사람 - 차도통행중,안전운전불이행,포장 - 건조,흐림,단일로 - 기타,승용,남,23세,상해없음,보행자,남,47세,경상
8999,2018112400100107,2018년 11월 24일 06시,토요일,경기도 평택시 비전동,경상사고,0,0,1,0,차대사람 - 기타,안전운전불이행,포장 - 젖음/습기,비,교차로 - 교차로안,승용,여,65세,상해없음,보행자,남,47세,경상
9000,2018112400100108,2018년 11월 24일 06시,토요일,경기도 용인시 기흥구 구갈동,경상사고,0,0,2,0,차대사람 - 횡단중,보행자보호의무위반,포장 - 젖음/습기,눈,단일로 - 기타,승용,남,57세,상해없음,보행자,남,39세,경상
9001,2018112400100146,2018년 11월 24일 07시,토요일,경기도 군포시 당동,부상신고사고,0,0,0,1,차대사람 - 기타,안전운전불이행,포장 - 젖음/습기,눈,교차로 - 교차로횡단보도내,승용,남,51세,상해없음,보행자,남,61세,부상신고
9002,2018112400100168,2018년 11월 24일 08시,토요일,경기도 김포시 통진읍,경상사고,0,0,1,0,차대사람 - 기타,안전운전불이행,포장 - 적설,눈,기타 - 기타,승용,여,47세,상해없음,보행자,남,62세,경상
9003,2018112400100173,2018년 11월 24일 08시,토요일,경기도 과천시 과천동,중상사고,0,1,0,0,차대사람 - 보도통행중,안전운전불이행,포장 - 적설,눈,단일로 - 기타,승용,남,62세,상해없음,보행자,남,52세,중상
9004,2018112400100210,2018년 11월 24일 09시,토요일,경기도 화성시 석우동,중상사고,0,1,0,0,차대사람 - 기타,신호위반,포장 - 건조,맑음,교차로 - 교차로부근,승합,남,65세,상해없음,보행자,남,68세,중상
9005,2018112400100214,2018년 11월 24일 09시,토요일,경기도 용인시 수지구 죽전동,경상사고,0,0,1,0,차대사람 - 차도통행중,신호위반,포장 - 적설,눈,교차로 - 교차로안,승용,여,49세,상해없음,보행자,여,15세,경상
9006,2018112400100324,2018년 11월 24일 12시,토요일,경기도 성남시 분당구 정자동,경상사고,0,0,1,0,차대사람 - 횡단중,보행자보호의무위반,포장 - 건조,맑음,교차로 - 교차로횡단보도내,승용,남,64세,상해없음,보행자,남,17세,경상
9007,2018112400100326,2018년 11월 24일 12시,토요일,경기도 안양시 만안구 박달동,경상사고,0,0,1,0,차대사람 - 횡단중,보행자보호의무위반,포장 - 건조,맑음,단일로 - 기타,화물,남,62세,상해없음,보행자,남,59세,경상
9008,2018112400100355,2018년 11월 24일 13시,토요일,경기도 부천시 원종동,중상사고,0,1,1,0,차대사람 - 차도통행중,신호위반,포장 - 젖음/습기,눈,교차로 - 교차로횡단보도내,이륜,남,35세,상해없음,보행자,여,42세,중상
9009,2018112400100408,2018년 11월 24일 14시,토요일,경기도 구리시 인창동,부상신고사고,0,0,0,1,차대사람 - 기타,안전운전불이행,포장 - 젖음/습기,맑음,단일로 - 기타,승용,여,50세,상해없음,보행자,남,15세,부상신고
9010,2018112400100415,2018년 11월 24일 15시,토요일,경기도 수원시 팔달구 우만동,부상신고사고,0,0,0,1,차대사람 - 기타,안전운전불이행,포장 - 건조,맑음,교차로 - 교차로안,승용,남,47세,상해없음,보행자,여,71세,부상신고
9011,2018112400100416,2018년 11월 24일 15시,토요일,경기도 수원시 장안구 연무동,경상사고,0,0,1,0,차대사람 - 기타,안전운전불이행,포장 - 건조,맑음,단일로 - 기타,승용,남,45세,상해없음,보행자,여,64세,경상
9012,2018112400100418,2018년 11월 24일 15시,토요일,경기도 부천시 괴안동,경상사고,0,0,1,0,차대사람 - 기타,안전운전불이행,포장 - 건조,맑음,단일로 - 기타,승용,남,57세,상해없음,보행자,여,55세,경상
9013,2018112400100444,2018년 11월 24일 16시,토요일,경기도 안성시 석정동,경상사고,0,0,1,0,차대사람 - 횡단중,신호위반,포장 - 건조,맑음,단일로 - 기타,승용,여,56세,상해없음,보행자,여,14세,경상
9014,2018112400100445,2018년 11월 24일 16시,토요일,경기도 광주시 태전동,중상사고,0,1,0,0,차대사람 - 횡단중,기타,포장 - 건조,맑음,교차로 - 교차로횡단보도내,승용,남,37세,상해없음,보행자,여,2세,중상
9015,2018112400100473,2018년 11월 24일 17시,토요일,경기도 용인시 처인구 김량장동,중상사고,0,1,0,0,차대사람 - 횡단중,신호위반,포장 - 건조,맑음,교차로 - 교차로횡단보도내,승용,여,27세,상해없음,보행자,여,65세,중상
9016,2018112400100504,2018년 11월 24일 17시,토요일,경기도 고양시 일산동구 중산동,중상사고,0,1,0,0,차대사람 - 횡단중,안전운전불이행,포장 - 젖음/습기,흐림,교차로 - 교차로안,승용,여,55세,기타불명,보행자,남,84세,중상
9017,2018112400100505,2018년 11월 24일 17시,토요일,경기도 파주시 야당동,경상사고,0,0,1,0,차대사람 - 횡단중,교차로운행방법위반,포장 - 건조,맑음,교차로 - 교차로안,승용,남,49세,상해없음,보행자,여,66세,경상
9018,2018112400100515,2018년 11월 24일 18시,토요일,경기도 평택시 비전동,중상사고,0,1,0,0,차대사람 - 기타,보행자보호의무위반,포장 - 건조,맑음,교차로 - 교차로안,승용,남,30세,상해없음,보행자,남,65세,중상
9019,2018112400100518,2018년 11월 24일 18시,토요일,경기도 안산시 상록구 본오동,경상사고,0,0,1,0,차대사람 - 보도통행중,기타,포장 - 건조,맑음,단일로 - 기타,승용,남,51세,상해없음,보행자,남,57세,경상
9020,2018112400100565,2018년 11월 24일 19시,토요일,경기도 성남시 분당구 야탑동,중상사고,0,1,1,0,차대사람 - 보도통행중,보행자보호의무위반,포장 - 젖음/습기,맑음,단일로 - 기타,승용,남,55세,경상,보행자,여,58세,중상
9021,2018112400100594,2018년 11월 24일 19시,토요일,경기도 파주시 월롱면,중상사고,0,1,0,0,차대사람 - 횡단중,안전운전불이행,포장 - 건조,맑음,단일로 - 기타,승용,남,47세,상해없음,보행자,여,63세,중상
9022,2018112400100607,2018년 11월 24일 20시,토요일,경기도 성남시 분당구 분당동,중상사고,0,1,0,0,차대사람 - 기타,안전운전불이행,포장 - 건조,맑음,교차로 - 교차로횡단보도내,승용,남,37세,상해없음,보행자,남,55세,중상
9023,2018112400100634,2018년 11월 24일 21시,토요일,경기도 용인시 처인구 포곡읍,중상사고,0,1,0,0,차대사람 - 횡단중,기타,포장 - 건조,맑음,교차로 - 교차로횡단보도내,승합,남,46세,상해없음,보행자,여,58세,중상
9024,2018112400100638,2018년 11월 24일 21시,토요일,경기도 부천시 원종동,경상사고,0,0,1,0,차대사람 - 차도통행중,안전운전불이행,포장 - 젖음/습기,흐림,단일로 - 기타,승용,남,30세,상해없음,보행자,남,52세,경상
9025,2018112400100671,2018년 11월 24일 22시,토요일,경기도 평택시 평택동,경상사고,0,0,1,0,차대사람 - 기타,안전운전불이행,포장 - 건조,맑음,단일로 - 기타,승용,남,47세,상해없음,보행자,남,54세,경상
9026,2018112400100673,2018년 11월 24일 22시,토요일,경기도 여주시 점봉동,중상사고,0,1,1,0,차대사람 - 보도통행중,안전운전불이행,포장 - 건조,맑음,단일로 - 기타,이륜,남,61세,상해없음,보행자,남,63세,중상
9027,2018112400100674,2018년 11월 24일 22시,토요일,경기도 화성시 능동,중상사고,0,1,0,0,차대사람 - 횡단중,신호위반,포장 - 건조,맑음,단일로 - 기타,승용,여,41세,상해없음,보행자,여,21세,중상
9028,2018112400100676,2018년 11월 24일 22시,토요일,경기도 성남시 분당구 서현동,중상사고,0,1,0,0,차대사람 - 기타,안전운전불이행,포장 - 건조,맑음,교차로 - 교차로안,승합,남,49세,상해없음,보행자,남,19세,중상
9029,2018112500100008,2018년 11월 25일 00시,일요일,경기도 부천시 원미동,경상사고,0,0,1,0,차대사람 - 기타,안전운전불이행,포장 - 건조,맑음,단일로 - 기타,승용,남,62세,상해없음,보행자,남,20세,경상
9030,2018112500100022,2018년 11월 25일 01시,일요일,경기도 안산시 단원구 고잔동,중상사고,0,1,3,0,차대사람 - 기타,신호위반,포장 - 건조,맑음,교차로 - 교차로안,승용,남,32세,상해없음,보행자,여,27세,중상
9031,2018112500100033,2018년 11월 25일 02시,일요일,경기도 동두천시 지행동,중상사고,0,1,0,0,차대사람 - 기타,안전운전불이행,포장 - 건조,맑음,기타 - 기타,승용,남,28세,기타불명,보행자,남,27세,중상
9032,2018112500100101,2018년 11월 25일 09시,일요일,경기도 군포시 당동,중상사고,0,1,0,0,차대사람 - 횡단중,신호위반,포장 - 건조,맑음,교차로 - 교차로횡단보도내,승용,남,69세,상해없음,보행자,여,15세,중상
9033,2018112500100113,2018년 11월 25일 10시,일요일,경기도 안성시 영동,중상사고,0,1,0,0,차대사람 - 기타,안전운전불이행,포장 - 기타,맑음,교차로 - 교차로부근,건설기계,남,50세,상해없음,보행자,여,73세,중상
9034,2018112500100115,2018년 11월 25일 10시,일요일,경기도 오산시 부산동,경상사고,0,0,1,0,차대사람 - 기타,기타,포장 - 건조,맑음,기타 - 기타,승합,남,49세,상해없음,보행자,남,49세,경상
9035,2018112500100195,2018년 11월 25일 14시,일요일,경기도 수원시 권선구 권선동,경상사고,0,0,1,0,차대사람 - 기타,안전운전불이행,포장 - 건조,맑음,단일로 - 기타,화물,남,63세,기타불명,보행자,남,19세,경상
9036,2018112500100218,2018년 11월 25일 14시,일요일,경기도 남양주시 진접읍,경상사고,0,0,1,0,차대사람 - 횡단중,안전운전불이행,포장 - 젖음/습기,흐림,단일로 - 기타,승용,남,58세,상해없음,보행자,여,10세,경상
9037,2018112500100227,2018년 11월 25일 15시,일요일,경기도 수원시 팔달구 인계동,경상사고,0,0,1,0,차대사람 - 길가장자리구역통행중,안전운전불이행,포장 - 건조,맑음,단일로 - 기타,승용,남,22세,상해없음,보행자,남,30세,경상
9038,2018112500100228,2018년 11월 25일 15시,일요일,경기도 안산시 상록구 본오동,경상사고,0,0,1,0,차대사람 - 보도통행중,안전운전불이행,포장 - 건조,맑음,단일로 - 기타,승용,여,47세,상해없음,보행자,여,52세,경상
9039,2018112500100258,2018년 11월 25일 16시,일요일,경기도 수원시 장안구 정자동,중상사고,0,1,0,0,차대사람 - 횡단중,보행자보호의무위반,포장 - 건조,맑음,교차로 - 교차로부근,승용,여,65세,상해없음,보행자,여,4세,중상
9040,2018112500100261,2018년 11월 25일 16시,일요일,경기도 수원시 권선구 세류동,경상사고,0,0,1,0,차대사람 - 기타,안전운전불이행,포장 - 건조,맑음,단일로 - 기타,승합,남,47세,상해없음,보행자,남,74세,경상
9041,2018112500100316,2018년 11월 25일 18시,일요일,경기도 수원시 영통구 매탄동,중상사고,0,1,0,0,차대사람 - 차도통행중,안전운전불이행,포장 - 건조,맑음,교차로 - 교차로부근,이륜,남,21세,상해없음,보행자,여,75세,중상
9042,2018112500100319,2018년 11월 25일 18시,일요일,경기도 성남시 분당구 수내동,중상사고,0,1,0,0,차대사람 - 횡단중,보행자보호의무위반,포장 - 건조,맑음,교차로 - 교차로횡단보도내,승용,여,49세,상해없음,보행자,여,62세,중상
9043,2018112500100346,2018년 11월 25일 19시,일요일,경기도 평택시 용이동,부상신고사고,0,0,0,1,차대사람 - 기타,안전운전불이행,포장 - 건조,맑음,단일로 - 기타,승용,남,47세,상해없음,보행자,남,65세,부상신고
9044,2018112500100347,2018년 11월 25일 19시,일요일,경기도 용인시 처인구 김량장동,경상사고,0,0,1,0,차대사람 - 기타,안전운전불이행,포장 - 건조,맑음,단일로 - 기타,승용,여,34세,상해없음,보행자,남,45세,경상
9045,2018112500100349,2018년 11월 25일 19시,일요일,경기도 오산시 오산동,부상신고사고,0,0,0,1,차대사람 - 횡단중,안전운전불이행,포장 - 건조,맑음,교차로 - 교차로안,기타불명,기타불명,미분류,기타불명,보행자,여,18세,부상신고
9046,2018112500100402,2018년 11월 25일 21시,일요일,경기도 김포시 장기동,중상사고,0,1,0,0,차대사람 - 차도통행중,신호위반,포장 - 건조,맑음,단일로 - 기타,이륜,남,30세,기타불명,보행자,남,19세,중상
9047,2018112500100414,2018년 11월 25일 21시,일요일,경기도 고양시 일산서구 일산동,중상사고,0,1,0,0,차대사람 - 횡단중,안전운전불이행,포장 - 건조,맑음,단일로 - 기타,이륜,남,16세,상해없음,보행자,남,59세,중상
9048,2018112500100424,2018년 11월 25일 22시,일요일,경기도 성남시 중원구 금광동,경상사고,0,0,1,0,차대사람 - 보도통행중,보행자보호의무위반,포장 - 건조,맑음,교차로 - 교차로횡단보도내,기타불명,기타불명,미분류,기타불명,보행자,남,16세,경상
9049,2018112600100013,2018년 11월 26일 00시,월요일,경기도 의정부시 의정부동,경상사고,0,0,1,0,차대사람 - 길가장자리구역통행중,안전운전불이행,포장 - 건조,맑음,단일로 - 기타,기타불명,기타불명,미분류,기타불명,보행자,남,59세,경상
9050,2018112600100060,2018년 11월 26일 05시,월요일,경기도 구리시 수택동,경상사고,0,0,1,0,차대사람 - 기타,안전운전불이행,포장 - 건조,맑음,단일로 - 기타,이륜,남,18세,상해없음,보행자,남,58세,경상
9051,2018112600100074,2018년 11월 26일 06시,월요일,경기도 의정부시 가능동,경상사고,0,0,1,0,차대사람 - 횡단중,보행자보호의무위반,포장 - 젖음/습기,안개,교차로 - 교차로횡단보도내,화물,남,47세,상해없음,보행자,여,34세,경상
9052,2018112600100119,2018년 11월 26일 08시,월요일,경기도 안양시 만안구 박달동,중상사고,0,1,0,0,차대사람 - 횡단중,신호위반,포장 - 건조,맑음,교차로 - 교차로안,승합,남,51세,상해없음,보행자,여,67세,중상
9053,2018112600100149,2018년 11월 26일 08시,월요일,경기도 의정부시 호원동,경상사고,0,0,1,0,차대사람 - 길가장자리구역통행중,안전운전불이행,포장 - 건조,맑음,단일로 - 기타,승용,여,59세,상해없음,보행자,여,9세,경상
9054,2018112600100193,2018년 11월 26일 10시,월요일,경기도 안양시 동안구 관양동,경상사고,0,0,1,0,차대사람 - 횡단중,신호위반,포장 - 건조,맑음,교차로 - 교차로횡단보도내,승용,남,51세,상해없음,보행자,남,27세,경상
9055,2018112600100196,2018년 11월 26일 10시,월요일,경기도 시흥시 은행동,경상사고,0,0,1,0,차대사람 - 기타,안전운전불이행,포장 - 건조,맑음,교차로 - 교차로부근,승용,여,37세,상해없음,보행자,남,78세,경상
9056,2018112600100197,2018년 11월 26일 10시,월요일,경기도 안산시 상록구 사동,중상사고,0,1,0,0,차대사람 - 횡단중,신호위반,포장 - 건조,맑음,단일로 - 기타,승용,여,54세,상해없음,보행자,여,39세,중상
9057,2018112600100248,2018년 11월 26일 12시,월요일,경기도 용인시 처인구 역북동,부상신고사고,0,0,0,1,차대사람 - 보도통행중,안전운전불이행,포장 - 건조,맑음,단일로 - 기타,승용,여,50세,상해없음,보행자,남,43세,부상신고
9058,2018112600100253,2018년 11월 26일 12시,월요일,경기도 군포시 부곡동,경상사고,0,0,1,0,차대사람 - 기타,안전운전불이행,포장 - 건조,맑음,단일로 - 기타,승용,남,53세,상해없음,보행자,남,28세,경상
9059,2018112600100254,2018년 11월 26일 12시,월요일,경기도 하남시 덕풍동,경상사고,0,0,1,0,차대사람 - 기타,안전운전불이행,포장 - 건조,맑음,주차장 - 주차장,승용,남,74세,상해없음,보행자,남,42세,경상
9060,2018112600100288,2018년 11월 26일 13시,월요일,경기도 광명시 광명동,경상사고,0,0,1,0,차대사람 - 차도통행중,안전운전불이행,포장 - 건조,맑음,단일로 - 기타,승용,남,40세,상해없음,보행자,남,34세,경상
9061,2018112600100291,2018년 11월 26일 13시,월요일,경기도 성남시 분당구 수내동,중상사고,0,1,0,0,차대사람 - 기타,안전운전불이행,포장 - 건조,맑음,기타 - 기타,자전거,남,27세,상해없음,보행자,남,31세,중상
9062,2018112600100322,2018년 11월 26일 14시,월요일,경기도 안양시 동안구 관양동,중상사고,0,1,1,0,차대사람 - 기타,안전운전불이행,포장 - 건조,맑음,기타 - 기타,승용,여,35세,경상,보행자,여,46세,중상
9063,2018112600100324,2018년 11월 26일 14시,월요일,경기도 성남시 중원구 금광동,중상사고,0,1,0,0,차대사람 - 기타,안전운전불이행,포장 - 건조,맑음,단일로 - 기타,승합,남,55세,상해없음,보행자,여,90세 이상,중상
9064,2018112600100360,2018년 11월 26일 15시,월요일,경기도 이천시 창전동,중상사고,0,1,0,0,차대사람 - 횡단중,보행자보호의무위반,포장 - 건조,맑음,단일로 - 기타,이륜,남,16세,상해없음,보행자,여,61세,중상
9065,2018112600100392,2018년 11월 26일 15시,월요일,경기도 의정부시 호원동,경상사고,0,0,1,0,차대사람 - 기타,안전운전불이행,포장 - 건조,맑음,단일로 - 기타,이륜,남,53세,상해없음,보행자,여,33세,경상
9066,2018112600100394,2018년 11월 26일 15시,월요일,경기도 남양주시 화도읍,중상사고,0,1,0,0,차대사람 - 기타,안전운전불이행,포장 - 건조,맑음,기타 - 기타,화물,남,44세,상해없음,보행자,여,71세,중상
9067,2018112600100446,2018년 11월 26일 17시,월요일,경기도 평택시 서정동,경상사고,0,0,1,0,차대사람 - 기타,안전운전불이행,포장 - 건조,맑음,단일로 - 기타,승용,여,43세,상해없음,보행자,남,55세,경상
9068,2018112600100451,2018년 11월 26일 17시,월요일,경기도 군포시 당정동,중상사고,0,1,0,0,차대사람 - 횡단중,안전운전불이행,포장 - 건조,맑음,교차로 - 교차로안,승용,여,39세,상해없음,보행자,여,75세,중상
9069,2018112600100452,2018년 11월 26일 17시,월요일,경기도 성남시 분당구 구미동,중상사고,0,1,0,0,차대사람 - 보도통행중,기타,포장 - 건조,맑음,기타 - 기타,이륜,남,47세,상해없음,보행자,남,61세,중상
9070,2018112600100476,2018년 11월 26일 17시,월요일,경기도 고양시 덕양구 행신동,경상사고,0,0,1,0,차대사람 - 기타,안전운전불이행,포장 - 건조,맑음,단일로 - 기타,승합,남,50세,상해없음,보행자,여,20세,경상
9071,2018112600100477,2018년 11월 26일 17시,월요일,경기도 남양주시 진접읍,경상사고,0,0,1,0,차대사람 - 기타,안전운전불이행,포장 - 건조,맑음,단일로 - 기타,승합,남,64세,상해없음,보행자,남,9세,경상
9072,2018112600100478,2018년 11월 26일 17시,월요일,경기도 동두천시 지행동,중상사고,0,1,0,0,차대사람 - 횡단중,보행자보호의무위반,포장 - 건조,맑음,교차로 - 교차로횡단보도내,승용,남,48세,상해없음,보행자,여,59세,중상
9073,2018112600100479,2018년 11월 26일 17시,월요일,경기도 포천시 소흘읍,경상사고,0,0,2,0,차대사람 - 횡단중,안전운전불이행,포장 - 건조,맑음,단일로 - 기타,원동기,남,22세,경상,보행자,여,15세,경상
9074,2018112600100491,2018년 11월 26일 18시,월요일,경기도 이천시 호법면,사망사고,1,0,0,0,차대사람 - 횡단중,안전운전불이행,포장 - 건조,흐림,교차로 - 교차로안,화물,남,55세,상해없음,보행자,남,74세,사망