,사고번호,사고일시,요일,시군구,사고내용,사망자수,중상자수,경상자수,부상신고자수,사고유형,법규위반,노면상태,기상상태,도로형태,가해운전자 차종,가해운전자 성별,가해운전자 연령,가해운전자 상해정도,피해운전자 차종,피해운전자 성별,피해운전자 연령,피해운전자 상해정도
9075,2018112600100492,2018년 11월 26일 18시,월요일,경기도 김포시 월곶면,중상사고,0,1,0,0,차대사람 - 기타,안전운전불이행,포장 - 건조,맑음,단일로 - 기타,기타불명,기타불명,미분류,기타불명,보행자,여,74세,중상
9076,2018112600100493,2018년 11월 26일 18시,월요일,경기도 화성시 진안동,경상사고,0,0,1,0,차대사람 - 기타,교차로운행방법위반,포장 - 건조,맑음,교차로 - 교차로안,승용,남,45세,상해없음,보행자,남,26세,경상
9077,2018112600100498,2018년 11월 26일 18시,월요일,경기도 안산시 상록구 월피동,중상사고,0,1,0,0,차대사람 - 기타,신호위반,포장 - 건조,맑음,교차로 - 교차로횡단보도내,이륜,남,16세,상해없음,보행자,여,44세,중상
9078,2018112600100506,2018년 11월 26일 18시,월요일,경기도 용인시 기흥구 마북동,경상사고,0,0,1,0,차대사람 - 기타,안전운전불이행,포장 - 건조,맑음,교차로 - 교차로부근,기타불명,기타불명,미분류,기타불명,보행자,남,17세,경상
9079,2018112600100546,2018년 11월 26일 19시,월요일,경기도 평택시 평택동,경상사고,0,0,1,0,차대사람 - 기타,안전운전불이행,포장 - 건조,맑음,단일로 - 기타,승용,여,45세,상해없음,보행자,남,56세,경상
9080,2018112600100585,2018년 11월 26일 20시,월요일,경기도 화성시 향남읍,경상사고,0,0,1,0,차대사람 - 기타,안전운전불이행,포장 - 건조,맑음,교차로 - 교차로안,승용,남,42세,상해없음,보행자,남,54세,경상
9081,2018112600100597,2018년 11월 26일 20시,월요일,경기도 남양주시 평내동,부상신고사고,0,0,0,1,차대사람 - 길가장자리구역통행중,안전운전불이행,포장 - 건조,맑음,단일로 - 기타,기타불명,기타불명,미분류,기타불명,보행자,남,15세,부상신고
9082,2018112600100604,2018년 11월 26일 21시,월요일,경기도 부천시 심곡본동,경상사고,0,0,1,0,차대사람 - 보도통행중,안전운전불이행,포장 - 건조,맑음,단일로 - 기타,기타불명,기타불명,미분류,기타불명,보행자,남,33세,경상
9083,2018112600100605,2018년 11월 26일 21시,월요일,경기도 안산시 단원구 선부동,중상사고,0,1,0,0,차대사람 - 기타,안전운전불이행,포장 - 건조,맑음,단일로 - 기타,화물,남,54세,상해없음,보행자,여,63세,중상
9084,2018112600100606,2018년 11월 26일 21시,월요일,경기도 성남시 중원구 중앙동,경상사고,0,0,1,0,차대사람 - 기타,안전운전불이행,포장 - 건조,맑음,단일로 - 기타,이륜,남,33세,상해없음,보행자,남,50세,경상
9085,2018112600100607,2018년 11월 26일 21시,월요일,경기도 시흥시 정왕동,경상사고,0,0,1,0,차대사람 - 횡단중,안전운전불이행,포장 - 건조,맑음,교차로 - 교차로안,승용,남,27세,상해없음,보행자,남,49세,경상
9086,2018112600100609,2018년 11월 26일 21시,월요일,경기도 화성시 봉담읍,경상사고,0,0,1,0,차대사람 - 횡단중,안전운전불이행,포장 - 건조,맑음,단일로 - 기타,이륜,남,34세,상해없음,보행자,남,58세,경상
9087,2018112700100014,2018년 11월 27일 01시,화요일,경기도 수원시 팔달구 인계동,중상사고,0,1,0,0,차대사람 - 횡단중,안전운전불이행,포장 - 건조,맑음,교차로 - 교차로안,승용,남,64세,상해없음,보행자,남,26세,중상
9088,2018112700100020,2018년 11월 27일 02시,화요일,경기도 용인시 처인구 모현읍,경상사고,0,0,1,0,차대사람 - 기타,안전운전불이행,포장 - 젖음/습기,안개,단일로 - 기타,기타불명,기타불명,미분류,기타불명,보행자,남,24세,경상
9089,2018112700100072,2018년 11월 27일 07시,화요일,경기도 수원시 장안구 파장동,경상사고,0,0,1,0,차대사람 - 기타,안전운전불이행,포장 - 건조,맑음,교차로 - 교차로안,승용,남,53세,상해없음,보행자,남,68세,경상
9090,2018112700100159,2018년 11월 27일 09시,화요일,경기도 시흥시 정왕동,중상사고,0,1,0,0,차대사람 - 기타,안전운전불이행,포장 - 건조,맑음,단일로 - 기타,승합,남,53세,상해없음,보행자,여,64세,중상
9091,2018112700100176,2018년 11월 27일 09시,화요일,경기도 파주시 교하동,경상사고,0,0,1,0,차대사람 - 기타,기타,포장 - 건조,맑음,단일로 - 기타,승용,남,71세,상해없음,보행자,남,63세,경상
9092,2018112700100201,2018년 11월 27일 11시,화요일,경기도 평택시 서정동,중상사고,0,1,0,0,차대사람 - 횡단중,안전운전불이행,포장 - 건조,맑음,기타 - 기타,승용,남,33세,상해없음,보행자,여,80세,중상
9093,2018112700100203,2018년 11월 27일 11시,화요일,경기도 광주시 초월읍,중상사고,0,1,0,0,차대사람 - 기타,안전운전불이행,포장 - 건조,맑음,단일로 - 기타,승합,남,38세,상해없음,보행자,남,54세,중상
9094,2018112700100204,2018년 11월 27일 11시,화요일,경기도 용인시 처인구 포곡읍,중상사고,0,1,0,0,차대사람 - 횡단중,보행자보호의무위반,포장 - 건조,맑음,교차로 - 교차로횡단보도내,승용,남,81세,상해없음,보행자,남,76세,중상
9095,2018112700100232,2018년 11월 27일 12시,화요일,경기도 수원시 팔달구 매산로2가,경상사고,0,0,1,0,차대사람 - 기타,안전운전불이행,포장 - 건조,흐림,단일로 - 기타,화물,남,65세,상해없음,보행자,남,30세,경상
9096,2018112700100248,2018년 11월 27일 12시,화요일,경기도 양주시 광적면,중상사고,0,1,0,0,차대사람 - 기타,안전운전불이행,포장 - 건조,맑음,교차로 - 교차로부근,화물,남,59세,상해없음,보행자,여,74세,중상
9097,2018112700100303,2018년 11월 27일 14시,화요일,경기도 고양시 덕양구 관산동,중상사고,0,1,0,0,차대사람 - 차도통행중,안전운전불이행,포장 - 건조,맑음,기타 - 기타,화물,남,46세,상해없음,보행자,여,76세,중상
9098,2018112700100314,2018년 11월 27일 15시,화요일,경기도 부천시 중동,경상사고,0,0,1,0,차대사람 - 기타,안전운전불이행,포장 - 건조,맑음,교차로 - 교차로부근,승합,남,52세,상해없음,보행자,여,78세,경상
9099,2018112700100345,2018년 11월 27일 16시,화요일,경기도 안양시 만안구 안양동,경상사고,0,0,1,0,차대사람 - 차도통행중,안전운전불이행,포장 - 건조,맑음,단일로 - 기타,승용,여,55세,상해없음,보행자,남,16세,경상
9100,2018112700100380,2018년 11월 27일 17시,화요일,경기도 부천시 심곡본동,경상사고,0,0,2,0,차대사람 - 횡단중,보행자보호의무위반,포장 - 건조,맑음,교차로 - 교차로횡단보도내,승용,남,57세,상해없음,보행자,여,44세,경상
9101,2018112700100383,2018년 11월 27일 17시,화요일,경기도 군포시 산본동,중상사고,0,1,0,0,차대사람 - 횡단중,보행자보호의무위반,포장 - 건조,맑음,교차로 - 교차로횡단보도내,승용,여,36세,상해없음,보행자,남,55세,중상
9102,2018112700100385,2018년 11월 27일 17시,화요일,경기도 성남시 분당구 정자동,중상사고,0,1,0,0,차대사람 - 횡단중,보행자보호의무위반,포장 - 건조,맑음,단일로 - 기타,승용,여,41세,상해없음,보행자,여,24세,중상
9103,2018112700100388,2018년 11월 27일 17시,화요일,경기도 화성시 향남읍,중상사고,0,1,0,0,차대사람 - 횡단중,안전운전불이행,포장 - 건조,맑음,단일로 - 기타,승용,여,51세,상해없음,보행자,여,1세,중상
9104,2018112700100429,2018년 11월 27일 18시,화요일,경기도 안성시 봉남동,경상사고,0,0,1,0,차대사람 - 기타,안전운전불이행,포장 - 건조,맑음,단일로 - 기타,승용,여,53세,상해없음,보행자,남,42세,경상
9105,2018112700100475,2018년 11월 27일 18시,화요일,경기도 파주시 파주읍,중상사고,0,1,0,0,차대사람 - 기타,안전운전불이행,포장 - 건조,맑음,단일로 - 기타,승용,여,61세,상해없음,보행자,남,46세,중상
9106,2018112700100476,2018년 11월 27일 18시,화요일,경기도 파주시 금촌동,경상사고,0,0,1,0,차대사람 - 기타,안전거리미확보,포장 - 건조,맑음,기타 - 기타,기타불명,기타불명,미분류,기타불명,보행자,남,59세,경상
9107,2018112700100477,2018년 11월 27일 18시,화요일,경기도 포천시 영북면,중상사고,0,1,0,0,차대사람 - 횡단중,안전운전불이행,포장 - 건조,흐림,단일로 - 기타,승용,남,57세,상해없음,보행자,여,43세,중상
9108,2018112700100524,2018년 11월 27일 20시,화요일,경기도 수원시 권선구 권선동,경상사고,0,0,1,0,차대사람 - 횡단중,중앙선침범,포장 - 건조,맑음,단일로 - 기타,승용,남,47세,상해없음,보행자,여,65세,경상
9109,2018112700100540,2018년 11월 27일 20시,화요일,경기도 남양주시 이패동,중상사고,0,1,0,0,차대사람 - 횡단중,안전운전불이행,포장 - 건조,맑음,교차로 - 교차로횡단보도내,승용,남,70세,상해없음,보행자,남,54세,중상
9110,2018112700100566,2018년 11월 27일 21시,화요일,경기도 남양주시 화도읍,경상사고,0,0,1,0,차대사람 - 기타,안전운전불이행,포장 - 건조,맑음,단일로 - 기타,승용,남,53세,상해없음,보행자,여,44세,경상
9111,2018112700100575,2018년 11월 27일 22시,화요일,경기도 부천시 중동,중상사고,0,1,0,0,차대사람 - 횡단중,안전운전불이행,포장 - 건조,맑음,단일로 - 기타,승용,여,29세,상해없음,보행자,남,68세,중상
9112,2018112800100039,2018년 11월 28일 04시,수요일,경기도 화성시 장안면,경상사고,0,0,1,0,차대사람 - 기타,안전운전불이행,포장 - 건조,맑음,단일로 - 기타,승용,여,71세,상해없음,보행자,여,62세,경상
9113,2018112800100073,2018년 11월 28일 07시,수요일,경기도 오산시 궐동,중상사고,0,1,0,0,차대사람 - 기타,안전운전불이행,포장 - 건조,맑음,단일로 - 기타,승용,남,28세,상해없음,보행자,여,43세,중상
9114,2018112800100099,2018년 11월 28일 08시,수요일,경기도 수원시 영통구 영통동,중상사고,0,1,0,0,차대사람 - 횡단중,신호위반,포장 - 건조,맑음,교차로 - 교차로횡단보도내,승용,여,43세,상해없음,보행자,남,30세,중상
9115,2018112800100102,2018년 11월 28일 08시,수요일,경기도 수원시 권선구 탑동,경상사고,0,0,1,0,차대사람 - 기타,안전운전불이행,포장 - 건조,맑음,단일로 - 기타,승용,여,42세,상해없음,보행자,남,10세,경상
9116,2018112800100103,2018년 11월 28일 08시,수요일,경기도 화성시 봉담읍,경상사고,0,0,1,0,차대사람 - 차도통행중,안전운전불이행,포장 - 건조,맑음,단일로 - 기타,승용,남,42세,상해없음,보행자,여,17세,경상
9117,2018112800100133,2018년 11월 28일 08시,수요일,경기도 의정부시 민락동,중상사고,0,1,0,0,차대사람 - 횡단중,신호위반,포장 - 건조,맑음,교차로 - 교차로안,승용,남,61세,상해없음,보행자,여,28세,중상
9118,2018112800100150,2018년 11월 28일 09시,수요일,경기도 광주시 초월읍,중상사고,0,1,0,0,차대사람 - 기타,안전운전불이행,포장 - 건조,맑음,기타 - 기타,화물,남,54세,상해없음,보행자,여,62세,중상
9119,2018112800100167,2018년 11월 28일 09시,수요일,경기도 고양시 덕양구 주교동,경상사고,0,0,1,0,차대사람 - 길가장자리구역통행중,안전운전불이행,포장 - 건조,맑음,단일로 - 기타,승용,여,35세,상해없음,보행자,여,74세,경상
9120,2018112800100218,2018년 11월 28일 11시,수요일,경기도 안양시 동안구 비산동,중상사고,0,1,0,0,차대사람 - 횡단중,안전운전불이행,포장 - 건조,맑음,교차로 - 교차로횡단보도내,승용,남,28세,상해없음,보행자,여,82세,중상
9121,2018112800100273,2018년 11월 28일 12시,수요일,경기도 동두천시 동두천동,경상사고,0,0,1,0,차대사람 - 기타,기타,포장 - 건조,맑음,단일로 - 기타,승합,남,36세,상해없음,보행자,여,57세,경상
9122,2018112800100284,2018년 11월 28일 13시,수요일,경기도 시흥시 은행동,경상사고,0,0,1,0,차대사람 - 횡단중,안전운전불이행,포장 - 건조,맑음,단일로 - 기타,승용,남,38세,상해없음,보행자,남,13세,경상
9123,2018112800100319,2018년 11월 28일 14시,수요일,경기도 시흥시 정왕동,경상사고,0,0,1,0,차대사람 - 횡단중,안전운전불이행,포장 - 건조,맑음,단일로 - 기타,화물,남,72세,상해없음,보행자,남,43세,경상
9124,2018112800100320,2018년 11월 28일 14시,수요일,경기도 의왕시 청계동,사망사고,1,0,0,0,차대사람 - 횡단중,안전운전불이행,포장 - 건조,맑음,단일로 - 기타,승합,남,79세,상해없음,보행자,여,8세,사망
9125,2018112800100342,2018년 11월 28일 15시,수요일,경기도 수원시 팔달구 우만동,경상사고,0,0,1,1,차대사람 - 기타,교차로운행방법위반,포장 - 건조,맑음,교차로 - 교차로안,승합,남,64세,상해없음,보행자,여,74세,부상신고
9126,2018112800100343,2018년 11월 28일 15시,수요일,경기도 안양시 동안구 관양동,경상사고,0,0,1,0,차대사람 - 횡단중,보행자보호의무위반,포장 - 건조,맑음,교차로 - 교차로횡단보도내,승합,여,41세,상해없음,보행자,남,69세,경상
9127,2018112800100365,2018년 11월 28일 15시,수요일,경기도 고양시 일산서구 대화동,경상사고,0,0,1,0,차대사람 - 횡단중,안전운전불이행,포장 - 건조,맑음,교차로 - 교차로안,승용,남,58세,상해없음,보행자,여,23세,경상
9128,2018112800100407,2018년 11월 28일 16시,수요일,경기도 의정부시 가능동,부상신고사고,0,0,0,1,차대사람 - 차도통행중,안전운전불이행,포장 - 건조,맑음,단일로 - 기타,승용,남,51세,상해없음,보행자,남,81세,부상신고
9129,2018112800100410,2018년 11월 28일 16시,수요일,경기도 파주시 탄현면,경상사고,0,0,1,0,차대사람 - 횡단중,신호위반,포장 - 건조,맑음,교차로 - 교차로부근,승용,여,43세,상해없음,보행자,남,9세,경상
9130,2018112800100465,2018년 11월 28일 18시,수요일,경기도 안산시 단원구 원시동,중상사고,0,1,0,0,차대사람 - 기타,안전운전불이행,포장 - 건조,맑음,주차장 - 주차장,승용,남,24세,상해없음,보행자,여,45세,중상
9131,2018112800100468,2018년 11월 28일 18시,수요일,경기도 안산시 상록구 성포동,부상신고사고,0,0,0,1,차대사람 - 기타,안전운전불이행,포장 - 건조,맑음,기타 - 기타,자전거,기타불명,미분류,기타불명,보행자,남,5세,부상신고
9132,2018112800100499,2018년 11월 28일 18시,수요일,경기도 남양주시 퇴계원면,경상사고,0,0,1,0,차대사람 - 기타,안전운전불이행,포장 - 건조,맑음,기타 - 기타,승용,여,50세,상해없음,보행자,남,55세,경상
9133,2018112800100581,2018년 11월 28일 21시,수요일,경기도 광주시 태전동,경상사고,0,0,1,0,차대사람 - 횡단중,안전운전불이행,포장 - 건조,흐림,교차로 - 교차로부근,승용,남,38세,상해없음,보행자,남,29세,경상
9134,2018112800100583,2018년 11월 28일 21시,수요일,경기도 부천시 괴안동,경상사고,0,0,1,0,차대사람 - 기타,보행자보호의무위반,포장 - 건조,맑음,단일로 - 기타,승용,남,42세,상해없음,보행자,여,47세,경상
9135,2018112800100584,2018년 11월 28일 21시,수요일,경기도 군포시 산본동,경상사고,0,0,1,0,차대사람 - 횡단중,보행자보호의무위반,포장 - 건조,맑음,교차로 - 교차로안,승용,남,35세,상해없음,보행자,남,54세,경상
9136,2018112800100646,2018년 11월 28일 23시,수요일,경기도 의정부시 신곡동,중상사고,0,1,0,0,차대사람 - 기타,교차로운행방법위반,포장 - 건조,맑음,교차로 - 교차로부근,승용,남,35세,상해없음,보행자,남,21세,중상
9137,2018112900100036,2018년 11월 29일 03시,목요일,경기도 성남시 분당구 서현동,경상사고,0,0,1,0,차대사람 - 기타,안전운전불이행,포장 - 건조,맑음,교차로 - 교차로안,승용,여,41세,상해없음,보행자,남,34세,경상
9138,2018112900100043,2018년 11월 29일 05시,목요일,경기도 성남시 수정구 신흥동,중상사고,0,1,0,0,차대사람 - 횡단중,안전운전불이행,포장 - 건조,맑음,교차로 - 교차로부근,승용,여,61세,상해없음,보행자,여,56세,중상
9139,2018112900100044,2018년 11월 29일 05시,목요일,경기도 광주시 곤지암읍,중상사고,0,1,0,0,차대사람 - 횡단중,신호위반,포장 - 건조,맑음,교차로 - 교차로안,화물,남,51세,상해없음,보행자,남,78세,중상
9140,2018112900100048,2018년 11월 29일 05시,목요일,경기도 성남시 분당구 삼평동,중상사고,0,1,0,0,차대사람 - 횡단중,보행자보호의무위반,포장 - 건조,맑음,교차로 - 교차로횡단보도내,승용,여,54세,상해없음,보행자,여,69세,중상
9141,2018112900100062,2018년 11월 29일 06시,목요일,경기도 평택시 팽성읍,중상사고,0,1,0,0,차대사람 - 횡단중,안전운전불이행,포장 - 건조,맑음,단일로 - 기타,승용,남,46세,상해없음,보행자,남,70세,중상
9142,2018112900100079,2018년 11월 29일 07시,목요일,경기도 광주시 오포읍,중상사고,0,1,0,0,차대사람 - 횡단중,신호위반,포장 - 건조,맑음,교차로 - 교차로횡단보도내,승용,여,51세,상해없음,보행자,남,11세,중상
9143,2018112900100101,2018년 11월 29일 08시,목요일,경기도 수원시 장안구 이목동,중상사고,0,1,0,0,차대사람 - 기타,안전운전불이행,포장 - 건조,맑음,교차로 - 교차로안,승용,여,25세,상해없음,보행자,남,66세,중상
9144,2018112900100103,2018년 11월 29일 08시,목요일,경기도 안양시 동안구 비산동,중상사고,0,1,0,0,차대사람 - 횡단중,기타,포장 - 건조,맑음,단일로 - 기타,승용,여,42세,상해없음,보행자,남,13세,중상
9145,2018112900100121,2018년 11월 29일 08시,목요일,경기도 파주시 상지석동,경상사고,0,0,1,0,차대사람 - 기타,안전운전불이행,포장 - 건조,맑음,단일로 - 기타,승용,남,55세,상해없음,보행자,여,24세,경상
9146,2018112900100129,2018년 11월 29일 09시,목요일,경기도 화성시 병점동,경상사고,0,0,1,0,차대사람 - 기타,안전운전불이행,포장 - 건조,맑음,기타 - 기타,화물,남,33세,상해없음,보행자,여,66세,경상
9147,2018112900100215,2018년 11월 29일 12시,목요일,경기도 부천시 중동,경상사고,0,0,1,0,차대사람 - 보도통행중,안전운전불이행,포장 - 건조,맑음,단일로 - 기타,승용,여,53세,상해없음,보행자,남,60세,경상
9148,2018112900100236,2018년 11월 29일 13시,목요일,경기도 양평군 양평읍,중상사고,0,1,0,0,차대사람 - 차도통행중,교차로운행방법위반,포장 - 건조,맑음,교차로 - 교차로안,승용,남,61세,상해없음,보행자,여,86세,중상
9149,2018112900100237,2018년 11월 29일 13시,목요일,경기도 성남시 중원구 성남동,부상신고사고,0,0,0,1,차대사람 - 횡단중,안전운전불이행,포장 - 건조,맑음,교차로 - 교차로부근,화물,남,53세,상해없음,보행자,남,57세,부상신고
9150,2018112900100255,2018년 11월 29일 13시,목요일,경기도 구리시 인창동,중상사고,0,1,0,0,차대사람 - 횡단중,보행자보호의무위반,포장 - 건조,맑음,단일로 - 기타,승합,남,49세,상해없음,보행자,여,58세,중상
9151,2018112900100286,2018년 11월 29일 15시,목요일,경기도 수원시 권선구 권선동,경상사고,0,0,1,0,차대사람 - 횡단중,안전운전불이행,포장 - 건조,맑음,교차로 - 교차로안,승용,여,47세,상해없음,보행자,남,76세,경상
9152,2018112900100289,2018년 11월 29일 15시,목요일,경기도 의왕시 오전동,경상사고,0,0,1,0,차대사람 - 보도통행중,보행자보호의무위반,포장 - 건조,맑음,교차로 - 교차로횡단보도내,승용,남,53세,상해없음,보행자,여,10세,경상
9153,2018112900100290,2018년 11월 29일 15시,목요일,경기도 하남시 덕풍동,중상사고,0,1,0,0,차대사람 - 차도통행중,안전운전불이행,포장 - 건조,맑음,단일로 - 기타,승용,여,71세,기타불명,보행자,남,60세,중상
9154,2018112900100350,2018년 11월 29일 16시,목요일,경기도 동두천시 상패동,중상사고,0,1,0,0,차대사람 - 횡단중,안전운전불이행,포장 - 건조,맑음,교차로 - 교차로안,승용,남,45세,상해없음,보행자,남,77세,중상
9155,2018112900100362,2018년 11월 29일 17시,목요일,경기도 성남시 수정구 복정동,경상사고,0,0,1,0,차대사람 - 기타,안전운전불이행,포장 - 건조,맑음,단일로 - 기타,승합,남,68세,상해없음,보행자,남,22세,경상
9156,2018112900100392,2018년 11월 29일 17시,목요일,경기도 파주시 월롱면,사망사고,1,0,0,0,차대사람 - 횡단중,신호위반,포장 - 건조,맑음,교차로 - 교차로횡단보도내,승용,남,58세,상해없음,보행자,여,31세,사망
9157,2018112900100405,2018년 11월 29일 18시,목요일,경기도 양평군 양평읍,경상사고,0,0,1,0,차대사람 - 차도통행중,안전운전불이행,포장 - 건조,맑음,단일로 - 기타,승용,남,71세,상해없음,보행자,남,48세,경상
9158,2018112900100408,2018년 11월 29일 18시,목요일,경기도 군포시 당동,중상사고,0,1,0,0,차대사람 - 기타,안전운전불이행,포장 - 건조,맑음,교차로 - 교차로부근,승용,남,45세,상해없음,보행자,여,74세,중상
9159,2018112900100410,2018년 11월 29일 18시,목요일,경기도 성남시 분당구 삼평동,경상사고,0,0,1,0,차대사람 - 횡단중,보행자보호의무위반,포장 - 건조,맑음,교차로 - 교차로횡단보도내,승용,남,25세,기타불명,보행자,남,34세,경상
9160,2018112900100413,2018년 11월 29일 18시,목요일,경기도 수원시 권선구 오목천동,경상사고,0,0,1,0,차대사람 - 횡단중,안전운전불이행,포장 - 건조,맑음,교차로 - 교차로부근,승용,여,32세,상해없음,보행자,여,76세,경상
9161,2018112900100446,2018년 11월 29일 18시,목요일,경기도 의정부시 가능동,경상사고,0,0,1,0,차대사람 - 횡단중,안전운전불이행,포장 - 건조,맑음,단일로 - 기타,승용,남,54세,상해없음,보행자,남,57세,경상
9162,2018112900100451,2018년 11월 29일 18시,목요일,경기도 고양시 일산서구 주엽동,경상사고,0,0,1,0,차대사람 - 횡단중,안전운전불이행,포장 - 건조,맑음,단일로 - 기타,승용,여,48세,상해없음,보행자,여,85세,경상
9163,2018112900100464,2018년 11월 29일 19시,목요일,경기도 성남시 분당구 서현동,경상사고,0,0,1,0,차대사람 - 기타,안전운전불이행,포장 - 건조,맑음,단일로 - 기타,승용,여,48세,상해없음,보행자,여,52세,경상
9164,2018112900100494,2018년 11월 29일 20시,목요일,경기도 성남시 분당구 야탑동,중상사고,0,1,0,0,차대사람 - 횡단중,신호위반,포장 - 건조,맑음,교차로 - 교차로횡단보도내,승용,남,71세,상해없음,보행자,여,56세,중상
9165,2018112900100532,2018년 11월 29일 21시,목요일,경기도 구리시 교문동,중상사고,0,1,0,0,차대사람 - 보도통행중,기타,포장 - 건조,맑음,기타 - 기타,이륜,남,41세,상해없음,보행자,남,56세,중상
9166,2018112900100542,2018년 11월 29일 22시,목요일,경기도 안양시 동안구 호계동,부상신고사고,0,0,0,1,차대사람 - 기타,안전운전불이행,포장 - 건조,맑음,단일로 - 기타,승용,남,35세,상해없음,보행자,남,42세,부상신고
9167,2018113000100033,2018년 11월 30일 01시,금요일,경기도 의정부시 금오동,중상사고,0,1,0,0,차대사람 - 횡단중,보행자보호의무위반,포장 - 건조,맑음,단일로 - 기타,승합,남,57세,상해없음,보행자,여,61세,중상
9168,2018113000100070,2018년 11월 30일 06시,금요일,경기도 광명시 광명동,중상사고,0,1,0,0,차대사람 - 횡단중,안전운전불이행,포장 - 젖음/습기,맑음,교차로 - 교차로안,화물,남,58세,상해없음,보행자,남,60세,중상
9169,2018113000100071,2018년 11월 30일 06시,금요일,경기도 안산시 단원구 선부동,중상사고,0,1,0,0,차대사람 - 기타,안전운전불이행,포장 - 건조,맑음,교차로 - 교차로부근,승용,여,51세,상해없음,보행자,남,75세,중상
9170,2018113000100084,2018년 11월 30일 06시,금요일,경기도 고양시 일산서구 탄현동,경상사고,0,0,1,0,차대사람 - 횡단중,안전운전불이행,포장 - 건조,맑음,교차로 - 교차로안,승용,남,64세,상해없음,보행자,여,36세,경상
9171,2018113000100124,2018년 11월 30일 08시,금요일,경기도 안산시 단원구 고잔동,경상사고,0,0,1,0,차대사람 - 기타,안전운전불이행,포장 - 건조,맑음,교차로 - 교차로부근,승용,남,62세,상해없음,보행자,여,38세,경상
9172,2018113000100146,2018년 11월 30일 08시,금요일,경기도 포천시 소흘읍,중상사고,0,1,0,0,차대사람 - 횡단중,보행자보호의무위반,포장 - 건조,맑음,교차로 - 교차로안,승용,남,26세,상해없음,보행자,남,14세,중상
9173,2018113000100157,2018년 11월 30일 09시,금요일,경기도 하남시 덕풍동,중상사고,0,1,0,0,차대사람 - 기타,안전운전불이행,포장 - 건조,맑음,단일로 - 기타,승합,남,57세,상해없음,보행자,남,2세,중상
9174,2018113000100189,2018년 11월 30일 10시,금요일,경기도 용인시 수지구 풍덕천동,중상사고,0,1,0,0,차대사람 - 기타,신호위반,포장 - 건조,맑음,교차로 - 교차로안,승용,여,48세,상해없음,보행자,여,15세,중상
9175,2018113000100208,2018년 11월 30일 10시,금요일,경기도 포천시 신읍동,경상사고,0,0,1,0,차대사람 - 횡단중,안전운전불이행,포장 - 건조,맑음,교차로 - 교차로부근,승용,남,50세,상해없음,보행자,여,60세,경상
9176,2018113000100219,2018년 11월 30일 11시,금요일,경기도 오산시 지곶동,중상사고,0,1,0,0,차대사람 - 횡단중,안전운전불이행,포장 - 건조,맑음,단일로 - 기타,승용,남,35세,상해없음,보행자,여,63세,중상
9177,2018113000100220,2018년 11월 30일 11시,금요일,경기도 부천시 심곡동,경상사고,0,0,1,0,차대사람 - 기타,안전운전불이행,포장 - 건조,맑음,단일로 - 기타,승용,여,57세,상해없음,보행자,남,41세,경상
9178,2018113000100284,2018년 11월 30일 13시,금요일,경기도 평택시 세교동,경상사고,0,0,1,0,차대사람 - 기타,안전운전불이행,포장 - 건조,맑음,단일로 - 기타,화물,남,45세,상해없음,보행자,남,50세,경상
9179,2018113000100314,2018년 11월 30일 14시,금요일,경기도 안양시 동안구 호계동,경상사고,0,0,1,0,차대사람 - 차도통행중,안전운전불이행,포장 - 건조,맑음,교차로 - 교차로부근,승용,남,66세,상해없음,보행자,여,68세,경상
9180,2018113000100317,2018년 11월 30일 14시,금요일,경기도 성남시 중원구 성남동,경상사고,0,0,1,0,차대사람 - 기타,안전운전불이행,포장 - 건조,맑음,단일로 - 기타,승용,여,65세,기타불명,보행자,남,60세,경상
9181,2018113000100353,2018년 11월 30일 15시,금요일,경기도 용인시 기흥구 중동,부상신고사고,0,0,0,1,차대사람 - 차도통행중,안전운전불이행,포장 - 건조,맑음,단일로 - 기타,승용,여,33세,상해없음,보행자,여,73세,부상신고
9182,2018113000100355,2018년 11월 30일 15시,금요일,경기도 군포시 산본동,경상사고,0,0,1,0,차대사람 - 기타,안전운전불이행,포장 - 건조,맑음,단일로 - 기타,이륜,남,27세,상해없음,보행자,여,29세,경상
9183,2018113000100356,2018년 11월 30일 15시,금요일,경기도 화성시 봉담읍,중상사고,0,1,0,0,차대사람 - 횡단중,보행자보호의무위반,포장 - 건조,맑음,교차로 - 교차로횡단보도내,화물,남,56세,상해없음,보행자,남,40세,중상
9184,2018113000100418,2018년 11월 30일 16시,금요일,경기도 남양주시 진접읍,중상사고,0,1,0,0,차대사람 - 기타,안전운전불이행,포장 - 건조,맑음,기타 - 기타,승용,여,39세,상해없음,보행자,남,67세,중상
9185,2018113000100430,2018년 11월 30일 17시,금요일,경기도 평택시 포승읍,중상사고,0,1,0,0,차대사람 - 횡단중,안전운전불이행,포장 - 건조,맑음,교차로 - 교차로부근,승용,여,53세,상해없음,보행자,여,66세,중상
9186,2018113000100436,2018년 11월 30일 17시,금요일,경기도 부천시 중동,부상신고사고,0,0,0,1,차대사람 - 횡단중,안전운전불이행,포장 - 건조,맑음,단일로 - 기타,승용,남,60세,상해없음,보행자,남,8세,부상신고
9187,2018113000100443,2018년 11월 30일 17시,금요일,경기도 용인시 수지구 성복동,경상사고,0,0,1,0,차대사람 - 기타,안전운전불이행,포장 - 건조,맑음,단일로 - 기타,승용,남,57세,상해없음,보행자,남,6세,경상