,사고번호,사고일시,요일,시군구,사고내용,사망자수,중상자수,경상자수,부상신고자수,사고유형,법규위반,노면상태,기상상태,도로형태,가해운전자 차종,가해운전자 성별,가해운전자 연령,가해운전자 상해정도,피해운전자 차종,피해운전자 성별,피해운전자 연령,피해운전자 상해정도
9301,2018120400100539,2018년 12월 4일 21시,화요일,경기도 성남시 중원구 상대원동,경상사고,0,0,1,0,차대사람 - 기타,안전운전불이행,포장 - 건조,맑음,단일로 - 기타,기타불명,기타불명,미분류,기타불명,보행자,여,26세,경상
9302,2018120400100575,2018년 12월 4일 22시,화요일,경기도 고양시 덕양구 삼송동,중상사고,0,1,0,0,차대사람 - 기타,안전운전불이행,포장 - 건조,맑음,단일로 - 기타,승용,남,30세,기타불명,보행자,남,47세,중상
9303,2018120500100006,2018년 12월 5일 00시,수요일,경기도 시흥시 목감동,경상사고,0,0,1,0,차대사람 - 기타,안전운전불이행,포장 - 건조,맑음,단일로 - 기타,승용,여,51세,상해없음,보행자,남,29세,경상
9304,2018120500100033,2018년 12월 5일 03시,수요일,경기도 수원시 팔달구 인계동,경상사고,0,0,1,0,차대사람 - 차도통행중,안전운전불이행,포장 - 건조,맑음,단일로 - 기타,승용,남,26세,상해없음,보행자,남,22세,경상
9305,2018120500100059,2018년 12월 5일 06시,수요일,경기도 이천시 안흥동,중상사고,0,1,0,0,차대사람 - 횡단중,안전운전불이행,포장 - 건조,맑음,교차로 - 교차로부근,승용,여,50세,상해없음,보행자,여,73세,중상
9306,2018120500100080,2018년 12월 5일 07시,수요일,경기도 김포시 사우동,중상사고,0,1,0,0,차대사람 - 기타,보행자보호의무위반,포장 - 건조,맑음,단일로 - 기타,승합,남,54세,상해없음,보행자,남,64세,중상
9307,2018120500100084,2018년 12월 5일 07시,수요일,경기도 의왕시 오전동,경상사고,0,0,1,0,차대사람 - 기타,안전운전불이행,포장 - 건조,맑음,교차로 - 교차로횡단보도내,승용,여,60세,상해없음,보행자,여,60세,경상
9308,2018120500100122,2018년 12월 5일 08시,수요일,경기도 화성시 영천동,중상사고,0,1,0,0,차대사람 - 보도통행중,보행자보호의무위반,포장 - 건조,맑음,단일로 - 기타,승용,남,28세,상해없음,보행자,여,8세,중상
9309,2018120500100159,2018년 12월 5일 08시,수요일,경기도 의정부시 낙양동,경상사고,0,0,1,0,차대사람 - 횡단중,신호위반,포장 - 건조,맑음,교차로 - 교차로횡단보도내,승합,남,37세,상해없음,보행자,여,13세,경상
9310,2018120500100160,2018년 12월 5일 08시,수요일,경기도 고양시 덕양구 고양동,중상사고,0,1,0,0,차대사람 - 횡단중,안전운전불이행,포장 - 건조,맑음,단일로 - 기타,승용,남,45세,상해없음,보행자,여,11세,중상
9311,2018120500100223,2018년 12월 5일 11시,수요일,경기도 수원시 팔달구 지동,중상사고,0,1,0,0,차대사람 - 기타,중앙선침범,포장 - 건조,맑음,단일로 - 기타,화물,남,45세,상해없음,보행자,여,80세,중상
9312,2018120500100282,2018년 12월 5일 13시,수요일,경기도 성남시 분당구 서현동,중상사고,0,1,0,0,차대사람 - 횡단중,신호위반,포장 - 건조,맑음,교차로 - 교차로횡단보도내,승용,여,53세,상해없음,보행자,여,22세,중상
9313,2018120500100303,2018년 12월 5일 14시,수요일,경기도 이천시 부발읍,경상사고,0,0,1,0,차대사람 - 차도통행중,안전운전불이행,포장 - 건조,맑음,교차로 - 교차로부근,화물,남,52세,상해없음,보행자,여,75세,경상
9314,2018120500100362,2018년 12월 5일 16시,수요일,경기도 군포시 당정동,경상사고,0,0,1,0,차대사람 - 기타,안전운전불이행,포장 - 건조,맑음,주차장 - 주차장,승용,여,35세,상해없음,보행자,여,89세,경상
9315,2018120500100390,2018년 12월 5일 17시,수요일,경기도 용인시 처인구 유방동,경상사고,0,0,1,0,차대사람 - 횡단중,보행자보호의무위반,포장 - 건조,맑음,교차로 - 교차로안,승용,남,43세,상해없음,보행자,남,35세,경상
9316,2018120500100394,2018년 12월 5일 17시,수요일,경기도 안산시 단원구 초지동,부상신고사고,0,0,0,1,차대사람 - 차도통행중,안전운전불이행,포장 - 건조,맑음,단일로 - 기타,승용,여,69세,상해없음,보행자,남,39세,부상신고
9317,2018120500100397,2018년 12월 5일 17시,수요일,경기도 하남시 덕풍동,중상사고,0,1,0,0,차대사람 - 횡단중,안전운전불이행,포장 - 건조,맑음,교차로 - 교차로부근,승합,여,55세,상해없음,보행자,여,70세,중상
9318,2018120500100431,2018년 12월 5일 17시,수요일,경기도 고양시 일산서구 주엽동,경상사고,0,0,1,0,차대사람 - 기타,안전운전불이행,포장 - 건조,맑음,교차로 - 교차로횡단보도내,승용,남,30세,상해없음,보행자,남,19세,경상
9319,2018120500100441,2018년 12월 5일 18시,수요일,경기도 수원시 장안구 파장동,중상사고,0,1,0,0,차대사람 - 기타,안전운전불이행,포장 - 건조,맑음,단일로 - 기타,이륜,남,27세,상해없음,보행자,여,57세,중상
9320,2018120500100442,2018년 12월 5일 18시,수요일,경기도 성남시 수정구 신흥동,경상사고,0,0,1,0,차대사람 - 횡단중,안전운전불이행,포장 - 건조,맑음,단일로 - 기타,기타불명,기타불명,미분류,기타불명,보행자,남,25세,경상
9321,2018120500100443,2018년 12월 5일 18시,수요일,경기도 안양시 동안구 비산동,중상사고,0,1,0,0,차대사람 - 횡단중,보행자보호의무위반,포장 - 건조,맑음,단일로 - 기타,승용,남,38세,상해없음,보행자,여,8세,중상
9322,2018120500100448,2018년 12월 5일 18시,수요일,경기도 수원시 권선구 권선동,중상사고,0,1,0,0,차대사람 - 횡단중,신호위반,포장 - 건조,맑음,단일로 - 기타,승용,여,42세,상해없음,보행자,남,26세,중상
9323,2018120500100480,2018년 12월 5일 18시,수요일,경기도 남양주시 평내동,부상신고사고,0,0,0,1,차대사람 - 보도통행중,신호위반,포장 - 건조,맑음,교차로 - 교차로안,승용,남,53세,상해없음,보행자,남,8세,부상신고
9324,2018120500100491,2018년 12월 5일 19시,수요일,경기도 광명시 철산동,경상사고,0,0,1,0,차대사람 - 기타,안전운전불이행,포장 - 건조,맑음,기타 - 기타,승용,남,61세,상해없음,보행자,남,36세,경상
9325,2018120500100513,2018년 12월 5일 19시,수요일,경기도 의정부시 민락동,경상사고,0,0,1,0,차대사람 - 차도통행중,안전운전불이행,포장 - 건조,맑음,교차로 - 교차로안,승용,남,53세,상해없음,보행자,여,15세,경상
9326,2018120500100545,2018년 12월 5일 21시,수요일,경기도 화성시 진안동,경상사고,0,0,1,0,차대사람 - 기타,안전운전불이행,포장 - 건조,맑음,단일로 - 기타,기타불명,기타불명,미분류,기타불명,보행자,여,22세,경상
9327,2018120500100548,2018년 12월 5일 21시,수요일,경기도 수원시 영통구 매탄동,중상사고,0,1,0,0,차대사람 - 횡단중,안전운전불이행,포장 - 건조,맑음,단일로 - 기타,승용,남,40세,상해없음,보행자,여,54세,중상
9328,2018120500100555,2018년 12월 5일 21시,수요일,경기도 양주시 덕계동,경상사고,0,0,1,0,차대사람 - 기타,안전운전불이행,포장 - 건조,맑음,단일로 - 기타,승용,남,26세,상해없음,보행자,남,26세,경상
9329,2018120500100576,2018년 12월 5일 23시,수요일,경기도 의왕시 삼동,경상사고,0,0,1,0,차대사람 - 기타,보행자보호의무위반,포장 - 건조,맑음,교차로 - 교차로횡단보도내,승용,남,52세,상해없음,보행자,남,38세,경상
9330,2018120600100002,2018년 12월 6일 00시,목요일,경기도 평택시 세교동,부상신고사고,0,0,0,1,차대사람 - 길가장자리구역통행중,안전운전불이행,포장 - 건조,맑음,단일로 - 기타,승용,남,54세,상해없음,보행자,남,53세,부상신고
9331,2018120600100005,2018년 12월 6일 00시,목요일,경기도 수원시 영통구 신동,중상사고,0,2,0,0,차대사람 - 횡단중,안전운전불이행,포장 - 건조,맑음,단일로 - 기타,승용,남,28세,상해없음,보행자,남,35세,중상
9332,2018120600100006,2018년 12월 6일 00시,목요일,경기도 시흥시 정왕동,중상사고,0,1,0,0,차대사람 - 기타,안전운전불이행,포장 - 건조,맑음,단일로 - 기타,승용,남,43세,상해없음,보행자,남,38세,중상
9333,2018120600100030,2018년 12월 6일 02시,목요일,경기도 수원시 장안구 조원동,경상사고,0,0,1,0,차대사람 - 기타,안전운전불이행,포장 - 건조,맑음,단일로 - 기타,화물,남,49세,상해없음,보행자,남,62세,경상
9334,2018120600100066,2018년 12월 6일 06시,목요일,경기도 시흥시 정왕동,중상사고,0,1,0,0,차대사람 - 기타,신호위반,포장 - 건조,맑음,교차로 - 교차로안,승용,여,24세,상해없음,보행자,남,59세,중상
9335,2018120600100067,2018년 12월 6일 06시,목요일,경기도 안산시 상록구 본오동,경상사고,0,0,1,0,차대사람 - 기타,안전운전불이행,포장 - 건조,맑음,단일로 - 기타,승용,남,32세,상해없음,보행자,남,22세,경상
9336,2018120600100068,2018년 12월 6일 06시,목요일,경기도 하남시 신장동,부상신고사고,0,0,0,1,차대사람 - 횡단중,안전운전불이행,포장 - 젖음/습기,비,교차로 - 교차로안,승합,남,59세,상해없음,보행자,남,18세,부상신고
9337,2018120600100089,2018년 12월 6일 07시,목요일,경기도 오산시 원동,경상사고,0,0,1,0,차대사람 - 기타,안전운전불이행,포장 - 건조,맑음,교차로 - 교차로부근,승용,남,25세,상해없음,보행자,남,49세,경상
9338,2018120600100091,2018년 12월 6일 07시,목요일,경기도 수원시 영통구 영통동,경상사고,0,0,1,0,차대사람 - 기타,안전운전불이행,포장 - 건조,맑음,교차로 - 교차로안,승용,남,48세,상해없음,보행자,남,34세,경상
9339,2018120600100121,2018년 12월 6일 08시,목요일,경기도 광주시 오포읍,경상사고,0,0,1,0,차대사람 - 기타,안전운전불이행,포장 - 건조,맑음,주차장 - 주차장,승용,여,62세,상해없음,보행자,여,43세,경상
9340,2018120600100149,2018년 12월 6일 08시,목요일,경기도 의정부시 의정부동,경상사고,0,0,1,0,차대사람 - 기타,안전운전불이행,포장 - 건조,맑음,교차로 - 교차로부근,승용,여,49세,상해없음,보행자,남,10세,경상
9341,2018120600100151,2018년 12월 6일 08시,목요일,경기도 파주시 조리읍,중상사고,0,1,0,0,차대사람 - 차도통행중,안전운전불이행,포장 - 건조,맑음,기타 - 기타,화물,남,39세,상해없음,보행자,남,63세,중상
9342,2018120600100175,2018년 12월 6일 09시,목요일,경기도 안양시 만안구 박달동,중상사고,0,1,0,0,차대사람 - 횡단중,신호위반,포장 - 건조,맑음,교차로 - 교차로횡단보도내,승합,남,49세,상해없음,보행자,남,76세,중상
9343,2018120600100191,2018년 12월 6일 09시,목요일,경기도 남양주시 오남읍,경상사고,0,0,1,0,차대사람 - 보도통행중,안전운전불이행,포장 - 건조,흐림,교차로 - 교차로부근,화물,남,63세,상해없음,보행자,남,61세,경상
9344,2018120600100209,2018년 12월 6일 10시,목요일,경기도 부천시 심곡본동,중상사고,0,1,0,0,차대사람 - 기타,보행자보호의무위반,포장 - 건조,맑음,교차로 - 교차로부근,승합,남,35세,상해없음,보행자,여,82세,중상
9345,2018120600100221,2018년 12월 6일 10시,목요일,경기도 고양시 일산서구 덕이동,경상사고,0,0,1,0,차대사람 - 보도통행중,기타,포장 - 건조,맑음,단일로 - 기타,화물,남,47세,상해없음,보행자,남,37세,경상
9346,2018120600100243,2018년 12월 6일 11시,목요일,경기도 의정부시 녹양동,중상사고,0,1,0,0,차대사람 - 보도통행중,기타,포장 - 건조,맑음,기타 - 기타,화물,남,37세,상해없음,보행자,여,57세,중상
9347,2018120600100245,2018년 12월 6일 11시,목요일,경기도 남양주시 다산동,사망사고,1,0,0,0,차대사람 - 횡단중,보행자보호의무위반,포장 - 건조,맑음,단일로 - 기타,화물,남,55세,상해없음,보행자,남,53세,사망
9348,2018120600100257,2018년 12월 6일 12시,목요일,경기도 시흥시 대야동,경상사고,0,0,1,0,차대사람 - 횡단중,안전운전불이행,포장 - 건조,맑음,단일로 - 기타,승용,여,34세,상해없음,보행자,여,57세,경상
9349,2018120600100278,2018년 12월 6일 12시,목요일,경기도 고양시 일산동구 정발산동,중상사고,0,1,0,0,차대사람 - 횡단중,안전운전불이행,포장 - 건조,맑음,교차로 - 교차로횡단보도내,승합,남,36세,상해없음,보행자,여,75세,중상
9350,2018120600100287,2018년 12월 6일 13시,목요일,경기도 수원시 팔달구 중동,경상사고,0,0,1,0,차대사람 - 기타,안전운전불이행,포장 - 건조,맑음,교차로 - 교차로안,승합,남,36세,기타불명,보행자,남,52세,경상
9351,2018120600100305,2018년 12월 6일 13시,목요일,경기도 구리시 아천동,경상사고,0,0,1,0,차대사람 - 횡단중,보행자보호의무위반,포장 - 건조,맑음,교차로 - 교차로안,승용,여,44세,상해없음,보행자,남,71세,경상
9352,2018120600100312,2018년 12월 6일 14시,목요일,경기도 용인시 처인구 양지면,중상사고,0,1,0,0,차대사람 - 기타,안전운전불이행,포장 - 건조,맑음,단일로 - 기타,승용,남,29세,상해없음,보행자,여,79세,중상
9353,2018120600100339,2018년 12월 6일 14시,목요일,경기도 파주시 금촌동,경상사고,0,0,1,0,차대사람 - 차도통행중,안전운전불이행,포장 - 건조,맑음,교차로 - 교차로안,승용,남,52세,상해없음,보행자,남,66세,경상
9354,2018120600100340,2018년 12월 6일 14시,목요일,경기도 파주시 금촌동,중상사고,0,1,0,0,차대사람 - 기타,안전운전불이행,포장 - 건조,맑음,단일로 - 기타,승용,여,54세,상해없음,보행자,여,74세,중상
9355,2018120600100341,2018년 12월 6일 14시,목요일,경기도 포천시 소흘읍,중상사고,0,1,0,0,차대사람 - 횡단중,보행자보호의무위반,포장 - 건조,맑음,단일로 - 기타,승용,여,55세,상해없음,보행자,여,8세,중상
9356,2018120600100352,2018년 12월 6일 15시,목요일,경기도 부천시 심곡본동,경상사고,0,0,1,0,차대사람 - 기타,안전운전불이행,포장 - 건조,맑음,단일로 - 기타,승용,여,57세,상해없음,보행자,여,49세,경상
9357,2018120600100356,2018년 12월 6일 15시,목요일,경기도 시흥시 정왕동,중상사고,0,1,0,0,차대사람 - 기타,안전운전불이행,포장 - 건조,맑음,단일로 - 기타,승용,남,60세,상해없음,보행자,남,24세,중상
9358,2018120600100448,2018년 12월 6일 17시,목요일,경기도 고양시 덕양구 행신동,경상사고,0,0,1,0,차대사람 - 횡단중,안전운전불이행,포장 - 건조,맑음,단일로 - 기타,승용,남,64세,상해없음,보행자,여,28세,경상
9359,2018120600100471,2018년 12월 6일 18시,목요일,경기도 광주시 도척면,경상사고,0,0,1,0,차대사람 - 기타,안전운전불이행,포장 - 건조,맑음,단일로 - 기타,승용,남,53세,상해없음,보행자,남,53세,경상
9360,2018120600100473,2018년 12월 6일 18시,목요일,경기도 부천시 심곡동,중상사고,0,1,1,0,차대사람 - 기타,보행자보호의무위반,포장 - 건조,맑음,교차로 - 교차로횡단보도내,이륜,남,37세,경상,보행자,남,28세,중상
9361,2018120600100477,2018년 12월 6일 18시,목요일,경기도 수원시 팔달구 고등동,중상사고,0,1,0,0,차대사람 - 기타,과속,포장 - 건조,맑음,단일로 - 기타,이륜,남,18세,상해없음,보행자,남,60세,중상
9362,2018120600100539,2018년 12월 6일 19시,목요일,경기도 안산시 상록구 사동,경상사고,0,0,1,0,차대사람 - 기타,안전운전불이행,포장 - 건조,맑음,기타 - 기타,자전거,남,44세,상해없음,보행자,여,66세,경상
9363,2018120600100571,2018년 12월 6일 20시,목요일,경기도 평택시 신장동,중상사고,0,1,0,0,차대사람 - 보도통행중,보행자보호의무위반,포장 - 젖음/습기,눈,교차로 - 교차로횡단보도내,승용,남,31세,상해없음,보행자,남,76세,중상
9364,2018120600100575,2018년 12월 6일 20시,목요일,경기도 안산시 상록구 본오동,경상사고,0,0,1,0,차대사람 - 기타,신호위반,포장 - 건조,맑음,교차로 - 교차로횡단보도내,이륜,남,21세,기타불명,보행자,여,26세,경상
9365,2018120600100577,2018년 12월 6일 20시,목요일,경기도 하남시 덕풍동,경상사고,0,0,1,0,차대사람 - 기타,안전운전불이행,포장 - 건조,맑음,단일로 - 기타,화물,남,64세,상해없음,보행자,여,57세,경상
9366,2018120600100596,2018년 12월 6일 21시,목요일,경기도 부천시 심곡동,중상사고,0,1,0,0,차대사람 - 횡단중,안전운전불이행,포장 - 건조,맑음,교차로 - 교차로부근,승용,남,22세,상해없음,보행자,남,62세,중상
9367,2018120600100598,2018년 12월 6일 21시,목요일,경기도 화성시 우정읍,경상사고,0,0,1,0,차대사람 - 기타,안전운전불이행,포장 - 건조,맑음,단일로 - 기타,승용,여,39세,상해없음,보행자,남,23세,경상
9368,2018120600100617,2018년 12월 6일 22시,목요일,경기도 성남시 분당구 분당동,중상사고,0,1,0,0,차대사람 - 차도통행중,안전운전불이행,포장 - 건조,맑음,단일로 - 기타,승합,남,65세,상해없음,보행자,남,48세,중상
9369,2018120600100635,2018년 12월 6일 23시,목요일,경기도 수원시 팔달구 화서동,부상신고사고,0,0,0,1,차대사람 - 기타,안전운전불이행,포장 - 건조,맑음,교차로 - 교차로안,승용,남,43세,상해없음,보행자,여,70세,부상신고
9370,2018120700100004,2018년 12월 7일 00시,금요일,경기도 평택시 서정동,경상사고,0,0,1,0,차대사람 - 기타,안전운전불이행,포장 - 건조,맑음,교차로 - 교차로안,승용,남,18세,상해없음,보행자,남,46세,경상
9371,2018120700100049,2018년 12월 7일 05시,금요일,경기도 군포시 산본동,중상사고,0,1,0,0,차대사람 - 횡단중,보행자보호의무위반,포장 - 건조,맑음,단일로 - 기타,승용,남,54세,상해없음,보행자,여,84세,중상
9372,2018120700100063,2018년 12월 7일 06시,금요일,경기도 평택시 서정동,경상사고,0,0,1,0,차대사람 - 기타,안전운전불이행,포장 - 건조,맑음,단일로 - 기타,승용,남,65세,상해없음,보행자,남,45세,경상
9373,2018120700100092,2018년 12월 7일 07시,금요일,경기도 시흥시 정왕동,중상사고,0,1,0,0,차대사람 - 기타,신호위반,포장 - 건조,맑음,단일로 - 기타,승용,남,40세,상해없음,보행자,여,26세,중상
9374,2018120700100093,2018년 12월 7일 07시,금요일,경기도 안산시 상록구 부곡동,경상사고,0,0,1,0,차대사람 - 횡단중,안전운전불이행,포장 - 건조,맑음,단일로 - 기타,화물,남,33세,상해없음,보행자,여,17세,경상
9375,2018120700100120,2018년 12월 7일 08시,금요일,경기도 수원시 장안구 천천동,중상사고,0,1,0,0,차대사람 - 보도통행중,기타,포장 - 건조,맑음,기타 - 기타,승용,남,36세,상해없음,보행자,남,52세,중상
9376,2018120700100127,2018년 12월 7일 08시,금요일,경기도 용인시 수지구 동천동,경상사고,0,0,1,0,차대사람 - 기타,안전운전불이행,포장 - 건조,맑음,교차로 - 교차로부근,화물,남,76세,상해없음,보행자,여,14세,경상
9377,2018120700100165,2018년 12월 7일 09시,금요일,경기도 군포시 부곡동,경상사고,0,0,1,0,차대사람 - 기타,신호위반,포장 - 건조,맑음,교차로 - 교차로안,화물,여,59세,상해없음,보행자,남,72세,경상
9378,2018120700100166,2018년 12월 7일 09시,금요일,경기도 성남시 분당구 구미동,중상사고,0,1,0,0,차대사람 - 횡단중,안전운전불이행,포장 - 건조,맑음,단일로 - 기타,승용,남,78세,상해없음,보행자,남,74세,중상
9379,2018120700100192,2018년 12월 7일 09시,금요일,경기도 구리시 갈매동,경상사고,0,0,1,0,차대사람 - 횡단중,안전운전불이행,포장 - 건조,맑음,단일로 - 기타,승용,여,36세,상해없음,보행자,남,16세,경상
9380,2018120700100193,2018년 12월 7일 09시,금요일,경기도 가평군 설악면,중상사고,0,1,0,0,차대사람 - 기타,안전운전불이행,포장 - 건조,맑음,교차로 - 교차로안,승용,남,53세,상해없음,보행자,여,75세,중상
9381,2018120700100208,2018년 12월 7일 10시,금요일,경기도 하남시 풍산동,경상사고,0,0,1,0,차대사람 - 기타,안전운전불이행,포장 - 건조,맑음,기타 - 기타,화물,남,39세,상해없음,보행자,남,54세,경상
9382,2018120700100294,2018년 12월 7일 12시,금요일,경기도 고양시 일산서구 탄현동,중상사고,0,1,0,0,차대사람 - 횡단중,교차로운행방법위반,포장 - 건조,맑음,교차로 - 교차로횡단보도내,승합,남,49세,상해없음,보행자,남,18세,중상
9383,2018120700100331,2018년 12월 7일 14시,금요일,경기도 평택시 비전동,부상신고사고,0,0,0,1,차대사람 - 차도통행중,안전운전불이행,포장 - 건조,맑음,단일로 - 기타,기타불명,기타불명,미분류,기타불명,보행자,남,39세,부상신고
9384,2018120700100338,2018년 12월 7일 14시,금요일,경기도 용인시 기흥구 보정동,중상사고,0,1,0,0,차대사람 - 차도통행중,신호위반,포장 - 건조,맑음,교차로 - 교차로안,승용,여,63세,상해없음,보행자,남,75세,중상
9385,2018120700100361,2018년 12월 7일 14시,금요일,경기도 의정부시 가능동,경상사고,0,0,1,0,차대사람 - 기타,안전운전불이행,비포장 - 건조,맑음,기타 - 기타,승용,여,65세,상해없음,보행자,남,59세,경상
9386,2018120700100370,2018년 12월 7일 15시,금요일,경기도 수원시 팔달구 화서동,중상사고,0,2,0,0,차대사람 - 횡단중,안전운전불이행,포장 - 건조,맑음,교차로 - 교차로안,승용,여,57세,상해없음,보행자,여,20세,중상
9387,2018120700100372,2018년 12월 7일 15시,금요일,경기도 안성시 공도읍,중상사고,0,1,0,0,차대사람 - 횡단중,신호위반,포장 - 건조,맑음,단일로 - 기타,승용,여,56세,상해없음,보행자,여,16세,중상
9388,2018120700100408,2018년 12월 7일 16시,금요일,경기도 안산시 단원구 선부동,경상사고,0,0,1,0,차대사람 - 기타,안전운전불이행,포장 - 건조,맑음,단일로 - 기타,기타불명,기타불명,미분류,기타불명,보행자,여,53세,경상
9389,2018120700100409,2018년 12월 7일 16시,금요일,경기도 과천시 별양동,부상신고사고,0,0,0,1,차대사람 - 차도통행중,안전운전불이행,포장 - 건조,맑음,단일로 - 기타,승용,남,77세,상해없음,보행자,여,64세,부상신고
9390,2018120700100455,2018년 12월 7일 17시,금요일,경기도 성남시 수정구 태평동,경상사고,0,0,1,0,차대사람 - 기타,안전운전불이행,포장 - 건조,맑음,단일로 - 기타,이륜,남,26세,상해없음,보행자,남,17세,경상
9391,2018120700100632,2018년 12월 7일 21시,금요일,경기도 성남시 분당구 정자동,중상사고,0,1,0,0,차대사람 - 횡단중,보행자보호의무위반,포장 - 건조,기타,단일로 - 기타,승용,여,51세,상해없음,보행자,남,10세,중상
9392,2018120700100634,2018년 12월 7일 21시,금요일,경기도 시흥시 대야동,경상사고,0,0,1,0,차대사람 - 기타,안전운전불이행,포장 - 건조,맑음,단일로 - 기타,승용,여,20세,상해없음,보행자,여,33세,경상
9393,2018120700100656,2018년 12월 7일 21시,금요일,경기도 고양시 일산동구 식사동,경상사고,0,0,1,0,차대사람 - 횡단중,신호위반,포장 - 건조,맑음,교차로 - 교차로횡단보도내,승용,남,59세,상해없음,보행자,남,23세,경상
9394,2018120700100668,2018년 12월 7일 22시,금요일,경기도 광주시 태전동,경상사고,0,0,1,0,차대사람 - 횡단중,안전운전불이행,포장 - 건조,맑음,교차로 - 교차로부근,승용,남,57세,상해없음,보행자,남,18세,경상
9395,2018120800100023,2018년 12월 8일 00시,토요일,경기도 의정부시 호원동,중상사고,0,1,0,0,차대사람 - 기타,신호위반,포장 - 건조,맑음,교차로 - 교차로안,승용,남,30세,상해없음,보행자,여,44세,중상
9396,2018120800100059,2018년 12월 8일 03시,토요일,경기도 안산시 상록구 본오동,경상사고,0,0,1,0,차대사람 - 차도통행중,안전운전불이행,포장 - 건조,맑음,단일로 - 기타,승용,남,39세,상해없음,보행자,남,50세,경상
9397,2018120800100141,2018년 12월 8일 09시,토요일,경기도 광주시 오포읍,중상사고,0,1,0,0,차대사람 - 기타,안전운전불이행,포장 - 건조,맑음,교차로 - 교차로부근,승용,여,48세,상해없음,보행자,남,57세,중상
9398,2018120800100142,2018년 12월 8일 09시,토요일,경기도 광명시 광명동,경상사고,0,0,1,0,차대사람 - 횡단중,신호위반,포장 - 건조,맑음,교차로 - 교차로안,승용,남,59세,상해없음,보행자,여,62세,경상
9399,2018120800100197,2018년 12월 8일 11시,토요일,경기도 부천시 심곡본동,경상사고,0,0,1,0,차대사람 - 기타,안전운전불이행,포장 - 건조,맑음,단일로 - 기타,승용,남,34세,상해없음,보행자,남,52세,경상
9400,2018120800100287,2018년 12월 8일 14시,토요일,경기도 시흥시 신천동,경상사고,0,0,1,0,차대사람 - 차도통행중,안전운전불이행,포장 - 건조,맑음,교차로 - 교차로부근,승용,남,55세,상해없음,보행자,여,16세,경상
9401,2018120800100320,2018년 12월 8일 15시,토요일,경기도 화성시 향남읍,부상신고사고,0,0,0,1,차대사람 - 보도통행중,안전운전불이행,포장 - 건조,맑음,교차로 - 교차로부근,자전거,남,16세,상해없음,보행자,남,4세,부상신고
9402,2018120800100380,2018년 12월 8일 16시,토요일,경기도 남양주시 별내동,경상사고,0,0,1,0,차대사람 - 기타,안전운전불이행,포장 - 건조,맑음,단일로 - 기타,승용,남,38세,상해없음,보행자,남,42세,경상
9403,2018120800100436,2018년 12월 8일 18시,토요일,경기도 평택시 비전동,중상사고,0,1,0,0,차대사람 - 횡단중,안전운전불이행,포장 - 건조,맑음,기타 - 기타,승용,여,56세,상해없음,보행자,여,69세,중상
9404,2018120800100437,2018년 12월 8일 18시,토요일,경기도 안성시 대덕면,중상사고,0,1,0,0,차대사람 - 기타,안전운전불이행,포장 - 건조,맑음,교차로 - 교차로안,승용,남,42세,상해없음,보행자,남,47세,중상
9405,2018120800100438,2018년 12월 8일 18시,토요일,경기도 용인시 기흥구 보라동,중상사고,0,1,0,0,차대사람 - 차도통행중,안전운전불이행,포장 - 건조,맑음,단일로 - 기타,승용,여,44세,상해없음,보행자,남,49세,중상
9406,2018120800100466,2018년 12월 8일 18시,토요일,경기도 양주시 광사동,경상사고,0,0,1,0,차대사람 - 보도통행중,안전운전불이행,포장 - 건조,맑음,주차장 - 주차장,승용,여,50세,상해없음,보행자,남,41세,경상
9407,2018120800100476,2018년 12월 8일 19시,토요일,경기도 성남시 수정구 신흥동,중상사고,0,1,0,0,차대사람 - 횡단중,안전운전불이행,포장 - 건조,맑음,단일로 - 기타,승용,남,47세,상해없음,보행자,여,12세,중상
9408,2018120800100477,2018년 12월 8일 19시,토요일,경기도 평택시 신장동,경상사고,0,0,1,0,차대사람 - 횡단중,보행자보호의무위반,포장 - 건조,맑음,교차로 - 교차로횡단보도내,승용,남,58세,상해없음,보행자,여,38세,경상
9409,2018120800100483,2018년 12월 8일 19시,토요일,경기도 오산시 오산동,중상사고,0,1,0,0,차대사람 - 횡단중,보행자보호의무위반,포장 - 건조,맑음,교차로 - 교차로횡단보도내,승용,남,45세,상해없음,보행자,남,41세,중상
9410,2018120800100488,2018년 12월 8일 19시,토요일,경기도 화성시 팔탄면,중상사고,0,1,0,0,차대사람 - 기타,안전운전불이행,포장 - 건조,맑음,기타 - 기타,승용,남,54세,상해없음,보행자,남,68세,중상
9411,2018120800100519,2018년 12월 8일 20시,토요일,경기도 양평군 양서면,경상사고,0,0,1,0,차대사람 - 차도통행중,교차로운행방법위반,포장 - 건조,맑음,단일로 - 기타,승합,남,64세,기타불명,보행자,남,60세,경상
9412,2018120800100558,2018년 12월 8일 21시,토요일,경기도 성남시 분당구 야탑동,중상사고,0,1,0,0,차대사람 - 기타,안전운전불이행,포장 - 건조,맑음,기타 - 기타,승합,남,69세,상해없음,보행자,남,65세,중상
9413,2018120800100561,2018년 12월 8일 21시,토요일,경기도 안산시 상록구 월피동,중상사고,0,1,0,0,차대사람 - 횡단중,안전운전불이행,포장 - 건조,맑음,교차로 - 교차로안,승용,남,50세,상해없음,보행자,여,57세,중상
9414,2018120800100590,2018년 12월 8일 22시,토요일,경기도 부천시 상동,중상사고,0,1,0,0,차대사람 - 기타,안전운전불이행,포장 - 건조,맑음,단일로 - 기타,승용,남,65세,상해없음,보행자,남,27세,중상