,사고번호,사고일시,요일,시군구,사고내용,사망자수,중상자수,경상자수,부상신고자수,사고유형,법규위반,노면상태,기상상태,도로형태,가해운전자 차종,가해운전자 성별,가해운전자 연령,가해운전자 상해정도,피해운전자 차종,피해운전자 성별,피해운전자 연령,피해운전자 상해정도
9528,2018121300100440,2018년 12월 13일 17시,목요일,경기도 성남시 중원구 상대원동,경상사고,0,0,1,0,차대사람 - 기타,안전운전불이행,포장 - 건조,맑음,단일로 - 기타,승용,남,60세,상해없음,보행자,남,22세,경상
9529,2018121300100464,2018년 12월 13일 17시,목요일,경기도 남양주시 진건읍,중상사고,0,1,0,0,차대사람 - 기타,보행자보호의무위반,포장 - 건조,맑음,교차로 - 교차로안,승용,여,67세,상해없음,보행자,여,59세,중상
9530,2018121300100484,2018년 12월 13일 18시,목요일,경기도 평택시 가재동,경상사고,0,0,1,0,차대사람 - 기타,안전운전불이행,포장 - 건조,맑음,단일로 - 기타,승용,남,68세,상해없음,보행자,남,68세,경상
9531,2018121300100486,2018년 12월 13일 18시,목요일,경기도 여주시 능서면,부상신고사고,0,0,0,1,차대사람 - 차도통행중,안전운전불이행,포장 - 적설,눈,단일로 - 기타,승용,남,47세,상해없음,보행자,남,58세,부상신고
9532,2018121300100487,2018년 12월 13일 18시,목요일,경기도 용인시 처인구 백암면,부상신고사고,0,0,0,1,차대사람 - 차도통행중,안전운전불이행,포장 - 건조,맑음,단일로 - 기타,화물,남,37세,상해없음,보행자,남,64세,부상신고
9533,2018121300100490,2018년 12월 13일 18시,목요일,경기도 화성시 향남읍,경상사고,0,0,1,0,차대사람 - 횡단중,안전운전불이행,포장 - 건조,맑음,단일로 - 기타,화물,남,23세,상해없음,보행자,남,14세,경상
9534,2018121300100520,2018년 12월 13일 18시,목요일,경기도 파주시 금촌동,경상사고,0,0,1,0,차대사람 - 횡단중,안전운전불이행,포장 - 건조,맑음,교차로 - 교차로횡단보도내,승용,남,29세,상해없음,보행자,여,66세,경상
9535,2018121300100521,2018년 12월 13일 18시,목요일,경기도 파주시 월롱면,경상사고,0,0,1,0,차대사람 - 길가장자리구역통행중,안전운전불이행,포장 - 건조,맑음,단일로 - 기타,승용,남,59세,상해없음,보행자,남,60세,경상
9536,2018121300100536,2018년 12월 13일 19시,목요일,경기도 성남시 수정구 태평동,경상사고,0,0,1,0,차대사람 - 기타,안전운전불이행,포장 - 건조,맑음,단일로 - 기타,승합,남,58세,상해없음,보행자,남,51세,경상
9537,2018121300100538,2018년 12월 13일 19시,목요일,경기도 성남시 중원구 성남동,경상사고,0,0,1,0,차대사람 - 기타,안전운전불이행,포장 - 건조,맑음,교차로 - 교차로부근,승용,여,56세,상해없음,보행자,여,71세,경상
9538,2018121300100562,2018년 12월 13일 19시,목요일,경기도 남양주시 다산동,중상사고,0,1,0,0,차대사람 - 기타,안전운전불이행,포장 - 젖음/습기,흐림,단일로 - 기타,이륜,남,20세,상해없음,보행자,여,61세,중상
9539,2018121300100564,2018년 12월 13일 19시,목요일,경기도 파주시 신촌동,경상사고,0,0,2,0,차대사람 - 기타,교차로운행방법위반,포장 - 기타,맑음,교차로 - 교차로부근,승용,여,46세,상해없음,보행자,남,35세,경상
9540,2018121300100571,2018년 12월 13일 20시,목요일,경기도 성남시 수정구 복정동,경상사고,0,0,1,0,차대사람 - 횡단중,신호위반,포장 - 건조,맑음,단일로 - 기타,이륜,남,28세,상해없음,보행자,남,25세,경상
9541,2018121300100592,2018년 12월 13일 21시,목요일,경기도 성남시 수정구 단대동,중상사고,0,1,0,0,차대사람 - 횡단중,안전운전불이행,포장 - 건조,맑음,단일로 - 기타,승용,남,27세,상해없음,보행자,여,63세,중상
9542,2018121300100596,2018년 12월 13일 21시,목요일,경기도 성남시 분당구 야탑동,경상사고,0,0,1,0,차대사람 - 횡단중,보행자보호의무위반,포장 - 젖음/습기,맑음,교차로 - 교차로횡단보도내,화물,남,49세,상해없음,보행자,남,26세,경상
9543,2018121300100606,2018년 12월 13일 21시,목요일,경기도 포천시 소흘읍,부상신고사고,0,0,0,1,차대사람 - 기타,기타,포장 - 건조,맑음,단일로 - 기타,승합,남,67세,상해없음,보행자,남,41세,부상신고
9544,2018121300100609,2018년 12월 13일 22시,목요일,경기도 광주시 중대동,경상사고,0,0,1,0,차대사람 - 차도통행중,안전운전불이행,포장 - 젖음/습기,흐림,교차로 - 교차로안,승용,남,63세,상해없음,보행자,여,25세,경상
9545,2018121300100613,2018년 12월 13일 22시,목요일,경기도 성남시 분당구 서현동,경상사고,0,0,1,0,차대사람 - 횡단중,보행자보호의무위반,포장 - 건조,맑음,교차로 - 교차로횡단보도내,승용,남,74세,상해없음,보행자,남,33세,경상
9546,2018121400100020,2018년 12월 14일 01시,금요일,경기도 수원시 팔달구 인계동,중상사고,0,1,0,0,차대사람 - 보도통행중,안전운전불이행,포장 - 서리/결빙,맑음,교차로 - 교차로안,승용,남,24세,상해없음,보행자,여,62세,중상
9547,2018121400100033,2018년 12월 14일 01시,금요일,경기도 남양주시 화도읍,경상사고,0,0,1,0,차대사람 - 기타,안전운전불이행,포장 - 건조,맑음,단일로 - 기타,승합,남,54세,상해없음,보행자,남,69세,경상
9548,2018121400100056,2018년 12월 14일 06시,금요일,경기도 평택시 비전동,중상사고,0,1,0,0,차대사람 - 횡단중,신호위반,포장 - 건조,맑음,교차로 - 교차로안,승용,남,27세,상해없음,보행자,남,79세,중상
9549,2018121400100093,2018년 12월 14일 08시,금요일,경기도 오산시 외삼미동,중상사고,0,1,0,0,차대사람 - 기타,안전운전불이행,포장 - 건조,맑음,단일로 - 기타,승용,남,37세,상해없음,보행자,남,49세,중상
9550,2018121400100094,2018년 12월 14일 08시,금요일,경기도 오산시 오산동,경상사고,0,0,1,0,차대사람 - 기타,안전운전불이행,포장 - 건조,맑음,교차로 - 교차로안,승용,남,45세,상해없음,보행자,남,44세,경상
9551,2018121400100133,2018년 12월 14일 09시,금요일,경기도 성남시 분당구 구미동,중상사고,0,1,0,0,차대사람 - 횡단중,안전운전불이행,포장 - 건조,맑음,단일로 - 기타,승용,여,40세,상해없음,보행자,여,61세,중상
9552,2018121400100165,2018년 12월 14일 10시,금요일,경기도 안산시 단원구 초지동,경상사고,0,0,2,0,차대사람 - 기타,안전운전불이행,포장 - 건조,맑음,교차로 - 교차로안,승합,남,44세,상해없음,보행자,여,61세,경상
9553,2018121400100189,2018년 12월 14일 10시,금요일,경기도 양주시 덕정동,경상사고,0,0,1,0,차대사람 - 횡단중,보행자보호의무위반,포장 - 건조,맑음,교차로 - 교차로횡단보도내,승용,여,31세,상해없음,보행자,여,45세,경상
9554,2018121400100204,2018년 12월 14일 11시,금요일,경기도 부천시 소사본동,중상사고,0,1,0,0,차대사람 - 기타,신호위반,포장 - 서리/결빙,맑음,단일로 - 기타,화물,남,70세,상해없음,보행자,여,64세,중상
9555,2018121400100262,2018년 12월 14일 13시,금요일,경기도 용인시 처인구 고림동,중상사고,0,1,0,0,차대사람 - 기타,안전운전불이행,포장 - 건조,맑음,단일로 - 기타,화물,남,58세,상해없음,보행자,여,72세,중상
9556,2018121400100305,2018년 12월 14일 14시,금요일,경기도 이천시 창전동,중상사고,0,1,0,0,차대사람 - 기타,불법유턴,포장 - 건조,맑음,교차로 - 교차로안,승용,여,54세,상해없음,보행자,여,72세,중상
9557,2018121400100353,2018년 12월 14일 15시,금요일,경기도 안산시 단원구 고잔동,중상사고,0,1,0,0,차대사람 - 차도통행중,안전운전불이행,포장 - 건조,맑음,단일로 - 기타,승용,남,23세,상해없음,보행자,남,38세,중상
9558,2018121400100402,2018년 12월 14일 16시,금요일,경기도 시흥시 정왕동,중상사고,0,1,0,0,차대사람 - 횡단중,신호위반,포장 - 건조,맑음,교차로 - 교차로안,승용,여,36세,상해없음,보행자,여,23세,중상
9559,2018121400100429,2018년 12월 14일 16시,금요일,경기도 남양주시 다산동,사망사고,1,0,0,0,차대사람 - 횡단중,중앙선침범,포장 - 건조,맑음,교차로 - 교차로횡단보도내,화물,남,56세,상해없음,보행자,남,85세,사망
9560,2018121400100450,2018년 12월 14일 17시,금요일,경기도 안산시 단원구 고잔동,경상사고,0,0,1,0,차대사람 - 차도통행중,교차로운행방법위반,포장 - 건조,맑음,교차로 - 교차로안,화물,남,63세,상해없음,보행자,여,74세,경상
9561,2018121400100454,2018년 12월 14일 17시,금요일,경기도 안산시 상록구 사동,경상사고,0,0,1,0,차대사람 - 횡단중,안전운전불이행,포장 - 건조,맑음,교차로 - 교차로안,화물,남,53세,상해없음,보행자,여,61세,경상
9562,2018121400100455,2018년 12월 14일 17시,금요일,경기도 수원시 팔달구 매교동,중상사고,0,1,0,0,차대사람 - 횡단중,보행자보호의무위반,포장 - 건조,맑음,단일로 - 기타,승용,여,32세,상해없음,보행자,남,57세,중상
9563,2018121400100488,2018년 12월 14일 17시,금요일,경기도 가평군 상면,중상사고,0,1,0,0,차대사람 - 기타,안전운전불이행,포장 - 건조,맑음,단일로 - 교량,승용,남,54세,상해없음,보행자,남,72세,중상
9564,2018121400100489,2018년 12월 14일 17시,금요일,경기도 고양시 일산서구 탄현동,중상사고,0,1,0,0,차대사람 - 기타,안전운전불이행,포장 - 젖음/습기,맑음,교차로 - 교차로안,승용,남,76세,상해없음,보행자,여,85세,중상
9565,2018121400100511,2018년 12월 14일 18시,금요일,경기도 안산시 단원구 원시동,중상사고,0,1,0,0,차대사람 - 횡단중,보행자보호의무위반,포장 - 건조,맑음,교차로 - 교차로횡단보도내,화물,남,48세,상해없음,보행자,여,53세,중상
9566,2018121400100566,2018년 12월 14일 19시,금요일,경기도 화성시 석우동,경상사고,0,0,1,0,차대사람 - 기타,안전운전불이행,포장 - 건조,맑음,단일로 - 기타,승합,남,64세,상해없음,보행자,남,46세,경상
9567,2018121400100597,2018년 12월 14일 19시,금요일,경기도 포천시 소흘읍,경상사고,0,0,1,0,차대사람 - 기타,안전운전불이행,포장 - 건조,맑음,단일로 - 기타,이륜,남,17세,상해없음,보행자,남,48세,경상
9568,2018121400100612,2018년 12월 14일 20시,금요일,경기도 안양시 동안구 비산동,경상사고,0,0,1,0,차대사람 - 기타,안전운전불이행,포장 - 건조,맑음,교차로 - 교차로부근,승합,남,59세,상해없음,보행자,여,66세,경상
9569,2018121400100617,2018년 12월 14일 20시,금요일,경기도 성남시 중원구 금광동,중상사고,0,1,0,0,차대사람 - 기타,안전운전불이행,포장 - 건조,맑음,교차로 - 교차로부근,승합,남,34세,상해없음,보행자,여,23세,중상
9570,2018121400100678,2018년 12월 14일 21시,금요일,경기도 의정부시 신곡동,사망사고,1,0,0,0,차대사람 - 횡단중,안전운전불이행,포장 - 건조,맑음,교차로 - 교차로부근,승합,남,61세,상해없음,보행자,남,60세,사망
9571,2018121400100680,2018년 12월 14일 21시,금요일,경기도 남양주시 호평동,중상사고,0,1,0,0,차대사람 - 횡단중,안전운전불이행,포장 - 건조,맑음,교차로 - 교차로횡단보도내,이륜,남,45세,상해없음,보행자,여,56세,중상
9572,2018121400100693,2018년 12월 14일 22시,금요일,경기도 성남시 중원구 상대원동,경상사고,0,0,1,0,차대사람 - 기타,안전운전불이행,포장 - 건조,맑음,단일로 - 기타,승용,남,24세,상해없음,보행자,여,51세,경상
9573,2018121400100718,2018년 12월 14일 23시,금요일,경기도 화성시 진안동,경상사고,0,0,1,0,차대사람 - 기타,안전운전불이행,포장 - 건조,맑음,단일로 - 기타,승용,남,25세,상해없음,보행자,남,25세,경상
9574,2018121400100731,2018년 12월 14일 23시,금요일,경기도 남양주시 다산동,중상사고,0,1,0,0,차대사람 - 기타,안전운전불이행,포장 - 건조,맑음,단일로 - 기타,승용,남,59세,상해없음,보행자,남,49세,중상
9575,2018121500100022,2018년 12월 15일 00시,토요일,경기도 고양시 덕양구 토당동,중상사고,0,1,0,0,차대사람 - 차도통행중,안전운전불이행,포장 - 건조,맑음,교차로 - 교차로안,승용,남,25세,상해없음,보행자,남,66세,중상
9576,2018121500100038,2018년 12월 15일 01시,토요일,경기도 광주시 경안동,경상사고,0,0,1,0,차대사람 - 기타,안전운전불이행,포장 - 건조,맑음,단일로 - 기타,기타불명,기타불명,미분류,기타불명,보행자,남,22세,경상
9577,2018121500100041,2018년 12월 15일 01시,토요일,경기도 성남시 분당구 삼평동,경상사고,0,0,1,0,차대사람 - 횡단중,보행자보호의무위반,포장 - 건조,맑음,교차로 - 교차로횡단보도내,승용,남,41세,상해없음,보행자,남,22세,경상
9578,2018121500100059,2018년 12월 15일 02시,토요일,경기도 오산시 원동,경상사고,0,0,1,0,차대사람 - 기타,안전운전불이행,포장 - 건조,맑음,기타 - 기타,승용,남,24세,상해없음,보행자,남,23세,경상
9579,2018121500100124,2018년 12월 15일 06시,토요일,경기도 고양시 덕양구 토당동,중상사고,0,1,0,0,차대사람 - 횡단중,보행자보호의무위반,포장 - 건조,맑음,교차로 - 교차로횡단보도내,화물,남,48세,상해없음,보행자,여,65세,중상
9580,2018121500100176,2018년 12월 15일 09시,토요일,경기도 평택시 팽성읍,부상신고사고,0,0,0,1,차대사람 - 길가장자리구역통행중,안전운전불이행,포장 - 건조,맑음,단일로 - 기타,기타불명,기타불명,미분류,기타불명,보행자,여,41세,부상신고
9581,2018121500100180,2018년 12월 15일 09시,토요일,경기도 광명시 일직동,중상사고,0,1,0,0,차대사람 - 기타,안전운전불이행,포장 - 건조,맑음,단일로 - 기타,건설기계,남,28세,상해없음,보행자,여,7세,중상
9582,2018121500100196,2018년 12월 15일 09시,토요일,경기도 남양주시 화도읍,경상사고,0,0,1,0,차대사람 - 횡단중,신호위반,포장 - 건조,맑음,교차로 - 교차로부근,승용,여,44세,기타불명,보행자,남,30세,경상
9583,2018121500100205,2018년 12월 15일 10시,토요일,경기도 평택시 신장동,경상사고,0,0,1,0,차대사람 - 기타,안전운전불이행,포장 - 건조,맑음,단일로 - 기타,승용,남,60세,상해없음,보행자,남,42세,경상
9584,2018121500100207,2018년 12월 15일 10시,토요일,경기도 부천시 중동,부상신고사고,0,0,0,1,차대사람 - 기타,기타,포장 - 건조,맑음,단일로 - 기타,자전거,여,59세,상해없음,보행자,남,39세,부상신고
9585,2018121500100319,2018년 12월 15일 13시,토요일,경기도 여주시 창동,경상사고,0,0,1,0,차대사람 - 기타,안전운전불이행,포장 - 건조,맑음,기타 - 기타,승용,남,71세,상해없음,보행자,여,54세,경상
9586,2018121500100359,2018년 12월 15일 14시,토요일,경기도 안산시 단원구 대부북동,경상사고,0,0,1,0,차대사람 - 기타,안전운전불이행,포장 - 건조,맑음,교차로 - 교차로부근,승용,남,44세,상해없음,보행자,남,50세,경상
9587,2018121500100405,2018년 12월 15일 15시,토요일,경기도 수원시 장안구 정자동,경상사고,0,0,1,0,차대사람 - 길가장자리구역통행중,안전운전불이행,포장 - 젖음/습기,맑음,단일로 - 기타,승용,남,23세,상해없음,보행자,여,25세,경상
9588,2018121500100426,2018년 12월 15일 15시,토요일,경기도 남양주시 진건읍,경상사고,0,0,1,0,차대사람 - 기타,안전운전불이행,포장 - 건조,맑음,단일로 - 기타,이륜,남,19세,상해없음,보행자,여,47세,경상
9589,2018121500100472,2018년 12월 15일 17시,토요일,경기도 광주시 오포읍,경상사고,0,0,1,0,차대사람 - 횡단중,보행자보호의무위반,포장 - 건조,맑음,교차로 - 교차로횡단보도내,승용,여,66세,상해없음,보행자,남,76세,경상
9590,2018121500100518,2018년 12월 15일 18시,토요일,경기도 평택시 서정동,경상사고,0,0,1,0,차대사람 - 차도통행중,안전운전불이행,포장 - 건조,맑음,단일로 - 기타,화물,남,58세,상해없음,보행자,남,50세,경상
9591,2018121500100519,2018년 12월 15일 18시,토요일,경기도 안양시 동안구 호계동,경상사고,0,0,1,0,차대사람 - 기타,보행자보호의무위반,포장 - 건조,맑음,교차로 - 교차로횡단보도내,기타불명,기타불명,미분류,기타불명,보행자,남,15세,경상
9592,2018121500100525,2018년 12월 15일 18시,토요일,경기도 양평군 용문면,경상사고,0,0,1,0,차대사람 - 횡단중,안전운전불이행,포장 - 건조,맑음,단일로 - 기타,승용,남,63세,상해없음,보행자,여,71세,경상
9593,2018121500100554,2018년 12월 15일 18시,토요일,경기도 고양시 일산동구 중산동,사망사고,1,0,0,0,차대사람 - 차도통행중,안전운전불이행,포장 - 건조,맑음,교차로 - 교차로부근,승용,남,33세,상해없음,보행자,여,54세,사망
9594,2018121500100573,2018년 12월 15일 19시,토요일,경기도 시흥시 신천동,경상사고,0,0,1,0,차대사람 - 기타,안전운전불이행,포장 - 건조,맑음,단일로 - 기타,승용,남,46세,상해없음,보행자,여,44세,경상
9595,2018121500100588,2018년 12월 15일 19시,토요일,경기도 구리시 수택동,경상사고,0,0,1,0,차대사람 - 기타,기타,포장 - 건조,맑음,단일로 - 기타,이륜,남,30세,상해없음,보행자,남,8세,경상
9596,2018121500100630,2018년 12월 15일 21시,토요일,경기도 평택시 평택동,경상사고,0,0,1,0,차대사람 - 길가장자리구역통행중,안전운전불이행,포장 - 건조,맑음,단일로 - 기타,기타불명,기타불명,미분류,기타불명,보행자,남,54세,경상
9597,2018121500100631,2018년 12월 15일 21시,토요일,경기도 광주시 쌍령동,경상사고,0,0,1,0,차대사람 - 기타,안전운전불이행,포장 - 젖음/습기,흐림,단일로 - 기타,화물,남,38세,상해없음,보행자,여,60세,경상
9598,2018121500100635,2018년 12월 15일 21시,토요일,경기도 광명시 철산동,중상사고,0,1,0,0,차대사람 - 횡단중,신호위반,포장 - 건조,맑음,교차로 - 교차로부근,이륜,남,22세,상해없음,보행자,남,55세,중상
9599,2018121500100636,2018년 12월 15일 21시,토요일,경기도 시흥시 정왕동,중상사고,0,1,0,0,차대사람 - 기타,안전운전불이행,포장 - 건조,맑음,단일로 - 기타,이륜,남,39세,상해없음,보행자,남,43세,중상
9600,2018121500100637,2018년 12월 15일 21시,토요일,경기도 안산시 상록구 사동,경상사고,0,0,1,0,차대사람 - 횡단중,안전운전불이행,포장 - 건조,맑음,단일로 - 기타,승용,남,73세,상해없음,보행자,남,55세,경상
9601,2018121500100659,2018년 12월 15일 22시,토요일,경기도 성남시 수정구 신흥동,중상사고,0,1,0,0,차대사람 - 기타,기타,포장 - 건조,맑음,단일로 - 기타,이륜,남,44세,기타불명,보행자,남,39세,중상
9602,2018121500100684,2018년 12월 15일 23시,토요일,경기도 안산시 단원구 고잔동,경상사고,0,0,1,0,차대사람 - 기타,안전운전불이행,포장 - 건조,맑음,단일로 - 기타,승용,남,24세,상해없음,보행자,여,34세,경상
9603,2018121500100685,2018년 12월 15일 23시,토요일,경기도 군포시 대야미동,경상사고,0,0,1,0,차대사람 - 횡단중,불법유턴,포장 - 건조,맑음,단일로 - 기타,승용,남,61세,상해없음,보행자,남,22세,경상
9604,2018121500100708,2018년 12월 15일 23시,토요일,경기도 의정부시 신곡동,중상사고,0,1,0,0,차대사람 - 횡단중,안전운전불이행,포장 - 건조,맑음,단일로 - 기타,이륜,남,61세,상해없음,보행자,남,48세,중상
9605,2018121500100709,2018년 12월 15일 23시,토요일,경기도 고양시 덕양구 성사동,부상신고사고,0,0,0,1,차대사람 - 길가장자리구역통행중,안전운전불이행,포장 - 건조,맑음,단일로 - 기타,승용,남,25세,상해없음,보행자,남,25세,부상신고
9606,2018121600100026,2018년 12월 16일 01시,일요일,경기도 평택시 안중읍,부상신고사고,0,0,0,1,차대사람 - 기타,안전운전불이행,포장 - 건조,맑음,단일로 - 기타,승용,남,45세,상해없음,보행자,남,57세,부상신고
9607,2018121600100044,2018년 12월 16일 02시,일요일,경기도 안산시 단원구 원곡동,부상신고사고,0,0,0,1,차대사람 - 기타,안전운전불이행,포장 - 건조,맑음,단일로 - 기타,승용,남,40세,상해없음,보행자,남,24세,부상신고
9608,2018121600100049,2018년 12월 16일 02시,일요일,경기도 용인시 기흥구 보정동,중상사고,0,1,0,0,차대사람 - 차도통행중,안전운전불이행,포장 - 건조,맑음,단일로 - 기타,승용,남,48세,상해없음,보행자,남,30세,중상
9609,2018121600100064,2018년 12월 16일 03시,일요일,경기도 수원시 팔달구 인계동,경상사고,0,0,1,0,차대사람 - 기타,안전운전불이행,포장 - 건조,맑음,교차로 - 교차로안,승용,남,26세,상해없음,보행자,남,23세,경상
9610,2018121600100065,2018년 12월 16일 03시,일요일,경기도 성남시 중원구 중앙동,경상사고,0,0,1,0,차대사람 - 기타,안전운전불이행,포장 - 건조,맑음,기타 - 기타,승용,남,27세,상해없음,보행자,남,36세,경상
9611,2018121600100084,2018년 12월 16일 06시,일요일,경기도 양평군 양서면,경상사고,0,0,1,0,차대사람 - 횡단중,보행자보호의무위반,포장 - 건조,맑음,교차로 - 교차로횡단보도내,화물,남,75세,상해없음,보행자,여,57세,경상
9612,2018121600100088,2018년 12월 16일 06시,일요일,경기도 포천시 신읍동,경상사고,0,0,1,0,차대사람 - 횡단중,안전운전불이행,포장 - 건조,흐림,교차로 - 교차로안,승용,남,65세,상해없음,보행자,남,58세,경상
9613,2018121600100109,2018년 12월 16일 09시,일요일,경기도 부천시 중동,경상사고,0,0,1,0,차대사람 - 횡단중,안전운전불이행,포장 - 건조,맑음,기타 - 기타,승용,남,65세,상해없음,보행자,남,21세,경상
9614,2018121600100118,2018년 12월 16일 10시,일요일,경기도 화성시 반월동,중상사고,0,1,0,0,차대사람 - 차도통행중,안전운전불이행,포장 - 건조,맑음,단일로 - 기타,승용,여,60세,상해없음,보행자,여,19세,중상
9615,2018121600100119,2018년 12월 16일 10시,일요일,경기도 군포시 당동,경상사고,0,0,1,0,차대사람 - 횡단중,보행자보호의무위반,포장 - 건조,맑음,교차로 - 교차로횡단보도내,화물,남,25세,상해없음,보행자,여,27세,경상
9616,2018121600100130,2018년 12월 16일 10시,일요일,경기도 고양시 덕양구 성사동,중상사고,0,1,0,0,차대사람 - 보도통행중,보행자보호의무위반,포장 - 건조,맑음,단일로 - 기타,기타불명,기타불명,미분류,기타불명,보행자,여,23세,중상
9617,2018121600100154,2018년 12월 16일 11시,일요일,경기도 동두천시 지행동,경상사고,0,0,1,0,차대사람 - 기타,안전운전불이행,포장 - 젖음/습기,눈,기타 - 기타,승용,남,76세,상해없음,보행자,여,61세,경상
9618,2018121600100160,2018년 12월 16일 12시,일요일,경기도 화성시 향남읍,경상사고,0,0,1,0,차대사람 - 기타,안전운전불이행,포장 - 건조,맑음,단일로 - 기타,화물,남,62세,상해없음,보행자,남,28세,경상
9619,2018121600100213,2018년 12월 16일 14시,일요일,경기도 포천시 영북면,경상사고,0,0,1,0,차대사람 - 길가장자리구역통행중,안전운전불이행,포장 - 젖음/습기,흐림,단일로 - 기타,화물,남,70세,상해없음,보행자,남,21세,경상
9620,2018121600100270,2018년 12월 16일 17시,일요일,경기도 수원시 팔달구 매산로1가,경상사고,0,0,1,0,차대사람 - 횡단중,안전운전불이행,포장 - 건조,맑음,단일로 - 기타,승용,남,58세,상해없음,보행자,남,47세,경상
9621,2018121600100297,2018년 12월 16일 18시,일요일,경기도 수원시 팔달구 인계동,경상사고,0,0,1,0,차대사람 - 차도통행중,안전운전불이행,포장 - 건조,맑음,교차로 - 교차로부근,승합,남,45세,상해없음,보행자,남,65세,경상
9622,2018121600100332,2018년 12월 16일 19시,일요일,경기도 부천시 소사본동,중상사고,0,1,0,0,차대사람 - 기타,안전운전불이행,포장 - 건조,맑음,단일로 - 기타,화물,남,55세,기타불명,보행자,남,58세,중상
9623,2018121600100333,2018년 12월 16일 19시,일요일,경기도 광명시 광명동,부상신고사고,0,0,0,1,차대사람 - 기타,안전운전불이행,포장 - 건조,맑음,단일로 - 기타,승용,남,65세,상해없음,보행자,남,53세,부상신고
9624,2018121600100379,2018년 12월 16일 20시,일요일,경기도 양주시 덕정동,중상사고,0,1,0,0,차대사람 - 기타,안전운전불이행,포장 - 건조,기타,단일로 - 기타,승용,남,55세,상해없음,보행자,남,44세,중상
9625,2018121600100391,2018년 12월 16일 21시,일요일,경기도 수원시 팔달구 매산로2가,경상사고,0,0,1,0,차대사람 - 기타,안전운전불이행,포장 - 건조,맑음,교차로 - 교차로부근,승용,남,34세,기타불명,보행자,남,35세,경상
9626,2018121600100392,2018년 12월 16일 21시,일요일,경기도 하남시 신장동,부상신고사고,0,0,0,1,차대사람 - 기타,안전운전불이행,포장 - 건조,맑음,단일로 - 기타,기타불명,기타불명,미분류,기타불명,보행자,여,60세,부상신고
9627,2018121600100405,2018년 12월 16일 21시,일요일,경기도 의정부시 금오동,중상사고,0,1,0,0,차대사람 - 횡단중,안전운전불이행,포장 - 건조,맑음,단일로 - 기타,승합,남,51세,상해없음,보행자,남,55세,중상
9628,2018121600100407,2018년 12월 16일 21시,일요일,경기도 고양시 일산서구 대화동,중상사고,0,1,0,0,차대사람 - 횡단중,안전운전불이행,포장 - 건조,맑음,교차로 - 교차로부근,승용,여,39세,상해없음,보행자,여,48세,중상
9629,2018121600100414,2018년 12월 16일 22시,일요일,경기도 평택시 안중읍,경상사고,0,0,1,0,차대사람 - 횡단중,안전운전불이행,포장 - 건조,맑음,교차로 - 교차로부근,승용,남,55세,상해없음,보행자,남,68세,경상
9630,2018121600100417,2018년 12월 16일 22시,일요일,경기도 부천시 춘의동,경상사고,0,0,1,0,차대사람 - 기타,안전운전불이행,포장 - 건조,맑음,교차로 - 교차로부근,승합,남,55세,상해없음,보행자,여,50세,경상
9631,2018121600100422,2018년 12월 16일 22시,일요일,경기도 용인시 수지구 풍덕천동,경상사고,0,0,1,0,차대사람 - 기타,안전운전불이행,포장 - 건조,맑음,단일로 - 기타,승합,남,60세,상해없음,보행자,남,35세,경상
9632,2018121600100447,2018년 12월 16일 23시,일요일,경기도 고양시 일산동구 중산동,부상신고사고,0,0,0,1,차대사람 - 기타,안전운전불이행,포장 - 젖음/습기,비,교차로 - 교차로안,승용,남,63세,상해없음,보행자,남,23세,부상신고
9633,2018121700100079,2018년 12월 17일 06시,월요일,경기도 용인시 수지구 죽전동,중상사고,0,1,0,0,차대사람 - 기타,보행자보호의무위반,포장 - 건조,맑음,기타 - 기타,화물,남,58세,상해없음,보행자,남,37세,중상
9634,2018121700100112,2018년 12월 17일 07시,월요일,경기도 이천시 마장면,경상사고,0,0,1,0,차대사람 - 길가장자리구역통행중,안전운전불이행,포장 - 건조,맑음,단일로 - 기타,승용,남,55세,기타불명,보행자,남,18세,경상
9635,2018121700100113,2018년 12월 17일 07시,월요일,경기도 광주시 쌍령동,경상사고,0,0,1,0,차대사람 - 차도통행중,안전운전불이행,포장 - 건조,맑음,단일로 - 기타,승용,남,68세,상해없음,보행자,여,64세,경상
9636,2018121700100229,2018년 12월 17일 08시,월요일,경기도 연천군 전곡읍,경상사고,0,0,1,0,차대사람 - 횡단중,보행자보호의무위반,포장 - 적설,맑음,교차로 - 교차로안,승용,여,26세,기타불명,보행자,여,29세,경상
9637,2018121700100249,2018년 12월 17일 09시,월요일,경기도 수원시 팔달구 매교동,중상사고,0,1,0,0,차대사람 - 기타,안전운전불이행,포장 - 서리/결빙,맑음,단일로 - 기타,승합,남,67세,상해없음,보행자,여,71세,중상
9638,2018121700100293,2018년 12월 17일 11시,월요일,경기도 성남시 수정구 시흥동,경상사고,0,0,1,0,차대사람 - 기타,안전운전불이행,포장 - 건조,맑음,교차로 - 교차로안,승용,남,71세,상해없음,보행자,남,37세,경상
9639,2018121700100357,2018년 12월 17일 13시,월요일,경기도 안산시 단원구 고잔동,중상사고,0,1,1,0,차대사람 - 보도통행중,안전운전불이행,포장 - 건조,맑음,단일로 - 기타,승용,여,22세,상해없음,보행자,여,34세,경상