,사고번호,사고일시,요일,시군구,사고내용,사망자수,중상자수,경상자수,부상신고자수,사고유형,법규위반,노면상태,기상상태,도로형태,가해운전자 차종,가해운전자 성별,가해운전자 연령,가해운전자 상해정도,피해운전자 차종,피해운전자 성별,피해운전자 연령,피해운전자 상해정도
9640,2018121700100415,2018년 12월 17일 14시,월요일,경기도 고양시 일산서구 대화동,중상사고,0,1,0,0,차대사람 - 차도통행중,안전운전불이행,포장 - 건조,맑음,교차로 - 교차로부근,승용,여,45세,상해없음,보행자,여,64세,중상
9641,2018121700100429,2018년 12월 17일 15시,월요일,경기도 성남시 중원구 갈현동,중상사고,0,1,0,0,차대사람 - 횡단중,안전거리미확보,포장 - 건조,맑음,단일로 - 기타,화물,남,74세,상해없음,보행자,남,23세,중상
9642,2018121700100451,2018년 12월 17일 15시,월요일,경기도 포천시 소흘읍,경상사고,0,0,1,0,차대사람 - 기타,안전운전불이행,포장 - 건조,맑음,단일로 - 기타,승용,여,25세,상해없음,보행자,여,19세,경상
9643,2018121700100464,2018년 12월 17일 16시,월요일,경기도 김포시 대곶면,중상사고,0,1,0,0,차대사람 - 기타,안전운전불이행,포장 - 건조,맑음,단일로 - 기타,화물,남,63세,상해없음,보행자,남,62세,중상
9644,2018121700100501,2018년 12월 17일 17시,월요일,경기도 안산시 단원구 와동,중상사고,0,1,0,0,차대사람 - 횡단중,안전운전불이행,포장 - 건조,흐림,단일로 - 기타,승합,남,64세,상해없음,보행자,여,39세,중상
9645,2018121700100551,2018년 12월 17일 18시,월요일,경기도 평택시 서정동,중상사고,0,1,0,0,차대사람 - 길가장자리구역통행중,안전운전불이행,포장 - 건조,맑음,단일로 - 기타,승합,남,58세,상해없음,보행자,남,9세,중상
9646,2018121700100552,2018년 12월 17일 18시,월요일,경기도 안양시 동안구 비산동,경상사고,0,0,1,0,차대사람 - 횡단중,보행자보호의무위반,포장 - 건조,맑음,교차로 - 교차로횡단보도내,승용,남,48세,상해없음,보행자,남,23세,경상
9647,2018121700100555,2018년 12월 17일 18시,월요일,경기도 용인시 처인구 삼가동,중상사고,0,1,0,0,차대사람 - 횡단중,안전운전불이행,포장 - 건조,맑음,교차로 - 교차로횡단보도내,승용,여,41세,상해없음,보행자,여,76세,중상
9648,2018121700100601,2018년 12월 17일 18시,월요일,경기도 고양시 덕양구 관산동,중상사고,0,1,0,0,차대사람 - 길가장자리구역통행중,안전운전불이행,포장 - 건조,맑음,단일로 - 교량,승용,남,29세,상해없음,보행자,여,51세,중상
9649,2018121700100602,2018년 12월 17일 18시,월요일,경기도 양주시 옥정동,중상사고,0,1,0,0,차대사람 - 횡단중,안전운전불이행,포장 - 건조,맑음,교차로 - 교차로부근,화물,남,68세,상해없음,보행자,여,47세,중상
9650,2018121700100650,2018년 12월 17일 20시,월요일,경기도 부천시 송내동,경상사고,0,0,1,0,차대사람 - 길가장자리구역통행중,안전운전불이행,포장 - 건조,맑음,교차로 - 교차로안,승용,남,61세,상해없음,보행자,여,59세,경상
9651,2018121700100680,2018년 12월 17일 21시,월요일,경기도 성남시 수정구 단대동,사망사고,1,0,0,0,차대사람 - 기타,안전운전불이행,포장 - 건조,맑음,교차로 - 교차로안,승용,남,28세,상해없음,보행자,남,77세,사망
9652,2018121700100682,2018년 12월 17일 21시,월요일,경기도 광주시 경안동,중상사고,0,1,0,0,차대사람 - 보도통행중,보행자보호의무위반,포장 - 젖음/습기,흐림,교차로 - 교차로안,이륜,남,28세,상해없음,보행자,남,46세,중상
9653,2018121700100714,2018년 12월 17일 22시,월요일,경기도 안산시 단원구 초지동,경상사고,0,0,1,0,차대사람 - 기타,안전운전불이행,포장 - 건조,맑음,단일로 - 기타,승용,여,23세,상해없음,보행자,남,44세,경상
9654,2018121700100716,2018년 12월 17일 22시,월요일,경기도 시흥시 논곡동,중상사고,0,1,0,0,차대사람 - 횡단중,보행자보호의무위반,포장 - 건조,맑음,교차로 - 교차로안,승용,여,28세,상해없음,보행자,여,34세,중상
9655,2018121700100717,2018년 12월 17일 22시,월요일,경기도 안산시 상록구 본오동,중상사고,0,1,0,0,차대사람 - 기타,안전운전불이행,포장 - 건조,맑음,교차로 - 교차로안,승용,남,45세,상해없음,보행자,여,51세,중상
9656,2018121700100738,2018년 12월 17일 23시,월요일,경기도 화성시 진안동,중상사고,0,1,0,0,차대사람 - 기타,안전운전불이행,포장 - 건조,맑음,단일로 - 터널,승용,여,44세,기타불명,보행자,남,38세,중상
9657,2018121800100007,2018년 12월 18일 00시,화요일,경기도 광주시 곤지암읍,중상사고,0,1,0,0,차대사람 - 차도통행중,안전운전불이행,포장 - 건조,맑음,기타 - 기타,승용,남,60세,상해없음,보행자,여,22세,중상
9658,2018121800100063,2018년 12월 18일 05시,화요일,경기도 구리시 갈매동,중상사고,0,1,0,0,차대사람 - 횡단중,보행자보호의무위반,포장 - 건조,맑음,교차로 - 교차로안,승용,여,36세,상해없음,보행자,여,54세,중상
9659,2018121800100084,2018년 12월 18일 06시,화요일,경기도 남양주시 진접읍,사망사고,1,0,0,0,차대사람 - 횡단중,안전운전불이행,포장 - 건조,맑음,교차로 - 교차로안,화물,남,21세,상해없음,보행자,남,72세,사망
9660,2018121800100096,2018년 12월 18일 07시,화요일,경기도 광명시 광명동,경상사고,0,0,1,0,차대사람 - 차도통행중,안전운전불이행,포장 - 건조,맑음,단일로 - 기타,화물,남,49세,상해없음,보행자,여,32세,경상
9661,2018121800100123,2018년 12월 18일 07시,화요일,경기도 포천시 소흘읍,중상사고,0,1,0,0,차대사람 - 기타,안전운전불이행,포장 - 건조,맑음,기타 - 기타,승용,여,42세,상해없음,보행자,남,66세,중상
9662,2018121800100137,2018년 12월 18일 08시,화요일,경기도 수원시 팔달구 화서동,경상사고,0,0,1,0,차대사람 - 기타,기타,포장 - 건조,맑음,단일로 - 기타,기타불명,기타불명,미분류,기타불명,보행자,여,26세,경상
9663,2018121800100143,2018년 12월 18일 08시,화요일,경기도 부천시 중동,중상사고,0,1,0,0,차대사람 - 횡단중,신호위반,포장 - 건조,맑음,단일로 - 기타,승용,여,65세,상해없음,보행자,남,11세,중상
9664,2018121800100147,2018년 12월 18일 08시,화요일,경기도 수원시 권선구 세류동,경상사고,0,0,1,0,차대사람 - 기타,안전운전불이행,포장 - 건조,맑음,단일로 - 기타,승합,남,63세,기타불명,보행자,여,14세,경상
9665,2018121800100148,2018년 12월 18일 08시,화요일,경기도 하남시 춘궁동,경상사고,0,0,1,0,차대사람 - 기타,안전운전불이행,포장 - 건조,맑음,단일로 - 기타,승용,남,46세,상해없음,보행자,여,82세,경상
9666,2018121800100176,2018년 12월 18일 08시,화요일,경기도 양주시 백석읍,경상사고,0,0,1,0,차대사람 - 횡단중,신호위반,포장 - 건조,맑음,교차로 - 교차로안,승용,여,51세,상해없음,보행자,남,8세,경상
9667,2018121800100219,2018년 12월 18일 10시,화요일,경기도 성남시 수정구 복정동,경상사고,0,0,2,0,차대사람 - 길가장자리구역통행중,안전운전불이행,포장 - 건조,맑음,교차로 - 교차로안,승용,남,64세,상해없음,보행자,여,31세,경상
9668,2018121800100222,2018년 12월 18일 10시,화요일,경기도 김포시 고촌읍,경상사고,0,0,1,0,차대사람 - 차도통행중,안전운전불이행,포장 - 건조,맑음,교차로 - 교차로부근,승용,여,62세,상해없음,보행자,남,19세,경상
9669,2018121800100244,2018년 12월 18일 10시,화요일,경기도 구리시 인창동,중상사고,0,1,0,0,차대사람 - 보도통행중,보행자보호의무위반,포장 - 건조,맑음,미분류 - 미분류,승용,남,29세,상해없음,보행자,여,68세,중상
9670,2018121800100339,2018년 12월 18일 14시,화요일,경기도 부천시 고강동,중상사고,0,1,0,0,차대사람 - 기타,기타,포장 - 건조,맑음,단일로 - 기타,승합,남,49세,상해없음,보행자,여,69세,중상
9671,2018121800100365,2018년 12월 18일 15시,화요일,경기도 화성시 반송동,경상사고,0,0,1,0,차대사람 - 횡단중,보행자보호의무위반,포장 - 건조,맑음,교차로 - 교차로안,승합,남,52세,상해없음,보행자,남,10세,경상
9672,2018121800100390,2018년 12월 18일 15시,화요일,경기도 남양주시 화도읍,경상사고,0,0,1,0,차대사람 - 횡단중,신호위반,포장 - 건조,맑음,교차로 - 교차로안,승합,남,38세,상해없음,보행자,남,9세,경상
9673,2018121800100399,2018년 12월 18일 16시,화요일,경기도 평택시 포승읍,경상사고,0,0,1,0,차대사람 - 기타,안전운전불이행,포장 - 건조,맑음,단일로 - 기타,승용,남,53세,상해없음,보행자,남,46세,경상
9674,2018121800100401,2018년 12월 18일 16시,화요일,경기도 안산시 단원구 선부동,부상신고사고,0,0,0,1,차대사람 - 횡단중,안전운전불이행,포장 - 건조,맑음,단일로 - 기타,승용,남,31세,상해없음,보행자,여,41세,부상신고
9675,2018121800100440,2018년 12월 18일 17시,화요일,경기도 광주시 송정동,경상사고,0,0,1,0,차대사람 - 기타,안전운전불이행,포장 - 건조,맑음,교차로 - 교차로부근,승용,여,72세,상해없음,보행자,남,5세,경상
9676,2018121800100446,2018년 12월 18일 17시,화요일,경기도 부천시 중동,경상사고,0,0,1,0,차대사람 - 기타,안전운전불이행,포장 - 건조,맑음,교차로 - 교차로안,화물,남,54세,상해없음,보행자,여,49세,경상
9677,2018121800100449,2018년 12월 18일 17시,화요일,경기도 부천시 오정동,중상사고,0,1,0,0,차대사람 - 기타,보행자보호의무위반,포장 - 건조,맑음,교차로 - 교차로부근,화물,남,60세,상해없음,보행자,남,22세,중상
9678,2018121800100470,2018년 12월 18일 17시,화요일,경기도 파주시 금촌동,경상사고,0,0,1,0,차대사람 - 횡단중,안전운전불이행,포장 - 건조,맑음,단일로 - 기타,승용,남,61세,상해없음,보행자,여,63세,경상
9679,2018121800100472,2018년 12월 18일 17시,화요일,경기도 파주시 파주읍,경상사고,0,0,1,0,차대사람 - 횡단중,보행자보호의무위반,포장 - 젖음/습기,맑음,교차로 - 교차로안,화물,남,58세,상해없음,보행자,여,28세,경상
9680,2018121800100484,2018년 12월 18일 18시,화요일,경기도 수원시 팔달구 우만동,경상사고,0,0,1,0,차대사람 - 기타,교차로운행방법위반,포장 - 건조,맑음,교차로 - 교차로안,승용,여,42세,상해없음,보행자,여,24세,경상
9681,2018121800100492,2018년 12월 18일 18시,화요일,경기도 성남시 분당구 야탑동,중상사고,0,1,0,0,차대사람 - 횡단중,보행자보호의무위반,포장 - 건조,맑음,교차로 - 교차로안,승용,남,57세,상해없음,보행자,남,35세,중상
9682,2018121800100493,2018년 12월 18일 18시,화요일,경기도 의왕시 삼동,경상사고,0,0,1,0,차대사람 - 보도통행중,안전운전불이행,포장 - 건조,맑음,교차로 - 교차로안,화물,남,56세,상해없음,보행자,여,75세,경상
9683,2018121800100537,2018년 12월 18일 18시,화요일,경기도 남양주시 진건읍,중상사고,0,1,0,0,차대사람 - 차도통행중,안전운전불이행,포장 - 건조,맑음,기타 - 기타,승용,여,50세,상해없음,보행자,남,61세,중상
9684,2018121800100538,2018년 12월 18일 18시,화요일,경기도 가평군 가평읍,경상사고,0,0,1,0,차대사람 - 횡단중,안전운전불이행,포장 - 건조,맑음,단일로 - 기타,승용,남,53세,상해없음,보행자,남,64세,경상
9685,2018121800100539,2018년 12월 18일 18시,화요일,경기도 연천군 연천읍,중상사고,0,1,0,0,차대사람 - 횡단중,보행자보호의무위반,포장 - 건조,맑음,단일로 - 교량,승용,여,33세,상해없음,보행자,남,87세,중상
9686,2018121800100547,2018년 12월 18일 19시,화요일,경기도 이천시 설성면,중상사고,0,1,0,0,차대사람 - 길가장자리구역통행중,안전운전불이행,포장 - 건조,맑음,단일로 - 기타,건설기계,남,35세,상해없음,보행자,남,55세,중상
9687,2018121800100550,2018년 12월 18일 19시,화요일,경기도 용인시 기흥구 상갈동,중상사고,0,1,0,0,차대사람 - 길가장자리구역통행중,안전운전불이행,포장 - 건조,맑음,기타 - 기타,승합,남,52세,상해없음,보행자,남,43세,중상
9688,2018121800100552,2018년 12월 18일 19시,화요일,경기도 의왕시 내손동,경상사고,0,0,1,0,차대사람 - 차도통행중,안전운전불이행,포장 - 건조,맑음,교차로 - 교차로안,승용,남,63세,상해없음,보행자,남,57세,경상
9689,2018121800100587,2018년 12월 18일 20시,화요일,경기도 안산시 단원구 성곡동,경상사고,0,0,1,0,차대사람 - 횡단중,안전운전불이행,포장 - 건조,맑음,교차로 - 교차로안,승용,남,47세,상해없음,보행자,여,53세,경상
9690,2018121800100605,2018년 12월 18일 20시,화요일,경기도 남양주시 진건읍,중상사고,0,1,0,0,차대사람 - 기타,안전운전불이행,포장 - 건조,맑음,단일로 - 기타,승용,여,45세,상해없음,보행자,남,70세,중상
9691,2018121800100610,2018년 12월 18일 21시,화요일,경기도 성남시 수정구 단대동,경상사고,0,0,1,0,차대사람 - 기타,안전운전불이행,포장 - 건조,맑음,단일로 - 기타,기타불명,기타불명,미분류,기타불명,보행자,남,43세,경상
9692,2018121800100631,2018년 12월 18일 21시,화요일,경기도 파주시 금촌동,경상사고,0,0,1,0,차대사람 - 기타,안전운전불이행,포장 - 건조,맑음,기타 - 기타,기타불명,기타불명,미분류,기타불명,보행자,남,51세,경상
9693,2018121800100667,2018년 12월 18일 23시,화요일,경기도 용인시 처인구 모현읍,중상사고,0,1,0,0,차대사람 - 횡단중,보행자보호의무위반,포장 - 건조,맑음,교차로 - 교차로횡단보도내,승용,남,33세,상해없음,보행자,여,34세,중상
9694,2018121800100669,2018년 12월 18일 23시,화요일,경기도 용인시 수지구 풍덕천동,경상사고,0,0,1,0,차대사람 - 기타,안전운전불이행,포장 - 건조,맑음,교차로 - 교차로횡단보도내,승용,남,64세,상해없음,보행자,남,42세,경상
9695,2018121800100674,2018년 12월 18일 23시,화요일,경기도 의정부시 가능동,중상사고,0,1,0,0,차대사람 - 기타,안전운전불이행,포장 - 건조,맑음,단일로 - 기타,화물,남,35세,상해없음,보행자,남,30세,중상
9696,2018121900100048,2018년 12월 19일 05시,수요일,경기도 평택시 장당동,부상신고사고,0,0,0,1,차대사람 - 기타,기타,포장 - 건조,맑음,단일로 - 기타,승합,남,47세,상해없음,보행자,여,53세,부상신고
9697,2018121900100061,2018년 12월 19일 06시,수요일,경기도 평택시 고덕면,사망사고,1,0,0,0,차대사람 - 횡단중,안전운전불이행,포장 - 건조,맑음,교차로 - 교차로안,승용,남,56세,상해없음,보행자,여,73세,사망
9698,2018121900100062,2018년 12월 19일 06시,수요일,경기도 안성시 일죽면,중상사고,0,1,0,0,차대사람 - 횡단중,안전운전불이행,포장 - 건조,흐림,단일로 - 기타,승용,남,65세,상해없음,보행자,남,70세,중상
9699,2018121900100063,2018년 12월 19일 06시,수요일,경기도 용인시 기흥구 중동,중상사고,0,1,0,0,차대사람 - 횡단중,신호위반,포장 - 건조,맑음,교차로 - 교차로안,승용,남,49세,기타불명,보행자,남,75세,중상
9700,2018121900100064,2018년 12월 19일 06시,수요일,경기도 안산시 단원구 고잔동,경상사고,0,0,1,0,차대사람 - 기타,안전운전불이행,포장 - 건조,맑음,단일로 - 기타,화물,남,38세,상해없음,보행자,남,43세,경상
9701,2018121900100069,2018년 12월 19일 06시,수요일,경기도 용인시 수지구 풍덕천동,중상사고,0,1,0,0,차대사람 - 횡단중,안전운전불이행,포장 - 건조,맑음,단일로 - 기타,승용,남,50세,상해없음,보행자,남,39세,중상
9702,2018121900100082,2018년 12월 19일 06시,수요일,경기도 고양시 일산서구 일산동,중상사고,0,1,0,0,차대사람 - 차도통행중,안전운전불이행,포장 - 기타,흐림,단일로 - 기타,승용,남,58세,상해없음,보행자,여,79세,중상
9703,2018121900100091,2018년 12월 19일 07시,수요일,경기도 성남시 수정구 수진동,경상사고,0,0,1,0,차대사람 - 횡단중,안전운전불이행,포장 - 건조,맑음,교차로 - 교차로횡단보도내,승용,남,74세,상해없음,보행자,여,57세,경상
9704,2018121900100118,2018년 12월 19일 07시,수요일,경기도 남양주시 금곡동,중상사고,0,1,0,0,차대사람 - 기타,안전운전불이행,포장 - 건조,맑음,교차로 - 교차로안,화물,남,56세,상해없음,보행자,여,66세,중상
9705,2018121900100130,2018년 12월 19일 08시,수요일,경기도 안성시 공도읍,중상사고,0,1,0,0,차대사람 - 횡단중,안전운전불이행,포장 - 건조,맑음,교차로 - 교차로안,승합,남,62세,상해없음,보행자,남,76세,중상
9706,2018121900100186,2018년 12월 19일 09시,수요일,경기도 동두천시 생연동,중상사고,0,1,0,0,차대사람 - 기타,직진우회전진행방해,포장 - 건조,맑음,교차로 - 교차로안,승용,남,50세,상해없음,보행자,여,49세,중상
9707,2018121900100195,2018년 12월 19일 10시,수요일,경기도 화성시 병점동,중상사고,0,2,0,0,차대사람 - 기타,안전운전불이행,포장 - 건조,맑음,교차로 - 교차로안,승용,여,47세,상해없음,보행자,남,58세,중상
9708,2018121900100213,2018년 12월 19일 10시,수요일,경기도 남양주시 진접읍,중상사고,0,1,0,0,차대사람 - 기타,안전운전불이행,포장 - 건조,맑음,단일로 - 기타,승용,남,45세,상해없음,보행자,여,71세,중상
9709,2018121900100268,2018년 12월 19일 12시,수요일,경기도 고양시 덕양구 고양동,경상사고,0,0,1,0,차대사람 - 횡단중,안전운전불이행,포장 - 건조,맑음,단일로 - 기타,이륜,남,25세,상해없음,보행자,여,71세,경상
9710,2018121900100281,2018년 12월 19일 13시,수요일,경기도 시흥시 장현동,중상사고,0,1,0,0,차대사람 - 기타,안전운전불이행,포장 - 건조,맑음,단일로 - 기타,건설기계,남,52세,상해없음,보행자,여,79세,중상
9711,2018121900100282,2018년 12월 19일 13시,수요일,경기도 하남시 망월동,경상사고,0,0,1,0,차대사람 - 기타,안전운전불이행,포장 - 건조,맑음,단일로 - 기타,기타불명,기타불명,미분류,기타불명,보행자,여,7세,경상
9712,2018121900100319,2018년 12월 19일 14시,수요일,경기도 이천시 창전동,중상사고,0,1,0,0,차대사람 - 기타,신호위반,포장 - 건조,맑음,단일로 - 기타,승용,남,63세,상해없음,보행자,여,73세,중상
9713,2018121900100338,2018년 12월 19일 14시,수요일,경기도 고양시 일산동구 풍동,중상사고,0,1,0,0,차대사람 - 횡단중,안전운전불이행,포장 - 건조,맑음,단일로 - 기타,승용,남,57세,상해없음,보행자,여,62세,중상
9714,2018121900100367,2018년 12월 19일 15시,수요일,경기도 고양시 일산서구 대화동,경상사고,0,0,1,0,차대사람 - 기타,불법유턴,포장 - 건조,맑음,기타 - 기타,승용,여,41세,상해없음,보행자,남,40세,경상
9715,2018121900100377,2018년 12월 19일 16시,수요일,경기도 광주시 오포읍,중상사고,0,1,0,0,차대사람 - 기타,안전운전불이행,포장 - 건조,맑음,기타 - 기타,승용,여,71세,상해없음,보행자,여,90세 이상,중상
9716,2018121900100380,2018년 12월 19일 16시,수요일,경기도 부천시 심곡동,중상사고,0,1,0,1,차대사람 - 기타,교차로운행방법위반,포장 - 건조,맑음,교차로 - 교차로안,승용,여,47세,상해없음,보행자,여,14세,중상
9717,2018121900100383,2018년 12월 19일 16시,수요일,경기도 안양시 만안구 석수동,중상사고,0,1,0,0,차대사람 - 횡단중,기타,포장 - 건조,맑음,단일로 - 기타,화물,남,41세,상해없음,보행자,여,60세,중상
9718,2018121900100418,2018년 12월 19일 17시,수요일,경기도 용인시 처인구 김량장동,부상신고사고,0,0,0,1,차대사람 - 차도통행중,안전운전불이행,포장 - 건조,맑음,단일로 - 기타,기타불명,기타불명,미분류,기타불명,보행자,여,27세,부상신고
9719,2018121900100419,2018년 12월 19일 17시,수요일,경기도 화성시 목동,부상신고사고,0,0,0,1,차대사람 - 기타,안전운전불이행,포장 - 건조,맑음,기타 - 기타,이륜,남,30세,상해없음,보행자,남,8세,부상신고
9720,2018121900100420,2018년 12월 19일 17시,수요일,경기도 부천시 중동,경상사고,0,0,1,0,차대사람 - 기타,교차로운행방법위반,포장 - 건조,맑음,교차로 - 교차로안,승용,여,46세,상해없음,보행자,여,30세,경상
9721,2018121900100458,2018년 12월 19일 17시,수요일,경기도 가평군 청평면,중상사고,0,1,0,0,차대사람 - 횡단중,안전운전불이행,포장 - 건조,맑음,단일로 - 기타,이륜,남,45세,상해없음,보행자,여,82세,중상
9722,2018121900100475,2018년 12월 19일 18시,수요일,경기도 평택시 지산동,경상사고,0,0,1,0,차대사람 - 보도통행중,기타,포장 - 건조,맑음,기타 - 기타,이륜,남,19세,상해없음,보행자,남,46세,경상
9723,2018121900100478,2018년 12월 19일 18시,수요일,경기도 평택시 용이동,경상사고,0,0,1,0,차대사람 - 길가장자리구역통행중,안전운전불이행,포장 - 건조,맑음,단일로 - 기타,기타불명,기타불명,미분류,기타불명,보행자,여,46세,경상
9724,2018121900100486,2018년 12월 19일 18시,수요일,경기도 화성시 남양읍,경상사고,0,0,1,0,차대사람 - 기타,안전운전불이행,포장 - 건조,맑음,기타 - 기타,승용,남,74세,상해없음,보행자,남,21세,경상
9725,2018121900100529,2018년 12월 19일 19시,수요일,경기도 평택시 평택동,중상사고,0,1,0,0,차대사람 - 횡단중,보행자보호의무위반,포장 - 건조,맑음,교차로 - 교차로안,승용,여,37세,상해없음,보행자,남,34세,중상
9726,2018121900100535,2018년 12월 19일 19시,수요일,경기도 화성시 우정읍,경상사고,0,0,2,0,차대사람 - 횡단중,안전운전불이행,포장 - 건조,기타,단일로 - 기타,화물,남,60세,상해없음,보행자,여,21세,경상
9727,2018121900100563,2018년 12월 19일 20시,수요일,경기도 화성시 남양읍,경상사고,0,0,1,0,차대사람 - 횡단중,기타,포장 - 건조,맑음,단일로 - 기타,승합,남,66세,상해없음,보행자,남,4세,경상
9728,2018121900100657,2018년 12월 19일 23시,수요일,경기도 의정부시 호원동,중상사고,0,1,0,0,차대사람 - 기타,안전운전불이행,포장 - 건조,맑음,단일로 - 기타,승용,남,33세,상해없음,보행자,남,56세,중상
9729,2018122000100020,2018년 12월 20일 01시,목요일,경기도 성남시 수정구 복정동,중상사고,0,1,0,0,차대사람 - 차도통행중,안전운전불이행,포장 - 건조,맑음,교차로 - 교차로안,승용,남,57세,상해없음,보행자,남,52세,중상
9730,2018122000100021,2018년 12월 20일 01시,목요일,경기도 광주시 오포읍,중상사고,0,1,1,0,차대사람 - 길가장자리구역통행중,안전운전불이행,포장 - 건조,맑음,교차로 - 교차로부근,승용,남,56세,상해없음,보행자,남,36세,경상
9731,2018122000100034,2018년 12월 20일 02시,목요일,경기도 수원시 영통구 영통동,중상사고,0,1,0,0,차대사람 - 횡단중,보행자보호의무위반,포장 - 건조,맑음,단일로 - 기타,승합,남,34세,상해없음,보행자,남,18세,중상
9732,2018122000100051,2018년 12월 20일 04시,목요일,경기도 남양주시 별내동,사망사고,1,0,0,0,차대사람 - 횡단중,안전운전불이행,포장 - 건조,맑음,교차로 - 교차로안,승용,남,38세,상해없음,보행자,남,50세,사망
9733,2018122000100055,2018년 12월 20일 05시,목요일,경기도 평택시 세교동,사망사고,1,0,0,0,차대사람 - 횡단중,과속,포장 - 건조,맑음,교차로 - 교차로안,승용,남,49세,상해없음,보행자,여,76세,사망
9734,2018122000100061,2018년 12월 20일 05시,목요일,경기도 양주시 삼숭동,경상사고,0,0,1,0,차대사람 - 횡단중,보행자보호의무위반,포장 - 젖음/습기,기타,단일로 - 기타,승용,남,48세,상해없음,보행자,남,84세,경상
9735,2018122000100067,2018년 12월 20일 06시,목요일,경기도 성남시 중원구 상대원동,경상사고,0,0,1,0,차대사람 - 차도통행중,안전운전불이행,비포장 - 건조,맑음,단일로 - 기타,승용,남,68세,상해없음,보행자,남,33세,경상
9736,2018122000100085,2018년 12월 20일 06시,목요일,경기도 고양시 덕양구 벽제동,중상사고,0,1,0,0,차대사람 - 횡단중,안전운전불이행,포장 - 건조,맑음,단일로 - 기타,승용,여,70세,상해없음,보행자,남,75세,중상
9737,2018122000100120,2018년 12월 20일 08시,목요일,경기도 성남시 중원구 하대원동,부상신고사고,0,0,0,1,차대사람 - 횡단중,안전운전불이행,포장 - 건조,맑음,단일로 - 기타,승용,남,34세,상해없음,보행자,여,10세,부상신고
9738,2018122000100140,2018년 12월 20일 08시,목요일,경기도 고양시 덕양구 관산동,경상사고,0,0,1,0,차대사람 - 횡단중,신호위반,포장 - 건조,맑음,단일로 - 기타,화물,남,31세,상해없음,보행자,남,13세,경상
9739,2018122000100141,2018년 12월 20일 08시,목요일,경기도 남양주시 화도읍,중상사고,0,1,0,0,차대사람 - 횡단중,안전운전불이행,포장 - 건조,맑음,단일로 - 기타,승용,여,41세,상해없음,보행자,남,10세,중상
9740,2018122000100143,2018년 12월 20일 08시,목요일,경기도 구리시 갈매동,부상신고사고,0,0,0,1,차대사람 - 기타,기타,포장 - 건조,맑음,단일로 - 기타,승용,남,41세,상해없음,보행자,여,8세,부상신고
9741,2018122000100153,2018년 12월 20일 09시,목요일,경기도 성남시 수정구 수진동,경상사고,0,0,1,0,차대사람 - 기타,안전운전불이행,포장 - 건조,맑음,단일로 - 기타,이륜,남,68세,상해없음,보행자,여,23세,경상
9742,2018122000100156,2018년 12월 20일 09시,목요일,경기도 김포시 양촌읍,부상신고사고,0,0,0,1,차대사람 - 기타,안전운전불이행,포장 - 건조,맑음,주차장 - 주차장,승용,남,58세,상해없음,보행자,여,32세,부상신고
9743,2018122000100175,2018년 12월 20일 09시,목요일,경기도 파주시 법원읍,경상사고,0,0,3,0,차대사람 - 기타,안전운전불이행,포장 - 건조,맑음,단일로 - 기타,건설기계,남,53세,상해없음,보행자,여,69세,경상
9744,2018122000100206,2018년 12월 20일 11시,목요일,경기도 의왕시 내손동,경상사고,0,0,1,0,차대사람 - 횡단중,안전운전불이행,포장 - 건조,맑음,단일로 - 기타,승용,여,50세,상해없음,보행자,여,64세,경상
9745,2018122000100254,2018년 12월 20일 13시,목요일,경기도 안산시 상록구 사동,경상사고,0,0,1,0,차대사람 - 길가장자리구역통행중,안전운전불이행,포장 - 건조,맑음,단일로 - 기타,승합,남,46세,상해없음,보행자,남,18세,경상
9746,2018122000100281,2018년 12월 20일 14시,목요일,경기도 용인시 수지구 죽전동,경상사고,0,0,1,0,차대사람 - 횡단중,보행자보호의무위반,포장 - 건조,맑음,교차로 - 교차로안,승용,남,50세,상해없음,보행자,여,42세,경상
9747,2018122000100296,2018년 12월 20일 14시,목요일,경기도 파주시 법원읍,경상사고,0,0,1,0,차대사람 - 횡단중,안전운전불이행,포장 - 건조,맑음,교차로 - 교차로부근,화물,남,45세,상해없음,보행자,남,71세,경상
9748,2018122000100326,2018년 12월 20일 15시,목요일,경기도 파주시 야당동,경상사고,0,0,1,0,차대사람 - 횡단중,보행자보호의무위반,포장 - 건조,맑음,교차로 - 교차로횡단보도내,승용,여,43세,상해없음,보행자,여,9세,경상
9749,2018122000100341,2018년 12월 20일 16시,목요일,경기도 오산시 오산동,경상사고,0,0,1,0,차대사람 - 기타,안전운전불이행,포장 - 건조,맑음,교차로 - 교차로안,승용,여,51세,상해없음,보행자,남,13세,경상
9750,2018122000100342,2018년 12월 20일 16시,목요일,경기도 안산시 단원구 원시동,경상사고,0,0,1,0,차대사람 - 기타,보행자보호의무위반,포장 - 건조,맑음,단일로 - 기타,승용,남,59세,상해없음,보행자,남,46세,경상
9751,2018122000100343,2018년 12월 20일 16시,목요일,경기도 성남시 분당구 백현동,경상사고,0,0,1,0,차대사람 - 기타,신호위반,포장 - 건조,맑음,교차로 - 교차로횡단보도내,기타불명,기타불명,미분류,기타불명,보행자,남,24세,경상
9752,2018122000100362,2018년 12월 20일 16시,목요일,경기도 남양주시 별내면,중상사고,0,1,0,0,차대사람 - 횡단중,보행자보호의무위반,포장 - 건조,맑음,교차로 - 교차로횡단보도내,승용,여,44세,상해없음,보행자,여,9세,중상